Account_ID,Customer_ID,Account_Number,Account_type,Branch_ID,Opening_Date,Balance,Account_Status
ACC0000001,CUST094773,1018399292,"Fixed deposit",BR0723,2024-09-08,4913807.76,Active
ACC0000002,CUST099018,8095118568,Savings,BR0612,2025-02-21,749566.82,Unknown
ACC0000003,CUST092281,8443461015,"Fixed deposit",BR0524,2022-07-31,3925410.93,Active
ACC0000004,CUST052752,2367782382,Current,BR0580,2024-05-02,3615110.60,Active
ACC0000005,CUST037829,7993602887,Current,BR0691,2023-02-12,2422811.53,Unknown
ACC0000006,CUST095670,8924997229,"Recurring deposit",BR0980,2024-09-25,1274740.00,Unknown
ACC0000007,CUST030504,4485651445,"Recurring deposit",BR0904,2024-01-12,1537727.11,Dormant
ACC0000008,CUST058714,6216230329,Current,BR0723,2025-06-25,606018.22,Unknown
ACC0000009,CUST057935,6923195732,Unknown,BR0124,2024-07-12,905933.41,Unknown
ACC0000010,CUST009522,3773336948,"Fixed deposit",BR0045,2024-03-19,2146534.66,Active
ACC0000011,CUST004569,5283361799,Savings,BR0816,2025-05-12,1492117.07,Unknown
ACC0000012,CUST040820,7516110303,Savings,BR0120,2024-08-16,313646.46,Closed
ACC0000013,CUST089401,5562141198,Current,BR0853,2025-07-30,628440.25,Active
ACC0000014,CUST094815,1382823298,Unknown,BR0247,2023-01-23,138359.11,Closed
ACC0000015,CUST001391,7185978615,"Fixed deposit",BR0528,2023-08-30,4595592.55,Closed
ACC0000016,CUST073977,1983936852,"Recurring deposit",BR0364,2025-02-08,1399607.14,Closed
ACC0000017,CUST030241,9191229555,Savings,BR0917,2024-07-24,4134965.57,Active
ACC0000018,CUST000632,6613675610,Current,BR0798,2023-03-19,2236289.66,Active
ACC0000019,CUST080836,3071938443,Savings,BR0053,2023-10-05,4974049.81,Inactive
ACC0000020,CUST015536,9462177171,Savings,BR0015,2024-06-28,3273341.53,Unknown
ACC0000021,CUST018177,2965499963,"Fixed deposit",BR0594,2023-12-09,1426180.85,Active
ACC0000022,CUST062798,1560874002,Unknown,BR0151,2023-02-28,3986080.26,Inactive
ACC0000023,CUST087682,6179658636,Current,BR0951,2024-01-03,0.00,Closed
ACC0000024,CUST053112,5075092890,Current,BR0503,2023-01-22,647988.77,Inactive
ACC0000025,CUST053788,8818478947,Unknown,BR0512,2023-08-16,46376.32,Dormant
ACC0000026,CUST095512,5996792156,Unknown,BR0026,2025-11-18,1336335.85,Closed
ACC0000027,CUST043388,8836255858,Savings,BR0551,2024-12-19,3925039.93,Active
ACC0000028,CUST084628,5335287090,Savings,BR0282,2025-09-22,4139297.22,Active
ACC0000029,CUST063884,6830816644,"Fixed deposit",BR0286,2023-10-08,3759618.88,Closed
ACC0000030,CUST057305,1427749229,Savings,BR0817,2022-09-21,1205751.42,Active
ACC0000031,CUST049302,1753246367,Current,BR0908,2024-02-06,159110.60,Active
ACC0000032,CUST051891,7369691632,"Recurring deposit",BR0025,2024-12-05,241075.23,Inactive
ACC0000033,CUST017327,5489024963,Unknown,BR0262,2023-04-03,1479592.66,Closed
ACC0000034,CUST076139,2669309206,Unknown,BR0598,NULL,994725.90,Unknown
ACC0000035,CUST098818,2366769733,Unknown,BR0080,2025-01-21,471955.05,Unknown
ACC0000036,CUST059511,1483821688,Savings,BR0490,2022-05-27,506329.08,Active
ACC0000037,CUST068348,9601249610,Salary,BR0517,2023-02-12,1720692.14,Closed
ACC0000038,CUST051437,1393862117,Current,BR0229,2023-02-07,3936114.10,Unknown
ACC0000039,CUST052942,4702338397,"Recurring deposit",BR0043,2024-02-27,2941132.22,Dormant
ACC0000040,CUST018592,9306904446,Savings,BR0686,2024-02-03,50607.08,Unknown
ACC0000041,CUST007456,5091195797,"Fixed deposit",BR0077,2025-06-18,3429011.44,Dormant
ACC0000042,CUST083590,7457055125,Savings,BR0269,2022-12-18,124080.08,Inactive
ACC0000043,CUST004003,4193157585,"Fixed deposit",BR0452,2025-04-26,1247161.90,Unknown
ACC0000044,CUST059809,6432276802,Salary,BR0985,2022-11-17,4438152.81,Active
ACC0000045,CUST074351,9731825220,Current,BR0045,2023-03-28,2147754.66,Unknown
ACC0000046,CUST054605,4722397263,Savings,BR0555,2023-01-22,33288.17,Closed
ACC0000047,CUST042792,6654815975,Savings,BR0950,2022-04-04,2893551.15,Active
ACC0000048,CUST020223,6877150555,Salary,BR0210,2024-02-09,179353.77,Active
ACC0000049,CUST068358,9263046021,"Recurring deposit",BR0703,2023-02-02,3773572.84,Unknown
ACC0000050,CUST085643,3659684654,Savings,BR0873,2025-06-02,3671246.69,Closed
ACC0000051,CUST058037,4131504214,"Recurring deposit",BR0619,2025-05-01,4432326.69,Active
ACC0000052,CUST018018,2259116204,Unknown,BR0196,2025-03-11,3757744.35,Active
ACC0000053,CUST059659,3167894857,"Fixed deposit",BR0810,2025-10-16,1091440.91,Closed
ACC0000054,CUST099226,1570507459,"Recurring deposit",BR0211,2022-06-08,750965.94,Unknown
ACC0000055,CUST064728,3956584133,Unknown,BR0036,2025-03-11,3965322.77,Closed
ACC0000056,CUST017582,2290100412,Salary,BR0021,2022-08-16,4840725.29,Active
ACC0000057,CUST022110,1627734866,Current,BR0940,2025-11-19,3635495.59,Unknown
ACC0000058,CUST088536,6857541072,"Recurring deposit",BR0408,2022-01-27,3514220.69,Active
ACC0000059,CUST040390,1185381726,Salary,BR0197,2024-04-17,1039807.09,Dormant
ACC0000060,CUST056946,4320004118,Unknown,BR0938,2022-05-17,470104.31,Dormant
ACC0000061,CUST077067,1252971503,Unknown,BR0537,2024-10-26,2359732.35,Unknown
ACC0000062,CUST004219,2077905784,Salary,BR0784,2024-12-20,4446680.61,Unknown
ACC0000063,CUST017314,2945608070,"Fixed deposit",BR0350,2024-11-23,3544860.46,Active
ACC0000064,CUST042781,4130046409,Current,BR0572,2022-03-17,2817466.35,Active
ACC0000065,CUST069411,3962374015,Salary,BR0650,2023-12-26,1657790.59,Closed
ACC0000066,CUST027718,5660642465,Unknown,BR0314,NULL,0.00,Active
ACC0000067,CUST095636,5636067937,Savings,BR0955,2025-03-11,4159756.10,Dormant
ACC0000068,CUST004656,7097822416,Current,BR0587,2024-08-29,1298386.40,Active
ACC0000069,CUST018383,8951280236,"Recurring deposit",BR0050,2024-03-05,2544176.43,Unknown
ACC0000070,CUST053967,3900526568,Unknown,BR0948,2025-03-19,194392.71,Closed
ACC0000071,CUST019370,5212184357,Savings,BR0118,2024-03-03,4507678.51,Active
ACC0000072,CUST099979,5331628122,Current,BR0248,2024-11-10,2954848.02,Active
ACC0000073,CUST062799,1799109364,Savings,BR0427,2023-11-05,4537430.22,Dormant
ACC0000074,CUST098103,7589919177,"Fixed deposit",BR0625,2025-08-13,4202232.27,Unknown
ACC0000075,CUST027913,9072627436,Savings,BR0131,2024-10-11,1803056.41,Inactive
ACC0000076,CUST069167,6891875396,Salary,BR0818,2022-08-09,1330648.02,Inactive
ACC0000077,CUST028443,2138846463,"Recurring deposit",BR0930,2022-06-08,0.00,Unknown
ACC0000078,CUST083127,7318838917,Unknown,BR0134,2025-01-03,2249564.11,Dormant
ACC0000079,CUST015950,3095070321,"Recurring deposit",BR0311,2022-06-14,678903.98,Unknown
ACC0000080,CUST055134,1909429564,"Fixed deposit",BR0996,2022-05-05,2391829.05,Unknown
ACC0000081,CUST052602,9953155039,Salary,BR0681,2025-04-26,1730872.06,Unknown
ACC0000082,CUST034186,9983325273,Current,BR0348,2023-01-24,4005470.04,Inactive
ACC0000083,CUST049677,6192466774,"Recurring deposit",BR0274,NULL,3024762.31,Closed
ACC0000084,CUST070659,8434523135,Salary,BR0988,2025-11-21,4538043.47,Closed
ACC0000085,CUST027286,8534473598,Current,BR0191,2024-10-04,2114306.78,Dormant
ACC0000086,CUST024507,4878444747,"Fixed deposit",BR0491,2023-06-08,330992.95,Closed
ACC0000087,CUST070600,7417047798,Current,BR0782,2025-09-29,2315760.83,Inactive
ACC0000088,CUST057015,3356900168,"Fixed deposit",BR0097,2022-10-30,1954722.02,Active
ACC0000089,CUST077444,3844787749,Current,BR0068,2023-12-19,3667146.75,Inactive
ACC0000090,CUST011666,4970454236,Salary,BR0821,2025-09-28,1952201.99,Dormant
ACC0000091,CUST058607,9068609878,"Fixed deposit",BR0433,2025-05-19,4478195.29,Active
ACC0000092,CUST001944,5716361889,Savings,BR0612,2024-03-30,2500040.96,Closed
ACC0000093,CUST027555,1450674968,"Fixed deposit",BR0424,2025-04-26,4623162.14,Dormant
ACC0000094,CUST038956,5771657162,Current,BR0172,2023-08-16,2345269.37,Dormant
ACC0000095,CUST056802,8123134352,Salary,BR0705,2025-04-30,86406.33,Active
ACC0000096,CUST046125,3932297100,Salary,BR0589,2023-09-06,3012644.19,Unknown
ACC0000097,CUST026008,2330983654,Unknown,BR0526,2024-10-19,3505225.32,Active
ACC0000098,CUST058931,3673228227,"Recurring deposit",BR0912,2022-12-04,934571.99,Unknown
ACC0000099,CUST064306,4638744932,Current,BR0063,2024-10-09,4753142.88,Unknown
ACC0000100,CUST026773,2682304927,Unknown,BR0104,2023-06-08,867029.51,Active
ACC0000101,CUST017047,1723143211,Savings,BR0614,2024-01-17,1891463.11,Active
ACC0000102,CUST061993,1048962078,"Fixed deposit",BR0024,2025-11-17,1250635.64,Active
ACC0000103,CUST051815,3133805729,"Fixed deposit",BR0969,2023-10-22,3530811.19,Closed
ACC0000104,CUST081642,5771264733,Unknown,BR0968,2022-03-19,3657554.45,Closed
ACC0000105,CUST007904,3748395548,Salary,BR0442,2025-10-27,1559101.73,Dormant
ACC0000106,CUST020067,3326418579,"Fixed deposit",BR0820,2024-10-22,2584547.07,Inactive
ACC0000107,CUST054990,6655331741,Salary,BR0373,2025-08-24,2837431.00,Active
ACC0000108,CUST060485,2829759619,Unknown,BR0083,2022-03-07,574120.81,Active
ACC0000109,CUST013249,2102019508,Current,BR0798,2022-08-31,0.00,Closed
ACC0000110,CUST050821,2510622682,"Fixed deposit",BR0507,2024-06-26,657806.06,Unknown
ACC0000111,CUST081519,3588503056,"Recurring deposit",BR0225,2023-02-22,1693362.31,Unknown
ACC0000112,CUST070311,7095588528,"Fixed deposit",BR0987,2025-12-11,1242832.50,Dormant
ACC0000113,CUST089017,9098723311,Salary,BR0425,2025-08-19,987106.14,Inactive
ACC0000114,CUST027938,5877227897,"Fixed deposit",BR0364,2024-09-14,4597704.20,Inactive
ACC0000115,CUST052490,7868695343,"Fixed deposit",BR0206,2025-04-02,0.00,Dormant
ACC0000116,CUST038354,1414524033,Unknown,BR0989,2024-01-19,1492150.11,Closed
ACC0000117,CUST086319,1613988842,Salary,BR0599,2025-12-24,3888574.70,Dormant
ACC0000118,CUST017770,3126372942,Salary,BR0510,2025-06-08,4595081.96,Unknown
ACC0000119,CUST054870,9520023832,Savings,BR0059,2023-11-19,298816.76,Closed
ACC0000120,CUST027169,1071209375,Salary,BR0009,2025-03-08,2973742.04,Unknown
ACC0000121,CUST015385,8466234446,Current,BR0851,2023-12-23,659696.63,Unknown
ACC0000122,CUST013093,6093946877,Unknown,BR0174,2024-10-09,537922.34,Closed
ACC0000123,CUST076760,9870522085,Current,BR0400,2025-04-17,3742752.22,Dormant
ACC0000124,CUST006100,8642518860,Current,BR0463,2023-01-05,78572.73,Unknown
ACC0000125,CUST063221,8546968722,"Fixed deposit",BR0490,2022-10-25,644229.56,Unknown
ACC0000126,CUST060061,3678117319,"Fixed deposit",BR0568,2024-06-26,2012530.27,Closed
ACC0000127,CUST051306,6596358185,Savings,BR0700,2025-08-11,4195055.89,Inactive
ACC0000128,CUST044891,3162794510,Current,BR0360,2022-09-24,251206.96,Dormant
ACC0000129,CUST053722,8816020377,Unknown,BR0469,2022-08-24,1477669.19,Active
ACC0000130,CUST030817,1626282523,Current,BR0358,2023-05-21,1636556.70,Unknown
ACC0000131,CUST083538,3289065242,Unknown,BR0095,2022-12-29,957459.96,Unknown
ACC0000132,CUST086392,9603517298,Current,BR0971,2022-05-13,2737805.30,Unknown
ACC0000133,CUST034002,8419949341,"Fixed deposit",BR0528,2025-02-22,692289.12,Unknown
ACC0000134,CUST088917,9738396131,Savings,BR0091,2024-05-23,4130534.09,Active
ACC0000135,CUST088828,3682567433,Current,BR0025,2025-12-07,3562477.01,Dormant
ACC0000136,CUST013794,5820526576,Current,BR0728,2024-09-16,1041121.77,Unknown
ACC0000137,CUST005192,1482310614,Savings,BR0538,2025-05-13,4890780.72,Dormant
ACC0000138,CUST012388,5765015990,Current,BR0662,2023-08-20,4820133.16,Dormant
ACC0000139,CUST051162,1042678953,"Recurring deposit",BR0367,2022-01-29,4421072.02,Active
ACC0000140,CUST045585,2623202046,"Recurring deposit",BR0673,2022-05-06,3087263.95,Inactive
ACC0000141,CUST010117,2150954287,Savings,BR0217,2025-01-12,44867.59,Dormant
ACC0000142,CUST018146,9882237720,Salary,BR0480,2022-08-14,2417661.41,Active
ACC0000143,CUST026985,7670479774,Unknown,BR0162,2025-07-20,2384612.45,Active
ACC0000144,CUST007859,4299130270,"Fixed deposit",BR0497,2024-11-03,760922.73,Dormant
ACC0000145,CUST096743,6266954808,"Fixed deposit",BR0427,2022-02-10,1699925.41,Inactive
ACC0000146,CUST090682,9386772210,Salary,BR0860,2025-02-07,331424.35,Unknown
ACC0000147,CUST000914,2232634028,Savings,BR0112,2024-09-11,2481050.91,Active
ACC0000148,CUST065488,6614747006,Current,BR0905,2022-10-10,1104427.04,Unknown
ACC0000149,CUST056662,6939741831,Current,BR0348,2022-02-17,503054.24,Inactive
ACC0000150,CUST061457,4294035598,Current,BR0051,2024-08-13,4345502.20,Closed
ACC0000151,CUST079875,9017746797,Savings,BR0429,2024-10-03,505183.30,Unknown
ACC0000152,CUST002191,8319209737,Savings,BR0094,2025-10-20,30970.85,Inactive
ACC0000153,CUST020329,8968778168,Savings,BR0603,2022-07-09,1742192.61,Dormant
ACC0000154,CUST022196,1235153177,Savings,BR0619,2022-01-15,1583755.08,Inactive
ACC0000155,CUST091288,9444484261,Salary,BR0861,2023-06-18,1378028.57,Unknown
ACC0000156,CUST073443,8810750318,Savings,BR0129,2022-02-08,2440085.39,Active
ACC0000157,CUST072045,5305398193,"Recurring deposit",BR0152,2022-12-25,3993221.88,Active
ACC0000158,CUST047204,5886854905,Unknown,BR0641,2023-11-21,4138140.67,Unknown
ACC0000159,CUST029480,8625285227,"Recurring deposit",BR0841,2023-09-24,1822929.83,Inactive
ACC0000160,CUST099858,4731272693,Salary,BR0406,2025-06-17,4442411.56,Active
ACC0000161,CUST078421,3305382954,"Fixed deposit",BR0252,2022-03-21,1282923.64,Active
ACC0000162,CUST079546,3874466454,Current,BR0120,2025-01-31,126212.60,Active
ACC0000163,CUST099601,4227368250,Unknown,BR0363,2023-01-26,627794.76,Dormant
ACC0000164,CUST052505,4118602131,Salary,BR0478,2025-05-28,2275330.48,Unknown
ACC0000165,CUST056143,8185969855,Unknown,BR0217,2023-05-31,692496.69,Unknown
ACC0000166,CUST018542,8117519333,Savings,BR0868,2022-11-21,186160.93,Dormant
ACC0000167,CUST011861,2737846671,Savings,BR0234,NULL,2321770.89,Active
ACC0000168,CUST067905,9525447256,Savings,BR0866,2025-10-25,1134095.95,Unknown
ACC0000169,CUST052995,7367842524,Current,BR0901,2024-03-17,1174015.82,Active
ACC0000170,CUST075350,2464211252,Unknown,BR0098,2022-12-12,1695881.60,Dormant
ACC0000171,CUST002873,5842201773,Current,BR0977,2022-12-05,1561722.45,Inactive
ACC0000172,CUST004811,7727847971,Current,BR0822,2023-03-22,192382.51,Closed
ACC0000173,CUST058550,4539073914,Current,BR0682,2024-08-31,2500993.82,Unknown
ACC0000174,CUST080883,9090018004,Savings,BR0412,2022-12-03,2376644.72,Unknown
ACC0000175,CUST014339,5547034534,Current,BR0533,2023-04-10,510100.51,Active
ACC0000176,CUST073142,8669605682,Savings,BR0166,2024-03-29,4664904.77,Unknown
ACC0000177,CUST093980,8892337119,"Recurring deposit",BR0167,2023-10-03,955722.21,Active
ACC0000178,CUST056338,1985180115,Savings,BR0362,2022-07-18,3951263.02,Inactive
ACC0000179,CUST035317,5377150466,"Recurring deposit",BR0482,2023-02-02,3050482.89,Unknown
ACC0000180,CUST044977,2142915314,Salary,BR0237,2023-01-15,401661.90,Closed
ACC0000181,CUST046634,7319082894,Current,BR0541,2023-11-05,2737667.35,Dormant
ACC0000182,CUST076123,6684430804,"Recurring deposit",BR0844,2023-09-13,2353120.47,Unknown
ACC0000183,CUST029620,1913894770,Unknown,BR0488,2024-07-08,2219809.04,Inactive
ACC0000184,CUST059196,7261684880,Current,BR0593,2025-10-19,4207765.97,Inactive
ACC0000185,CUST050886,4063719637,Salary,BR0135,2022-03-26,41910.49,Unknown
ACC0000186,CUST016291,7551870319,Savings,BR0545,2024-01-28,2241256.74,Dormant
ACC0000187,CUST026790,2801007664,"Fixed deposit",BR0526,2024-10-21,4807436.88,Active
ACC0000188,CUST016908,9656828418,Unknown,BR0207,2025-01-18,0.00,Inactive
ACC0000189,CUST015929,8568742277,Savings,BR0355,2024-04-09,1778404.76,Inactive
ACC0000190,CUST009290,4895291558,"Recurring deposit",BR0465,2025-08-16,1982524.55,Closed
ACC0000191,CUST008125,6126878305,Savings,BR0522,2022-06-12,4139951.77,Active
ACC0000192,CUST076660,4804300215,"Recurring deposit",BR0213,2025-02-02,2576626.73,Dormant
ACC0000193,CUST005211,4113379248,Current,BR0138,2025-05-16,1205504.18,Dormant
ACC0000194,CUST098415,5933253251,"Recurring deposit",BR0100,2023-08-30,3115999.11,Closed
ACC0000195,CUST087156,6583620894,Salary,BR0516,2024-11-14,4609392.36,Dormant
ACC0000196,CUST036914,4751675852,Salary,BR0081,2023-01-26,3136486.72,Closed
ACC0000197,CUST068469,5229163783,Current,BR0815,2025-12-29,349502.29,Closed
ACC0000198,CUST080799,5991749599,Savings,BR0940,2023-11-12,2723267.19,Active
ACC0000199,CUST043165,6645687167,"Fixed deposit",BR0841,2023-01-15,4234061.37,Unknown
ACC0000200,CUST065099,1091221460,Salary,BR0869,2024-08-22,1914261.12,Unknown
ACC0000201,CUST054291,7683413496,Savings,BR0522,2024-05-18,3315881.74,Active
ACC0000202,CUST040039,6072379276,Salary,BR0997,2023-03-02,4663637.77,Active
ACC0000203,CUST046282,9959826444,Savings,BR0333,2024-07-01,2602102.55,Active
ACC0000204,CUST085650,6012089721,Current,BR0768,2023-03-02,3897508.79,Active
ACC0000205,CUST040319,1311740831,"Fixed deposit",BR0821,2023-02-25,1660326.25,Inactive
ACC0000206,CUST000558,7043606781,Current,BR0740,2023-03-24,3843396.55,Unknown
ACC0000207,CUST090715,7048490771,"Recurring deposit",BR0472,2024-06-02,1462481.62,Active
ACC0000208,CUST043466,8340594995,Salary,BR0398,2023-11-24,2569324.12,Active
ACC0000209,CUST047683,5048530567,Current,BR0845,2024-06-17,2053817.52,Inactive
ACC0000210,CUST091746,6145551126,"Fixed deposit",BR0564,2024-01-07,3401930.47,Closed
ACC0000211,CUST048095,3818083590,Salary,BR0407,2025-01-31,3320132.51,Active
ACC0000212,CUST059270,2506864772,Unknown,BR0156,2022-01-07,3288821.68,Dormant
ACC0000213,CUST046547,4116174658,Unknown,BR0536,2022-03-10,527488.75,Unknown
ACC0000214,CUST054148,7116045149,"Recurring deposit",BR0193,2023-08-16,2046330.02,Dormant
ACC0000215,CUST071299,1045624381,Current,BR0272,2022-07-30,2741541.46,Closed
ACC0000216,CUST032735,1255446255,Savings,BR0622,2025-05-02,979627.04,Inactive
ACC0000217,CUST022206,9862305835,"Recurring deposit",BR0133,2024-10-07,3781036.74,Dormant
ACC0000218,CUST015534,7026099193,Savings,BR0163,2022-12-17,825438.04,Active
ACC0000219,CUST043290,5795610347,"Recurring deposit",BR0850,2024-07-06,1586469.83,Active
ACC0000220,CUST079793,3298635857,Current,BR0395,2022-11-05,4219178.97,Unknown
ACC0000221,CUST065735,4789192007,"Fixed deposit",BR0811,2023-03-12,255655.44,Unknown
ACC0000222,CUST016995,7133685742,Current,BR0193,2025-01-29,2613833.37,Active
ACC0000223,CUST062892,1554157983,Unknown,BR0547,2024-09-23,4979841.66,Inactive
ACC0000224,CUST043788,9429083093,Current,BR0439,2025-08-23,3157914.87,Inactive
ACC0000225,CUST099276,4509489396,Unknown,BR0937,2024-12-08,2091672.47,Active
ACC0000226,CUST008157,7742115169,"Recurring deposit",BR0376,2024-09-20,3638793.00,Active
ACC0000227,CUST096921,7978388627,"Fixed deposit",BR0594,2022-08-11,110679.41,Dormant
ACC0000228,CUST097898,1648408154,Current,BR0211,2023-11-12,2123582.84,Unknown
ACC0000229,CUST038682,1968685838,"Fixed deposit",BR0757,2023-02-12,1485843.93,Unknown
ACC0000230,CUST093344,7256910514,"Recurring deposit",BR0260,2024-03-06,3333177.21,Active
ACC0000231,CUST036902,4041092380,Salary,BR0026,2024-07-02,3640890.51,Closed
ACC0000232,CUST086189,6165193331,Savings,BR0894,2024-01-14,4348044.46,Closed
ACC0000233,CUST036552,9194842730,Savings,BR0647,2023-12-27,1951026.44,Inactive
ACC0000234,CUST082046,6972039245,Current,BR0136,2023-03-19,1319487.74,Active
ACC0000235,CUST086297,3413212633,Current,BR0792,2022-01-16,3311327.69,Unknown
ACC0000236,CUST044883,6194177304,Savings,BR0020,2025-07-13,508656.83,Active
ACC0000237,CUST037288,4709004661,Current,BR0607,2024-08-03,2143548.04,Unknown
ACC0000238,CUST001451,2708930546,Current,BR0447,2023-04-14,3635833.89,Active
ACC0000239,CUST025240,2403326688,"Fixed deposit",BR0988,2024-10-12,836523.05,Dormant
ACC0000240,CUST029898,8833854368,Savings,BR0395,2022-02-07,142849.52,Closed
ACC0000241,CUST085557,3068837944,Current,BR0622,2023-12-09,0.00,Inactive
ACC0000242,CUST026113,9694598096,"Recurring deposit",BR0323,2023-10-02,2904888.80,Active
ACC0000243,CUST034035,2200182467,Current,BR0160,2022-09-27,4512779.61,Unknown
ACC0000244,CUST073778,7950541249,Current,BR0133,2025-04-04,1016378.83,Dormant
ACC0000245,CUST037559,5305984892,Savings,BR0564,2023-05-21,4254589.81,Unknown
ACC0000246,CUST065264,6601420599,Current,BR0448,2024-09-27,138243.70,Unknown
ACC0000247,CUST091225,9088390066,Unknown,BR0780,2025-05-29,2673885.49,Unknown
ACC0000248,CUST036771,6002998344,Unknown,BR0804,2025-06-14,1645202.60,Inactive
ACC0000249,CUST077484,4625874572,Savings,BR0153,2023-10-06,3922754.10,Inactive
ACC0000250,CUST073759,1355596202,"Recurring deposit",BR0372,2022-11-04,1377463.18,Closed
ACC0000251,CUST000833,3645215684,Savings,BR0980,2024-10-29,2652625.96,Active
ACC0000252,CUST064651,7264709502,"Fixed deposit",BR0974,2024-07-24,4363748.83,Unknown
ACC0000253,CUST084415,9416273465,Salary,BR0864,2024-02-25,392675.81,Active
ACC0000254,CUST030739,8382672435,Savings,BR0965,2024-11-18,811732.50,Closed
ACC0000255,CUST088975,9404225951,Unknown,BR0480,2023-05-15,1560085.41,Active
ACC0000256,CUST016039,1572198117,Current,BR0682,2023-02-25,3681846.68,Closed
ACC0000257,CUST025591,5011568614,"Recurring deposit",BR0169,2022-06-05,1693738.05,Active
ACC0000258,CUST059506,1472040062,Unknown,BR0490,2024-05-24,3595044.55,Dormant
ACC0000259,CUST027461,2429177944,"Fixed deposit",BR0080,2022-07-01,1384934.86,Active
ACC0000260,CUST078490,2063223833,Current,BR0321,2024-10-31,4381405.70,Dormant
ACC0000261,CUST089901,7235489385,"Fixed deposit",BR0591,2023-09-12,2896427.24,Inactive
ACC0000262,CUST061674,6203597979,"Fixed deposit",BR0113,2023-09-09,4512189.34,Dormant
ACC0000263,CUST058271,7144440624,"Fixed deposit",BR0571,NULL,4237312.10,Closed
ACC0000264,CUST000500,2165754660,"Fixed deposit",BR0897,2024-11-27,3092479.57,Inactive
ACC0000265,CUST057348,2216611262,Unknown,BR0121,2023-08-03,3958301.69,Dormant
ACC0000266,CUST046696,7211441030,"Fixed deposit",BR0603,2024-03-28,980877.57,Active
ACC0000267,CUST076540,1908279913,Savings,BR0913,2025-03-10,1699704.15,Dormant
ACC0000268,CUST093592,1444968811,Salary,BR0129,2022-07-18,2336876.20,Inactive
ACC0000269,CUST016742,2736750399,Salary,BR0354,2022-12-29,4374051.76,Unknown
ACC0000270,CUST028102,2177855921,Savings,BR0066,2025-05-05,1131946.23,Closed
ACC0000271,CUST003749,7231337645,Current,BR0040,2023-05-08,1726273.87,Active
ACC0000272,CUST079368,6795123122,Savings,BR0318,2022-12-20,3142786.55,Active
ACC0000273,CUST042825,9613812766,Current,BR0131,2022-07-13,1508058.17,Closed
ACC0000274,CUST024292,7068632623,Current,BR0922,2023-05-08,587208.54,Dormant
ACC0000275,CUST004719,6400745816,Savings,BR0690,2024-10-03,3946287.23,Unknown
ACC0000276,CUST069397,8980398697,Savings,BR0357,2024-08-21,2164862.66,Active
ACC0000277,CUST038793,3408680909,Current,BR0424,2024-01-05,2610433.56,Active
ACC0000278,CUST014191,5145329085,Unknown,BR0046,2025-06-02,562220.47,Active
ACC0000279,CUST015192,7230600042,"Fixed deposit",BR0478,2022-06-19,2453604.16,Inactive
ACC0000280,CUST081397,9550460384,Current,BR0542,2024-09-23,496017.10,Dormant
ACC0000281,CUST073780,9281057076,Unknown,BR0725,2023-06-12,795760.76,Active
ACC0000282,CUST027178,1678047917,Unknown,BR0717,2023-05-05,1819326.42,Active
ACC0000283,CUST080342,1684959033,"Recurring deposit",BR0342,2025-12-30,2845494.28,Active
ACC0000284,CUST025185,9146457992,"Recurring deposit",BR0277,2023-10-22,2430948.44,Closed
ACC0000285,CUST089538,7134450342,"Fixed deposit",BR0529,2023-07-12,1202692.73,Active
ACC0000286,CUST060410,8894146204,Savings,BR0235,2022-06-14,1406731.13,Inactive
ACC0000287,CUST056066,2535833364,Savings,BR0804,NULL,1265558.24,Dormant
ACC0000288,CUST043133,6887896538,Unknown,BR0999,2024-05-12,4680323.23,Closed
ACC0000289,CUST093593,2792084726,Savings,BR0552,2025-04-14,2653100.98,Unknown
ACC0000290,CUST088840,2378547206,Current,BR0002,2025-04-03,3490469.37,Unknown
ACC0000291,CUST018623,3977576510,"Fixed deposit",BR0251,2022-10-02,2408076.20,Unknown
ACC0000292,CUST012091,3714240478,"Fixed deposit",BR0435,2025-11-07,2319443.39,Dormant
ACC0000293,CUST028107,1649865793,"Recurring deposit",BR0086,2023-08-22,4507284.99,Active
ACC0000294,CUST074503,2037193622,Unknown,BR0483,2025-04-22,2068038.99,Unknown
ACC0000295,CUST098246,9876723987,Savings,BR0123,2025-07-28,3101528.34,Active
ACC0000296,CUST006947,3683569942,Current,BR0889,2022-05-22,3021205.94,Dormant
ACC0000297,CUST032412,9824210634,Salary,BR0752,2023-08-21,4965189.30,Inactive
ACC0000298,CUST061044,9191729518,Current,BR0505,2024-06-04,2505729.90,Unknown
ACC0000299,CUST038303,4076310902,Savings,BR0652,2022-04-07,3396659.78,Active
ACC0000300,CUST016091,8478344785,Savings,BR0628,2022-10-27,1595693.27,Inactive
ACC0000301,CUST028708,6747496548,Salary,BR0148,2024-01-01,2761832.45,Inactive
ACC0000302,CUST090494,2495486577,Current,BR0723,2022-12-08,2199327.98,Inactive
ACC0000303,CUST053734,2649918216,Unknown,BR0609,2025-05-21,4314450.78,Unknown
ACC0000304,CUST047227,1521286140,Current,BR0973,2022-10-23,2117762.23,Closed
ACC0000305,CUST074099,6243849231,"Recurring deposit",BR0069,2022-01-17,4214772.72,Unknown
ACC0000306,CUST038966,1190714437,Savings,BR0908,2022-02-07,1079861.01,Active
ACC0000307,CUST073025,4428103125,"Fixed deposit",BR0105,2022-03-20,399068.88,Dormant
ACC0000308,CUST099108,9202343518,Current,BR0407,2023-07-23,3903527.48,Active
ACC0000309,CUST079645,9743960784,"Fixed deposit",BR0459,2024-12-08,4331290.07,Dormant
ACC0000310,CUST088612,4878428064,"Fixed deposit",BR0045,2024-11-17,289114.13,Closed
ACC0000311,CUST046186,7441572987,"Fixed deposit",BR0970,2024-02-01,1846086.02,Active
ACC0000312,CUST054078,9106732703,Salary,BR0889,2022-08-07,1826270.83,Unknown
ACC0000313,CUST086473,9975904820,Savings,BR0288,2023-05-15,415717.90,Unknown
ACC0000314,CUST086911,9942492709,Unknown,BR0568,2022-02-16,258884.91,Unknown
ACC0000315,CUST075172,7063027625,Current,BR0416,2025-12-01,0.00,Dormant
ACC0000316,CUST013335,6267082817,"Recurring deposit",BR0385,2022-07-27,594642.79,Unknown
ACC0000317,CUST035366,3810184698,Savings,BR0752,2022-10-26,2063479.82,Dormant
ACC0000318,CUST087246,3567936402,Current,BR0396,2024-06-10,1818203.95,Unknown
ACC0000319,CUST060450,2722882233,Savings,BR0546,2022-04-08,544323.26,Dormant
ACC0000320,CUST088730,1481774382,Unknown,BR0604,2025-09-14,4623990.47,Unknown
ACC0000321,CUST099793,8381790762,"Recurring deposit",BR0871,2022-05-12,4828628.90,Inactive
ACC0000322,CUST043013,8738759941,Salary,BR0316,2025-01-06,2914940.01,Dormant
ACC0000323,CUST077510,8937560095,Savings,BR0957,2024-11-15,2174389.28,Inactive
ACC0000324,CUST067428,8441059731,Savings,BR0172,2024-06-03,4103159.39,Inactive
ACC0000325,CUST059715,9006848577,Current,BR0262,2022-05-17,3728904.44,Dormant
ACC0000326,CUST092413,3523159256,"Recurring deposit",BR0566,2023-06-16,1362588.32,Inactive
ACC0000327,CUST031565,6108291943,"Fixed deposit",BR0918,2022-08-13,1092007.75,Inactive
ACC0000328,CUST007149,9378532829,Current,BR0532,2022-11-21,2363161.25,Active
ACC0000329,CUST045241,7638936448,Savings,BR0302,2022-10-24,2795462.99,Unknown
ACC0000330,CUST058844,7449653944,Savings,BR0750,2024-08-18,1704737.17,Closed
ACC0000331,CUST025326,3993373862,Unknown,BR0058,2023-07-15,1837829.40,Active
ACC0000332,CUST090905,8474573005,Savings,BR0164,2023-03-07,2834973.60,Active
ACC0000333,CUST026410,6165696474,Savings,BR0139,2024-02-23,2541630.38,Unknown
ACC0000334,CUST072673,3499776238,"Recurring deposit",BR0250,2022-01-12,1782229.17,Closed
ACC0000335,CUST076535,3665927859,Salary,BR0950,2022-06-12,3239513.52,Unknown
ACC0000336,CUST069642,2567957141,Unknown,BR0366,NULL,303200.28,Unknown
ACC0000337,CUST045002,5820637468,Savings,BR0672,2022-12-05,4612997.58,Unknown
ACC0000338,CUST032617,1351242822,Current,BR0733,2023-02-14,2973428.06,Active
ACC0000339,CUST068692,2525756089,Unknown,BR0034,2022-06-12,1282088.11,Dormant
ACC0000340,CUST054733,9415119631,Unknown,BR0576,2022-10-31,4807263.85,Active
ACC0000341,CUST046734,6747332752,Savings,BR0759,2023-08-29,548533.54,Unknown
ACC0000342,CUST012228,1104651164,Savings,BR0435,2025-03-28,1751110.32,Active
ACC0000343,CUST007798,6557101451,Salary,BR0906,2024-05-03,0.00,Closed
ACC0000344,CUST029883,9623666027,Savings,BR0576,2025-11-05,183868.55,Inactive
ACC0000345,CUST086185,5985109788,Current,BR0571,2023-04-23,481013.38,Inactive
ACC0000346,CUST014534,5633128315,"Fixed deposit",BR0196,2023-06-21,2751682.09,Active
ACC0000347,CUST050249,2932949157,Current,BR0466,2025-09-18,0.00,Unknown
ACC0000348,CUST015146,3370711087,Savings,BR0067,2022-10-21,3909323.63,Inactive
ACC0000349,CUST060563,7879819181,Salary,BR0678,2022-01-07,3640032.18,Inactive
ACC0000350,CUST012155,9162232687,Unknown,BR0582,2024-09-13,2920209.41,Inactive
ACC0000351,CUST095714,4900252606,Savings,BR0970,2025-07-16,2928402.66,Active
ACC0000352,CUST004300,7016068247,Savings,BR0904,2025-05-30,4197988.15,Unknown
ACC0000353,CUST066168,1672099733,"Recurring deposit",BR0583,2025-02-16,2730763.91,Unknown
ACC0000354,CUST075234,2087676405,Savings,BR0758,2025-05-31,4005988.87,Active
ACC0000355,CUST084311,1399365173,Current,BR0979,2024-09-16,2155276.93,Unknown
ACC0000356,CUST035047,7566723569,Unknown,BR0613,2023-08-11,1251825.30,Unknown
ACC0000357,CUST000114,3993550656,"Recurring deposit",BR0518,2022-04-17,4034575.86,Unknown
ACC0000358,CUST020419,8282472274,"Fixed deposit",BR0305,2024-07-08,4471453.67,Active
ACC0000359,CUST074373,6384785642,Savings,BR0908,2022-08-22,3021780.25,Unknown
ACC0000360,CUST053718,5849527637,"Recurring deposit",BR0149,2023-05-12,4547140.97,Dormant
ACC0000361,CUST097368,4066918084,"Fixed deposit",BR0631,2025-12-13,705980.26,Active
ACC0000362,CUST025159,5570370956,Unknown,BR0509,2022-09-20,3743629.81,Active
ACC0000363,CUST098358,9027027489,Current,BR0767,2023-09-25,2972344.96,Unknown
ACC0000364,CUST010361,1953965855,Current,BR0193,2025-10-23,3007387.25,Unknown
ACC0000365,CUST036666,9566464840,Savings,BR0207,2025-01-23,1954516.44,Active
ACC0000366,CUST061617,4782178333,Savings,BR0818,2025-12-02,1703399.06,Unknown
ACC0000367,CUST092584,7564939765,Unknown,BR0114,2022-09-04,1963650.24,Closed
ACC0000368,CUST043621,2886928274,Current,BR0575,NULL,3348024.25,Unknown
ACC0000369,CUST001671,8143908883,Current,BR0485,2025-05-08,4079310.93,Active
ACC0000370,CUST026776,2299610776,Savings,BR0774,2025-01-12,739670.04,Unknown
ACC0000371,CUST061563,7697086309,Savings,BR0689,2024-11-10,3917810.71,Closed
ACC0000372,CUST040099,9934387763,Unknown,BR0592,2023-11-29,2218388.44,Active
ACC0000373,CUST037338,7887172024,Salary,BR0950,2025-06-09,1916152.84,Closed
ACC0000374,CUST008122,3557785284,Savings,BR0939,2022-09-24,4750507.63,Active
ACC0000375,CUST050386,7695676099,Salary,BR0224,2024-06-05,989875.01,Closed
ACC0000376,CUST005316,3615098836,Unknown,BR0968,2023-06-29,2015038.86,Inactive
ACC0000377,CUST046241,3042442377,Savings,BR0115,2023-08-19,3881631.45,Unknown
ACC0000378,CUST073167,7841352475,Current,BR0811,2022-02-22,1426958.08,Active
ACC0000379,CUST081675,4314616534,Unknown,BR0193,2023-11-17,3850586.15,Active
ACC0000380,CUST056130,6933086615,Salary,BR0333,NULL,4348213.17,Inactive
ACC0000381,CUST089924,9768394505,Unknown,BR0009,2023-10-16,2589711.47,Closed
ACC0000382,CUST008072,5438684781,Unknown,BR0777,2023-03-29,3210271.60,Dormant
ACC0000383,CUST034050,3859717047,Current,BR0554,2024-11-13,837298.36,Inactive
ACC0000384,CUST087164,1292984151,Savings,BR0622,2024-04-12,4525392.13,Active
ACC0000385,CUST068018,3769393977,Savings,BR0650,2022-06-13,749302.27,Dormant
ACC0000386,CUST047074,6174885814,Salary,BR0335,2022-07-15,2447242.30,Inactive
ACC0000387,CUST040544,5531020339,Savings,BR0664,2024-09-25,1094808.22,Dormant
ACC0000388,CUST070592,3553495263,Unknown,BR0724,2023-02-15,4740844.63,Inactive
ACC0000389,CUST083217,8241225120,Salary,BR0093,2024-11-02,3226210.90,Active
ACC0000390,CUST001674,3552232534,"Recurring deposit",BR0871,2022-07-15,2782230.81,Dormant
ACC0000391,CUST026140,6573676089,Savings,BR0692,2023-10-07,3890023.74,Unknown
ACC0000392,CUST061847,2677490102,"Recurring deposit",BR0860,2025-08-14,2517225.12,Active
ACC0000393,CUST051430,9484485124,Current,BR0376,2024-12-26,3310876.92,Unknown
ACC0000394,CUST054188,7483468257,Savings,BR0236,2024-12-31,3334611.66,Unknown
ACC0000395,CUST024057,3551540236,Unknown,BR0716,2023-02-26,2883872.11,Unknown
ACC0000396,CUST060004,4010506930,"Recurring deposit",BR0805,2024-08-28,2997323.97,Dormant
ACC0000397,CUST041415,6761673225,Savings,BR0111,2022-08-08,2609551.69,Inactive
ACC0000398,CUST073671,9810839508,Savings,BR0437,2023-09-16,23084.40,Active
ACC0000399,CUST064904,8031544478,Unknown,BR0208,2023-12-19,3130921.71,Unknown
ACC0000400,CUST004538,8308634508,Savings,BR0839,2025-12-12,2735621.13,Active
ACC0000401,CUST094404,1713754378,Savings,BR0134,2022-08-17,149719.33,Inactive
ACC0000402,CUST046101,4837700072,Salary,BR0854,2024-03-15,4011639.14,Active
ACC0000403,CUST046881,2128905422,Current,BR0935,2025-12-21,2973000.79,Unknown
ACC0000404,CUST094112,9175723494,Current,BR0680,2023-06-11,3731243.23,Unknown
ACC0000405,CUST085914,1135965201,Current,BR0008,2024-07-16,3554486.77,Unknown
ACC0000406,CUST050614,3508602686,Current,BR0362,2025-05-12,900201.89,Dormant
ACC0000407,CUST024720,9992435764,"Fixed deposit",BR0938,NULL,4503013.25,Active
ACC0000408,CUST030353,7812992024,"Fixed deposit",BR0317,2022-09-14,2796069.83,Closed
ACC0000409,CUST075674,3251197180,Current,BR0835,2023-12-28,1836353.87,Unknown
ACC0000410,CUST002030,7267732414,Salary,BR0735,2023-12-14,458466.45,Active
ACC0000411,CUST078025,4767655613,Unknown,BR0965,2022-09-16,1068064.82,Closed
ACC0000412,CUST015062,1579348251,Current,BR0724,2024-07-11,619858.73,Unknown
ACC0000413,CUST030580,3033851582,Savings,BR0921,2023-04-25,4849680.95,Unknown
ACC0000414,CUST073311,1171111180,Savings,BR0508,2022-11-30,194756.55,Closed
ACC0000415,CUST036199,6992444294,"Recurring deposit",BR0775,2023-01-17,4244093.95,Active
ACC0000416,CUST007003,1975981205,Salary,BR0853,2025-06-29,1678190.46,Inactive
ACC0000417,CUST090108,6131633792,"Recurring deposit",BR0770,2025-06-14,2574130.38,Active
ACC0000418,CUST029410,7879010955,Savings,BR0901,2023-03-10,905927.38,Closed
ACC0000419,CUST051453,1237458164,Current,BR0470,2024-04-10,4130033.67,Unknown
ACC0000420,CUST075047,3852157132,Salary,BR0249,2022-03-15,3136376.39,Active
ACC0000421,CUST073209,2874595709,Current,BR0361,2022-08-28,32186.46,Inactive
ACC0000422,CUST085971,7244229575,Current,BR0004,2022-08-01,262266.93,Inactive
ACC0000423,CUST035884,8869641419,"Recurring deposit",BR0601,2025-08-23,2459124.36,Dormant
ACC0000424,CUST051908,9332329841,Current,BR0821,2023-09-01,3874582.22,Unknown
ACC0000425,CUST090361,4153085023,"Fixed deposit",BR0070,2024-02-29,4678019.71,Closed
ACC0000426,CUST091011,6279903367,Current,BR0180,2024-05-16,489085.83,Dormant
ACC0000427,CUST061501,2006955859,Current,BR0462,2023-10-31,580967.67,Unknown
ACC0000428,CUST079387,7692295291,Current,BR0640,2024-02-01,341340.81,Active
ACC0000429,CUST023512,8786345113,Current,BR0140,2025-12-12,3812691.38,Unknown
ACC0000430,CUST059906,9241736370,"Recurring deposit",BR0232,2024-09-14,2024531.60,Active
ACC0000431,CUST030264,8536900623,Current,BR0318,2023-11-28,2302458.40,Unknown
ACC0000432,CUST015911,9109104608,Savings,BR0225,2025-07-27,2553956.69,Active
ACC0000433,CUST055657,8892935204,Current,BR0254,2023-03-16,221140.60,Active
ACC0000434,CUST044589,9486295580,Current,BR0192,2022-05-29,3284300.39,Dormant
ACC0000435,CUST037614,6546640225,"Recurring deposit",BR0051,2025-04-04,4395128.47,Active
ACC0000436,CUST003193,7598220615,"Recurring deposit",BR0769,2023-02-05,2759671.04,Active
ACC0000437,CUST021639,8490809275,Savings,BR0832,2025-02-21,2070068.27,Dormant
ACC0000438,CUST071969,7755015819,Current,BR0513,2025-09-25,2811365.29,Active
ACC0000439,CUST018891,4264901201,"Fixed deposit",BR0226,2022-06-26,2321193.16,Inactive
ACC0000440,CUST097756,1430852438,Salary,BR0023,2024-04-13,1523492.09,Dormant
ACC0000441,CUST049001,2063959610,Savings,BR0943,2022-06-17,3801877.61,Active
ACC0000442,CUST013679,7872106878,"Recurring deposit",BR0161,2022-09-24,2321564.65,Unknown
ACC0000443,CUST017825,8447572924,Savings,BR0083,2023-12-09,3380970.01,Closed
ACC0000444,CUST047577,8064560727,Salary,BR0477,2023-03-15,4413722.46,Dormant
ACC0000445,CUST064540,3423897302,Unknown,BR0787,2024-09-27,3199079.66,Unknown
ACC0000446,CUST058083,3809093543,Current,BR0050,2022-09-01,4460140.59,Inactive
ACC0000447,CUST029046,1948738428,Savings,BR0525,2023-08-23,0.00,Active
ACC0000448,CUST094056,1839097272,Unknown,BR0071,2022-04-02,4902636.80,Inactive
ACC0000449,CUST094904,2756940766,Current,BR0404,2025-06-13,4817746.88,Closed
ACC0000450,CUST077542,1688608458,Unknown,BR0957,2024-09-26,699894.11,Dormant
ACC0000451,CUST082780,3155224138,Salary,BR0997,2024-11-04,2029372.63,Dormant
ACC0000452,CUST010371,7061916575,Current,BR0332,2022-04-04,4872894.92,Active
ACC0000453,CUST008766,3025851156,Savings,BR0767,2022-07-16,951625.03,Dormant
ACC0000454,CUST021352,8971301398,Current,BR0470,2022-10-01,2585194.51,Dormant
ACC0000455,CUST062573,1710479346,Unknown,BR0996,2022-03-21,4264740.95,Unknown
ACC0000456,CUST083263,9465909617,"Recurring deposit",BR0840,2023-05-22,1271014.86,Unknown
ACC0000457,CUST050581,6890938446,"Recurring deposit",BR0120,2023-11-28,0.00,Active
ACC0000458,CUST006790,9810863160,Current,BR0874,2022-11-12,1086916.18,Dormant
ACC0000459,CUST045236,2201531811,Salary,BR0456,2025-05-26,4811292.05,Inactive
ACC0000460,CUST024680,1493564974,Savings,BR0414,2023-08-11,1178520.53,Unknown
ACC0000461,CUST020299,6689971749,Savings,BR0257,2022-11-08,424672.34,Active
ACC0000462,CUST032347,8693112048,Current,BR0201,2025-06-12,3098160.59,Active
ACC0000463,CUST045912,7850160764,"Recurring deposit",BR0396,2025-02-26,1569608.50,Inactive
ACC0000464,CUST090142,3692736990,Savings,BR0393,2024-06-23,1641334.34,Unknown
ACC0000465,CUST011231,2056261879,"Recurring deposit",BR0184,2024-05-05,4049045.23,Active
ACC0000466,CUST037412,3467758981,"Recurring deposit",BR0274,2023-11-24,213989.76,Unknown
ACC0000467,CUST082546,9484611636,"Recurring deposit",BR0854,2023-03-26,665419.79,Active
ACC0000468,CUST099046,4053876019,Savings,BR0415,2023-11-21,3491443.81,Active
ACC0000469,CUST037670,1981517262,Current,BR0719,2022-08-11,3069666.58,Unknown
ACC0000470,CUST078237,4574730129,Current,BR0184,2024-03-10,4551909.18,Dormant
ACC0000471,CUST026147,4696740323,"Recurring deposit",BR0540,2024-07-02,4845062.31,Unknown
ACC0000472,CUST057833,9017269925,Unknown,BR0567,2022-10-11,456721.02,Dormant
ACC0000473,CUST049540,7481071676,Current,BR0919,2023-02-28,710438.66,Active
ACC0000474,CUST092796,4657407893,Salary,BR0634,2022-01-21,4669980.98,Active
ACC0000475,CUST092198,1796395811,Savings,BR0174,2022-08-21,1454655.44,Dormant
ACC0000476,CUST012230,6633735957,Savings,BR0093,2025-07-02,4016958.71,Dormant
ACC0000477,CUST038931,2571820976,Savings,BR0421,2023-07-31,3862421.65,Unknown
ACC0000478,CUST036794,3460959358,Current,BR0193,2025-08-26,845950.03,Unknown
ACC0000479,CUST001548,9881350702,Current,BR0973,2025-11-14,1107587.87,Active
ACC0000480,CUST034020,4700003706,Current,BR0492,2022-04-30,2118808.72,Unknown
ACC0000481,CUST065432,4358545728,Savings,BR0729,2022-03-20,1943192.05,Closed
ACC0000482,CUST032232,1640230324,Savings,BR0030,2024-01-06,985076.98,Active
ACC0000483,CUST097847,9319420581,Salary,BR0348,2023-06-13,3112834.82,Unknown
ACC0000484,CUST096068,2251122618,"Recurring deposit",BR0583,2024-12-26,3321357.37,Unknown
ACC0000485,CUST020282,4425357224,Savings,BR0459,2025-10-03,4936967.17,Unknown
ACC0000486,CUST083878,3930011377,Current,BR0390,2024-01-13,2925563.95,Closed
ACC0000487,CUST097881,2335822381,"Fixed deposit",BR0188,2025-11-17,2797784.48,Unknown
ACC0000488,CUST090780,7311898943,"Fixed deposit",BR0841,2024-05-09,2034126.36,Dormant
ACC0000489,CUST059097,2857019565,Savings,BR0069,2022-02-07,577936.67,Active
ACC0000490,CUST009782,8212222537,Salary,BR0428,2023-01-25,1227143.68,Unknown
ACC0000491,CUST094638,4477148727,"Fixed deposit",BR0671,2024-12-07,2476074.78,Dormant
ACC0000492,CUST090788,8460685271,Savings,BR0499,2025-02-21,4434154.73,Active
ACC0000493,CUST001315,8992670980,Salary,BR0168,2024-04-18,4403314.01,Unknown
ACC0000494,CUST024374,1596071291,Current,BR0874,2023-04-20,3315530.26,Active
ACC0000495,CUST030188,1888621535,Savings,BR0052,2022-03-25,2969719.66,Active
ACC0000496,CUST094965,7237543322,Current,BR0555,2022-04-24,3892259.70,Closed
ACC0000497,CUST059213,9776858730,Unknown,BR0122,2022-02-15,2775143.32,Unknown
ACC0000498,CUST047932,6267608365,"Fixed deposit",BR0476,2023-10-22,908129.20,Inactive
ACC0000499,CUST070959,4449109984,"Fixed deposit",BR0497,2023-01-17,2310657.74,Unknown
ACC0000500,CUST081391,3932204737,"Recurring deposit",BR0774,2025-07-05,3125903.53,Active
ACC0000501,CUST047674,9452542253,Current,BR0868,2023-08-12,597642.49,Active
ACC0000502,CUST069980,8529685543,"Recurring deposit",BR0245,2022-07-30,1630892.59,Unknown
ACC0000503,CUST000904,9572120973,Current,BR0503,2024-06-26,1470200.91,Unknown
ACC0000504,CUST019947,2175185491,Salary,BR0925,2022-01-07,1457334.88,Active
ACC0000505,CUST004001,2336796503,"Fixed deposit",BR0531,2024-02-26,4811894.92,Active
ACC0000506,CUST072077,8948100350,Unknown,BR0252,2024-03-24,416535.69,Unknown
ACC0000507,CUST012051,6310483499,"Fixed deposit",BR0518,2025-04-02,1458647.66,Unknown
ACC0000508,CUST034721,7440360165,Current,BR0119,2022-01-14,1576853.00,Closed
ACC0000509,CUST028612,1631997303,"Fixed deposit",BR0796,2024-02-10,1947192.62,Inactive
ACC0000510,CUST026925,7020740561,Savings,BR0035,2022-03-22,2126466.94,Active
ACC0000511,CUST010686,3606828461,Unknown,BR0665,2023-11-12,2095857.18,Active
ACC0000512,CUST031476,3156187349,Salary,BR0196,2025-02-25,3908063.74,Unknown
ACC0000513,CUST060355,1734761300,"Fixed deposit",BR0361,2025-09-24,1907328.34,Active
ACC0000514,CUST072147,1168901794,Current,BR0500,2022-04-18,2453446.49,Active
ACC0000515,CUST094316,8840567436,Savings,BR0756,2023-08-05,1664532.38,Closed
ACC0000516,CUST039828,9813716785,Salary,BR0784,2023-03-31,4427165.78,Unknown
ACC0000517,CUST050172,5780691189,Current,BR0694,2024-01-06,1587072.88,Inactive
ACC0000518,CUST096621,6443097194,"Recurring deposit",BR0512,2023-10-06,3729784.51,Unknown
ACC0000519,CUST021024,9615583177,Salary,BR0507,2022-02-17,2061211.79,Closed
ACC0000520,CUST087953,6864364930,Unknown,BR0149,2024-06-13,2727828.40,Active
ACC0000521,CUST031994,8367843625,"Recurring deposit",BR0017,2025-04-26,757624.78,Active
ACC0000522,CUST022160,2208529885,Current,BR0994,2025-08-19,1167682.46,Unknown
ACC0000523,CUST064286,5988263956,"Fixed deposit",BR0465,NULL,380364.77,Active
ACC0000524,CUST047655,3164996004,Salary,BR0643,2023-12-06,4624865.41,Unknown
ACC0000525,CUST030281,9564518523,"Recurring deposit",BR0310,2022-02-22,3318042.60,Dormant
ACC0000526,CUST016685,8758802957,"Recurring deposit",BR0070,2023-08-04,1816766.26,Active
ACC0000527,CUST003274,9369167384,"Recurring deposit",BR0857,2025-12-28,1763309.25,Closed
ACC0000528,CUST080254,1615174814,Salary,BR0169,2024-12-24,3053565.98,Active
ACC0000529,CUST057723,3037005756,"Fixed deposit",BR0014,2022-02-18,3453150.37,Closed
ACC0000530,CUST087977,9117950649,Savings,BR0238,2024-06-04,1676620.15,Active
ACC0000531,CUST008101,1146228484,Current,BR0346,2025-09-19,1509209.87,Unknown
ACC0000532,CUST034296,1915580700,Current,BR0819,2022-04-11,1915688.41,Active
ACC0000533,CUST020217,8211161248,Savings,BR0439,2022-08-23,0.00,Inactive
ACC0000534,CUST090059,8935946049,Unknown,BR0530,2024-08-02,3888951.39,Inactive
ACC0000535,CUST012581,8930494313,Current,BR0038,2025-10-19,4668028.24,Inactive
ACC0000536,CUST092448,3530874150,Current,BR0273,2024-08-18,3260093.61,Active
ACC0000537,CUST050535,6352886686,"Fixed deposit",BR0710,2024-02-21,3085767.56,Closed
ACC0000538,CUST052336,9227768556,Current,BR0634,2024-07-23,3578821.77,Unknown
ACC0000539,CUST010922,3623239210,Savings,BR0232,2022-11-04,2308463.11,Unknown
ACC0000540,CUST019112,1933268675,Savings,BR0940,2022-06-04,1731667.35,Dormant
ACC0000541,CUST076523,2282196099,Savings,BR0386,2022-04-18,779063.47,Inactive
ACC0000542,CUST084958,1792472575,"Recurring deposit",BR0161,NULL,2891801.11,Inactive
ACC0000543,CUST038405,4664970145,Current,BR0415,2023-09-04,2862633.24,Closed
ACC0000544,CUST080540,5998305075,Unknown,BR0117,2022-04-02,3076442.52,Unknown
ACC0000545,CUST060922,6654512074,Current,BR0289,2022-03-02,4353791.79,Closed
ACC0000546,CUST022972,7908143056,Savings,BR0450,2024-12-25,141660.19,Active
ACC0000547,CUST018271,1398542257,Salary,BR0920,2023-03-16,2244645.83,Active
ACC0000548,CUST076052,1159100700,Current,BR0923,2025-12-31,3831051.38,Active
ACC0000549,CUST023697,4541827616,Current,BR0898,2024-11-02,2934049.67,Active
ACC0000550,CUST012978,1786635907,Current,BR0092,2023-09-21,2765914.09,Unknown
ACC0000551,CUST033806,5632763509,Current,BR0280,2025-01-10,1923487.05,Active
ACC0000552,CUST029959,7942850905,Current,BR0973,2025-03-25,375197.32,Unknown
ACC0000553,CUST070213,1350301996,Savings,BR0737,2023-09-14,441373.12,Active
ACC0000554,CUST053958,4195259166,"Fixed deposit",BR0852,2022-01-31,1472977.35,Unknown
ACC0000555,CUST022137,3759030598,Savings,BR0632,2023-09-04,3892564.19,Unknown
ACC0000556,CUST097023,4090061046,Salary,BR0444,2025-07-04,1293515.88,Inactive
ACC0000557,CUST026073,6854014412,Current,BR0062,2022-06-26,3175478.29,Active
ACC0000558,CUST015430,4317415224,Salary,BR0708,2022-09-11,1545227.90,Dormant
ACC0000559,CUST076596,4362969231,Current,BR0063,2023-04-14,687909.03,Unknown
ACC0000560,CUST017431,9861311250,Unknown,BR0425,2024-01-20,957478.04,Unknown
ACC0000561,CUST084001,3549481874,Current,BR0031,2025-02-26,3098710.63,Inactive
ACC0000562,CUST047529,2418254549,"Fixed deposit",BR0249,2023-06-11,1282250.68,Active
ACC0000563,CUST056527,7179698661,Savings,BR0437,2024-12-25,3472010.17,Dormant
ACC0000564,CUST053414,4847591643,"Recurring deposit",BR0568,2025-02-07,4906191.73,Dormant
ACC0000565,CUST036315,3573556235,Savings,BR0383,2025-06-30,1573110.14,Unknown
ACC0000566,CUST050302,7764754776,Unknown,BR0353,2022-05-30,32588.99,Closed
ACC0000567,CUST079590,6031158975,Unknown,BR0170,2024-11-06,1419220.55,Unknown
ACC0000568,CUST042602,1744957348,"Fixed deposit",BR0672,2025-05-04,2600797.21,Inactive
ACC0000569,CUST088641,7225000497,Unknown,BR0185,2024-08-06,4050808.87,Active
ACC0000570,CUST042248,3387974571,Current,BR0515,2022-03-25,357091.01,Closed
ACC0000571,CUST003978,9691093400,Current,BR0757,2025-10-20,3878293.05,Active
ACC0000572,CUST051208,2268632860,"Recurring deposit",BR0618,2025-04-28,4374787.66,Inactive
ACC0000573,CUST053648,5160631319,Unknown,BR0815,2022-11-21,72526.36,Closed
ACC0000574,CUST076417,8730260827,Savings,BR0320,2025-10-19,4279820.68,Active
ACC0000575,CUST025915,8835443298,Current,BR0345,2024-12-09,4258676.37,Unknown
ACC0000576,CUST045003,3130056488,Salary,BR0113,2024-09-01,414716.80,Active
ACC0000577,CUST090037,7611973653,"Recurring deposit",BR0939,2023-10-10,1963890.81,Unknown
ACC0000578,CUST023848,8964146810,Current,BR0873,2024-06-21,1813256.07,Inactive
ACC0000579,CUST007908,1477270938,Savings,BR0137,2022-02-21,4354398.08,Dormant
ACC0000580,CUST069460,2234121955,Savings,BR0690,2022-08-29,3069984.07,Dormant
ACC0000581,CUST089664,7697665283,"Recurring deposit",BR0825,2023-10-20,2814489.93,Unknown
ACC0000582,CUST076211,5656560284,"Fixed deposit",BR0337,2023-03-31,412638.15,Closed
ACC0000583,CUST076909,3661284227,"Fixed deposit",BR0415,2024-04-07,2230005.03,Unknown
ACC0000584,CUST007564,9043175459,Savings,BR0933,2022-04-09,65567.83,Active
ACC0000585,CUST026253,2233361323,"Fixed deposit",BR0648,2024-07-27,4570777.09,Active
ACC0000586,CUST041731,9688344899,Salary,BR0842,2024-03-04,933422.01,Active
ACC0000587,CUST046249,2349104403,Current,BR0009,2024-09-25,2724613.55,Dormant
ACC0000588,CUST033902,1806463067,Savings,BR0573,2023-11-09,614391.78,Closed
ACC0000589,CUST043429,1146254762,"Fixed deposit",BR0390,2023-08-25,3244049.19,Unknown
ACC0000590,CUST037048,3128864946,Salary,BR0592,2022-06-07,509255.98,Active
ACC0000591,CUST000141,9994893958,Savings,BR0677,2023-02-17,4496317.32,Unknown
ACC0000592,CUST053097,6869065122,"Fixed deposit",BR0196,2022-06-16,2479215.80,Active
ACC0000593,CUST012653,9521175817,Current,BR0430,2022-07-27,1070310.41,Active
ACC0000594,CUST025909,7232674391,Current,BR0696,2023-07-07,1911314.18,Unknown
ACC0000595,CUST029890,7191719027,Current,BR0728,2022-11-11,604933.16,Closed
ACC0000596,CUST095563,1459361464,Current,BR0355,2023-09-12,4983577.02,Unknown
ACC0000597,CUST064572,8608619791,"Fixed deposit",BR0926,2023-03-17,3992366.65,Closed
ACC0000598,CUST047212,8467999649,Unknown,BR0807,2023-07-03,3159890.94,Active
ACC0000599,CUST060416,1042570981,"Recurring deposit",BR0428,2022-07-14,1448444.70,Inactive
ACC0000600,CUST071335,4662049328,"Recurring deposit",BR0921,2022-12-24,4425938.68,Inactive
ACC0000601,CUST072780,3861485278,Unknown,BR0649,2023-11-14,0.00,Closed
ACC0000602,CUST077241,8213595964,Current,BR0510,2025-12-31,4132153.34,Inactive
ACC0000603,CUST037190,8352239449,Current,BR0652,2022-01-26,1260232.16,Dormant
ACC0000604,CUST070163,6042605580,Current,BR0386,2025-12-07,1847788.30,Dormant
ACC0000605,CUST064526,7217193714,"Recurring deposit",BR0382,2022-08-14,1894207.41,Unknown
ACC0000606,CUST083728,8367862839,Savings,BR0496,2024-10-25,3480339.42,Unknown
ACC0000607,CUST033659,5416179464,Savings,BR0711,2025-01-13,1061463.60,Inactive
ACC0000608,CUST081839,6056374285,Current,BR0113,2022-03-23,3585725.34,Dormant
ACC0000609,CUST076110,3994759480,Current,BR0608,2024-11-01,1848615.25,Unknown
ACC0000610,CUST091408,1902955446,Savings,BR0018,2023-10-21,1746236.10,Active
ACC0000611,CUST087506,6369548888,Current,BR0039,2024-01-23,0.00,Inactive
ACC0000612,CUST047963,8573859070,Current,BR0455,2023-10-20,849909.63,Unknown
ACC0000613,CUST083517,8729989297,Salary,BR0543,2024-05-25,2433191.34,Inactive
ACC0000614,CUST016865,9424532066,Savings,BR0362,2024-11-01,4949034.59,Dormant
ACC0000615,CUST027075,6488066701,Salary,BR0330,2024-07-09,1152045.68,Unknown
ACC0000616,CUST043054,3462344084,Unknown,BR0118,2024-02-29,80134.75,Unknown
ACC0000617,CUST023231,5620975742,"Fixed deposit",BR0519,2023-05-18,3610273.34,Active
ACC0000618,CUST009191,4653229845,Salary,BR0982,2025-05-09,2030210.77,Closed
ACC0000619,CUST029096,3541018909,Current,BR0012,2024-12-02,360866.83,Unknown
ACC0000620,CUST033195,3523777749,Unknown,BR0910,2025-08-09,2095664.49,Inactive
ACC0000621,CUST030417,8354778345,Current,BR0667,2023-03-01,2691605.46,Unknown
ACC0000622,CUST076374,9918308862,Current,BR0568,2022-08-16,3031721.94,Inactive
ACC0000623,CUST072620,8391158242,Current,BR0161,2024-04-24,2783896.55,Active
ACC0000624,CUST020557,3189465714,Current,BR0895,2024-03-22,214878.33,Inactive
ACC0000625,CUST090470,2451269044,Unknown,BR0666,2025-09-01,4837167.69,Closed
ACC0000626,CUST091882,4120968354,Unknown,BR0159,2022-07-15,1859348.19,Closed
ACC0000627,CUST094595,6238875970,Unknown,BR0997,2024-01-28,2554096.71,Active
ACC0000628,CUST008252,5537781161,"Recurring deposit",BR0341,2025-06-17,3605877.74,Active
ACC0000629,CUST099905,9774381797,"Fixed deposit",BR0257,2023-01-13,777496.82,Active
ACC0000630,CUST076227,6727092818,"Recurring deposit",BR0848,2024-05-09,4661784.13,Active
ACC0000631,CUST087466,1951455926,Current,BR0423,2023-12-05,1362953.33,Closed
ACC0000632,CUST004709,4922171450,"Recurring deposit",BR0865,2025-01-21,3969859.66,Active
ACC0000633,CUST012479,8002825404,Unknown,BR0870,2022-12-29,3485050.24,Dormant
ACC0000634,CUST096193,6973680142,Unknown,BR0992,2023-08-14,3871354.03,Inactive
ACC0000635,CUST021439,2104928586,Unknown,BR0753,2022-12-25,537635.00,Inactive
ACC0000636,CUST070004,2246969764,Savings,BR0100,2024-06-07,2099265.18,Closed
ACC0000637,CUST048215,9334201495,Current,BR0944,2025-02-13,785839.67,Closed
ACC0000638,CUST035241,3305312408,Unknown,BR0333,2024-12-15,4410813.96,Closed
ACC0000639,CUST061921,8028818862,Unknown,BR0396,2023-06-14,4080478.90,Active
ACC0000640,CUST082357,3627606405,Savings,BR0518,2023-11-18,1498272.43,Inactive
ACC0000641,CUST048397,9286920902,"Fixed deposit",BR0911,2023-06-04,3754732.37,Unknown
ACC0000642,CUST034314,6848411024,Savings,BR0020,2024-08-06,3303588.08,Active
ACC0000643,CUST047261,7146079699,"Fixed deposit",BR0704,2024-10-26,0.00,Active
ACC0000644,CUST025397,2477037716,Unknown,BR0996,2024-11-27,4761242.76,Dormant
ACC0000645,CUST067519,4729453759,Salary,BR0876,2025-10-31,0.00,Active
ACC0000646,CUST070249,8714463049,Salary,BR0112,2025-03-18,1462437.67,Unknown
ACC0000647,CUST018323,2706711340,Current,BR0318,2022-09-09,2958132.96,Active
ACC0000648,CUST026494,7699522808,Current,BR0050,2025-11-23,3110066.56,Unknown
ACC0000649,CUST002417,9867945268,Savings,BR0393,2024-12-27,1085818.19,Unknown
ACC0000650,CUST014150,5364665609,Current,BR0895,2023-08-15,1805192.02,Closed
ACC0000651,CUST095379,8143797880,Current,BR0203,2024-09-12,1831533.25,Active
ACC0000652,CUST097685,5657598101,Current,BR0651,2024-07-27,1104122.98,Dormant
ACC0000653,CUST087844,8881347457,Current,BR0179,2025-12-20,659222.30,Unknown
ACC0000654,CUST052266,9976676363,"Recurring deposit",BR0343,2022-07-05,4924345.42,Inactive
ACC0000655,CUST088897,1181363777,Current,BR0644,2025-12-25,3653687.69,Dormant
ACC0000656,CUST067372,8113586283,Savings,BR0938,2024-11-07,1310686.90,Unknown
ACC0000657,CUST003740,4835260726,Unknown,BR0720,2022-02-27,1604769.15,Unknown
ACC0000658,CUST097785,6768032191,Salary,BR0639,2022-03-04,2776327.72,Active
ACC0000659,CUST068867,8002422189,Savings,BR0016,2025-11-03,3404863.89,Inactive
ACC0000660,CUST075605,9491137559,Current,BR0081,2023-10-20,4423093.44,Active
ACC0000661,CUST055431,2882731675,"Recurring deposit",BR0460,2024-01-20,3172362.14,Inactive
ACC0000662,CUST085842,4729510654,Savings,BR0080,2025-11-20,3630378.24,Active
ACC0000663,CUST053069,9604134772,"Fixed deposit",BR0338,2024-08-09,146348.23,Closed
ACC0000664,CUST073345,3889809397,Unknown,BR0870,2024-08-07,220394.89,Unknown
ACC0000665,CUST030905,8524400470,Savings,BR0847,2023-11-27,1168600.26,Active
ACC0000666,CUST079744,6104914990,"Fixed deposit",BR0638,2022-09-07,4861517.60,Inactive
ACC0000667,CUST021779,6027847838,"Recurring deposit",BR0760,2024-04-06,1641597.74,Dormant
ACC0000668,CUST070609,8833640383,Savings,BR0603,2025-12-08,4568604.36,Dormant
ACC0000669,CUST000953,7128253792,Current,BR0010,2023-06-25,1216000.87,Inactive
ACC0000670,CUST051296,5858922172,Unknown,BR0003,2023-12-27,3477701.84,Inactive
ACC0000671,CUST083960,9064168863,Unknown,BR0971,2023-06-25,1185914.24,Inactive
ACC0000672,CUST019222,2301724201,Current,BR0224,2024-08-27,2133067.11,Unknown
ACC0000673,CUST040674,6515246975,Salary,BR0703,2022-11-06,3877138.11,Inactive
ACC0000674,CUST002112,9426475558,Savings,BR0674,2024-06-17,3137970.11,Dormant
ACC0000675,CUST001983,9442668178,Current,BR0255,2025-02-19,4832979.69,Active
ACC0000676,CUST012728,1524129591,Savings,BR0556,2024-10-09,3258580.85,Inactive
ACC0000677,CUST036661,5364408040,Savings,BR0099,2023-04-18,2134780.00,Unknown
ACC0000678,CUST079625,6453942157,Unknown,BR0127,2023-03-04,124418.09,Active
ACC0000679,CUST054962,7008558648,Savings,BR0771,2023-11-04,3542738.79,Unknown
ACC0000680,CUST012346,5929476717,Unknown,BR0124,2022-09-03,2079587.54,Closed
ACC0000681,CUST007014,8093777212,"Recurring deposit",BR0972,2022-08-26,13208.49,Unknown
ACC0000682,CUST054879,5157263252,"Fixed deposit",BR0291,2025-05-15,1490895.16,Unknown
ACC0000683,CUST020357,5218402171,Current,BR0979,2024-11-21,4706048.29,Inactive
ACC0000684,CUST002127,3557037590,Current,BR0600,2023-11-25,1630413.94,Inactive
ACC0000685,CUST016536,9692477676,Savings,BR0941,2025-06-30,1339019.05,Active
ACC0000686,CUST045382,5772774346,Current,BR0116,2023-07-22,2218010.80,Closed
ACC0000687,CUST026833,5568849961,"Fixed deposit",BR0873,2023-09-01,2477745.69,Closed
ACC0000688,CUST075961,3935697933,"Recurring deposit",BR0754,2023-04-23,4639128.21,Unknown
ACC0000689,CUST099797,5410720319,Salary,BR0795,2025-04-20,6054.96,Inactive
ACC0000690,CUST035710,5525765120,"Fixed deposit",BR0098,2022-03-16,2149936.42,Unknown
ACC0000691,CUST019343,4572316043,"Recurring deposit",BR0922,2024-04-02,2758972.59,Unknown
ACC0000692,CUST043297,4819017317,"Recurring deposit",BR0998,2022-04-10,2888890.04,Closed
ACC0000693,CUST087015,8576816591,"Recurring deposit",BR0899,2023-03-19,1123555.03,Inactive
ACC0000694,CUST036531,7341340833,"Fixed deposit",BR0626,2024-05-02,147078.73,Active
ACC0000695,CUST031812,6977625783,Current,BR0322,2025-10-01,4685177.44,Unknown
ACC0000696,CUST073231,8504887338,Salary,BR0535,2023-08-24,809914.80,Inactive
ACC0000697,CUST054384,1099529245,Salary,BR0020,2022-05-22,234670.81,Active
ACC0000698,CUST003902,4802328358,Current,BR0251,2023-08-03,343188.04,Inactive
ACC0000699,CUST004548,1789504340,Savings,BR0113,2024-01-29,954366.04,Dormant
ACC0000700,CUST046821,8079513608,"Fixed deposit",BR0423,2023-07-07,2337797.30,Inactive
ACC0000701,CUST089590,9605100954,Current,BR0417,2025-09-02,902001.73,Inactive
ACC0000702,CUST068642,7432571006,Savings,BR0262,2023-07-09,471538.65,Active
ACC0000703,CUST022975,6296767944,"Recurring deposit",BR0422,2024-08-07,2473940.37,Inactive
ACC0000704,CUST059377,2685512499,Current,BR0078,2023-01-04,4273301.86,Unknown
ACC0000705,CUST067733,3333427769,"Fixed deposit",BR0636,2022-11-03,2774748.39,Active
ACC0000706,CUST008179,7442938150,Salary,BR0364,2024-05-23,2239726.85,Active
ACC0000707,CUST099213,6553777770,Savings,BR0170,2022-01-17,328082.67,Unknown
ACC0000708,CUST009395,3273578740,Savings,BR0562,2022-12-05,2118459.57,Closed
ACC0000709,CUST022449,3178018456,Current,BR0954,2023-05-02,4007104.41,Unknown
ACC0000710,CUST057381,1894311799,Salary,BR0762,2024-08-06,3842278.40,Unknown
ACC0000711,CUST030366,2665442658,Salary,BR0708,2022-02-23,3874940.92,Active
ACC0000712,CUST047035,9455769492,"Recurring deposit",BR0785,2025-04-29,257427.64,Unknown
ACC0000713,CUST063200,1365072136,Current,BR0654,2022-01-11,4801589.16,Inactive
ACC0000714,CUST063985,2757832949,Savings,BR0812,2025-01-28,2746507.22,Inactive
ACC0000715,CUST061948,5887859071,Current,BR0037,2024-09-07,1409734.83,Inactive
ACC0000716,CUST008466,4959211437,Savings,BR0006,2022-03-04,4080775.43,Dormant
ACC0000717,CUST009361,5190362437,Current,BR0931,2024-03-27,2667091.56,Unknown
ACC0000718,CUST043053,2540639830,Unknown,BR0042,2024-02-28,4632251.33,Active
ACC0000719,CUST009195,3809268628,Salary,BR0069,NULL,735850.69,Unknown
ACC0000720,CUST087729,7218673673,"Fixed deposit",BR0381,2022-12-23,450302.88,Inactive
ACC0000721,CUST046848,5180690916,Current,BR0190,2024-10-29,723988.20,Unknown
ACC0000722,CUST015363,5456715572,"Recurring deposit",BR0186,2022-04-14,2815542.49,Active
ACC0000723,CUST007713,4437960629,Salary,BR0856,2023-04-02,4926759.50,Dormant
ACC0000724,CUST048427,4459973516,Unknown,BR0523,2023-08-22,3005650.38,Inactive
ACC0000725,CUST018048,9890090004,Current,BR0262,2025-05-24,2666215.97,Dormant
ACC0000726,CUST097282,5187564289,"Recurring deposit",BR0548,2022-01-14,606179.88,Active
ACC0000727,CUST026589,1988013009,Salary,BR0590,2022-05-18,3385144.57,Unknown
ACC0000728,CUST018034,8290136903,"Recurring deposit",BR0658,2022-04-16,1700135.99,Closed
ACC0000729,CUST070202,1807244197,"Fixed deposit",BR0931,2023-08-27,888540.76,Unknown
ACC0000730,CUST059630,1925517056,Savings,BR0485,2024-06-01,4540093.68,Active
ACC0000731,CUST078261,3425784605,"Fixed deposit",BR0925,2024-06-20,4193410.56,Closed
ACC0000732,CUST025357,4664689683,Savings,BR0737,2022-07-27,4813989.05,Active
ACC0000733,CUST053006,2532985181,"Fixed deposit",BR0748,2022-02-28,971810.13,Active
ACC0000734,CUST047489,7212654975,Salary,BR0581,2025-04-14,1249106.19,Unknown
ACC0000735,CUST085077,2392207285,"Recurring deposit",BR0369,2025-02-28,4113329.51,Active
ACC0000736,CUST081476,3918454921,Current,BR0520,2023-01-21,713563.29,Active
ACC0000737,CUST047162,7737805245,Savings,BR0313,2023-10-11,3272025.85,Unknown
ACC0000738,CUST047422,3982247689,Unknown,BR0750,2023-05-16,4171904.42,Closed
ACC0000739,CUST020251,9059292846,"Fixed deposit",BR0714,2022-02-20,3336633.15,Dormant
ACC0000740,CUST001380,6906100872,Savings,BR0961,2023-09-13,2114293.67,Dormant
ACC0000741,CUST061420,4885649447,Salary,BR0186,2022-11-27,1996215.22,Active
ACC0000742,CUST098667,4785701753,Current,BR0075,2025-12-05,3575039.69,Active
ACC0000743,CUST011994,2240733336,Savings,BR0204,2024-07-22,3032292.44,Active
ACC0000744,CUST012274,2701682750,Current,BR0833,2023-10-25,4287933.76,Unknown
ACC0000745,CUST090631,1599096814,Current,BR0830,2023-07-26,2278771.84,Active
ACC0000746,CUST029466,3087824748,Current,BR0394,2024-12-14,1084261.95,Active
ACC0000747,CUST069393,1300325215,Savings,BR0950,2023-11-29,2999847.01,Unknown
ACC0000748,CUST024907,4638292781,"Fixed deposit",BR0105,2023-10-28,2742333.09,Unknown
ACC0000749,CUST058418,4647028918,Salary,BR0415,2024-05-09,3857367.55,Inactive
ACC0000750,CUST072334,6443443535,Salary,BR0522,2022-07-04,4461727.11,Active
ACC0000751,CUST012901,6341431788,Salary,BR0656,2025-02-08,2446041.35,Unknown
ACC0000752,CUST043083,1865169032,Current,BR0271,2025-05-11,3078674.07,Active
ACC0000753,CUST068726,9083952755,Savings,BR0595,2024-12-15,3472182.73,Active
ACC0000754,CUST066385,5016109733,Savings,BR0060,2022-09-02,3832506.97,Unknown
ACC0000755,CUST080769,1483289052,"Fixed deposit",BR0135,2023-07-01,0.00,Unknown
ACC0000756,CUST060520,5318251312,Current,BR0103,2023-12-25,4024456.92,Unknown
ACC0000757,CUST085326,8089987310,Current,BR0768,2022-08-08,0.00,Active
ACC0000758,CUST010766,2768019800,Savings,BR0673,2022-01-11,4378432.00,Inactive
ACC0000759,CUST011235,2938973845,Unknown,BR0454,2024-06-18,2484533.61,Active
ACC0000760,CUST056392,6027315964,Savings,BR0557,2022-01-26,4721819.50,Unknown
ACC0000761,CUST028624,6367908484,"Fixed deposit",BR0950,2022-02-08,3927592.05,Dormant
ACC0000762,CUST047020,8122359945,Savings,BR0537,2025-12-23,1740316.43,Unknown
ACC0000763,CUST044507,4697474301,Salary,BR0727,2024-10-12,1708199.20,Active
ACC0000764,CUST071806,8140254608,Savings,BR0691,2023-06-01,3842080.58,Dormant
ACC0000765,CUST023644,3578719136,Salary,BR0806,2025-10-04,568157.14,Unknown
ACC0000766,CUST040046,6401432852,Savings,BR0341,2024-10-18,0.00,Unknown
ACC0000767,CUST021180,3651366660,Salary,BR0483,2023-04-13,1673024.09,Active
ACC0000768,CUST033168,7183013949,Salary,BR0705,2024-06-15,2425294.27,Closed
ACC0000769,CUST046772,1580094170,"Fixed deposit",BR0614,2024-04-14,3361424.54,Closed
ACC0000770,CUST058080,8877895434,Current,BR0176,2022-06-16,2934244.68,Unknown
ACC0000771,CUST021108,3338975737,Savings,BR0564,2022-01-22,1205132.76,Active
ACC0000772,CUST049397,5254706315,Current,BR0071,2022-11-13,2365179.99,Unknown
ACC0000773,CUST022658,2835190256,Salary,BR0956,2022-02-05,486342.95,Unknown
ACC0000774,CUST016529,1370525661,Unknown,BR0721,2024-02-02,2818110.46,Unknown
ACC0000775,CUST031631,7964633974,Unknown,BR0136,2023-04-20,4909642.56,Active
ACC0000776,CUST068526,2982494566,Salary,BR0044,2025-12-14,1165882.52,Active
ACC0000777,CUST033502,5241558795,Salary,BR0445,2024-06-26,1333180.96,Active
ACC0000778,CUST023671,4445774041,"Fixed deposit",BR0902,2023-11-13,3516105.49,Active
ACC0000779,CUST026399,6756290683,Savings,BR0894,2025-04-26,2519340.62,Dormant
ACC0000780,CUST011929,6063271990,Unknown,BR0583,2024-02-25,4277019.72,Inactive
ACC0000781,CUST015249,8830638176,"Fixed deposit",BR0093,2023-09-22,3535944.70,Active
ACC0000782,CUST038804,2852834173,Current,BR0089,2024-08-08,908235.36,Closed
ACC0000783,CUST020889,5175039833,Current,BR0791,2023-02-01,1278430.77,Closed
ACC0000784,CUST030316,6535245652,Unknown,BR0242,2025-08-21,2684557.17,Inactive
ACC0000785,CUST056982,4887853071,Unknown,BR0093,2023-06-29,0.00,Active
ACC0000786,CUST023865,9409974495,Current,BR0640,2023-04-06,1471513.12,Active
ACC0000787,CUST087177,3186215985,Current,BR0381,2023-10-23,4955139.45,Inactive
ACC0000788,CUST023468,7148911776,Savings,BR0618,2024-10-04,991406.60,Inactive
ACC0000789,CUST017383,3565602752,Unknown,BR0110,NULL,239063.67,Unknown
ACC0000790,CUST006297,8705260142,Current,BR0967,2023-05-30,4686383.93,Inactive
ACC0000791,CUST031833,6996338519,"Fixed deposit",BR0578,2024-04-14,2702130.53,Unknown
ACC0000792,CUST013776,8298516492,Current,BR0779,2023-05-16,2464473.71,Active
ACC0000793,CUST008569,1788582570,"Recurring deposit",BR0937,2023-09-30,2850424.23,Closed
ACC0000794,CUST036586,6328587100,Current,BR0477,2025-06-03,3303262.91,Active
ACC0000795,CUST086089,1371799159,Savings,BR0339,2024-01-25,4512262.35,Closed
ACC0000796,CUST045947,3322569110,Salary,BR0241,2022-06-25,4530109.50,Inactive
ACC0000797,CUST012430,7689548734,Salary,BR0947,2025-09-28,1929981.69,Dormant
ACC0000798,CUST012114,8488218591,"Recurring deposit",BR0740,2023-12-30,2702566.89,Active
ACC0000799,CUST027978,4463041089,Unknown,BR0353,2023-09-02,3026003.61,Active
ACC0000800,CUST091636,8950771689,Savings,BR0435,2025-08-02,4687776.91,Unknown
ACC0000801,CUST082822,1700599168,"Recurring deposit",BR0862,2023-05-26,2730128.69,Active
ACC0000802,CUST028562,9710901983,Current,BR0126,2023-07-26,3325570.03,Closed
ACC0000803,CUST072479,6473399267,Current,BR0121,2025-09-12,3881257.22,Closed
ACC0000804,CUST090265,5771710724,Savings,BR0439,2024-03-16,1565631.40,Active
ACC0000805,CUST018371,7251593193,"Recurring deposit",BR1000,2024-07-13,1305609.39,Dormant
ACC0000806,CUST088536,7546868264,Salary,BR0315,2025-04-12,2162314.77,Dormant
ACC0000807,CUST069663,1094336208,Savings,BR0568,2023-04-23,1258913.78,Active
ACC0000808,CUST014893,2326292506,Current,BR0290,2025-02-22,1431713.75,Closed
ACC0000809,CUST026804,2367086473,Savings,BR0337,2024-02-14,4949441.08,Active
ACC0000810,CUST084190,4641703845,Salary,BR0408,2024-10-08,4980617.87,Inactive
ACC0000811,CUST016415,5199016932,"Fixed deposit",BR0746,2024-07-11,3010171.65,Closed
ACC0000812,CUST072370,8469838312,Savings,BR0084,2023-06-09,3229731.46,Inactive
ACC0000813,CUST082591,1697243120,Unknown,BR0780,2022-03-06,3562732.00,Closed
ACC0000814,CUST098159,1196707968,"Recurring deposit",BR0188,2024-04-29,3768886.52,Closed
ACC0000815,CUST061796,4401355525,Unknown,BR0271,2023-07-02,4465543.19,Dormant
ACC0000816,CUST009246,6364459468,Savings,BR0296,2023-04-14,3064054.33,Inactive
ACC0000817,CUST064396,3666490447,Current,BR0244,2024-12-30,1407852.49,Closed
ACC0000818,CUST099045,4914677286,"Recurring deposit",BR0911,2023-11-13,1029680.57,Unknown
ACC0000819,CUST072299,9522175078,Salary,BR0542,2025-12-03,4410236.81,Unknown
ACC0000820,CUST039599,6256241145,"Recurring deposit",BR0516,2025-03-27,2934164.72,Closed
ACC0000821,CUST006931,5606730207,Current,BR0840,2024-04-01,2478707.97,Inactive
ACC0000822,CUST089193,3617424203,"Recurring deposit",BR0568,2023-05-14,2045118.80,Inactive
ACC0000823,CUST038495,1738640985,Current,BR0473,2024-05-26,3292604.46,Unknown
ACC0000824,CUST049850,7126512990,Current,BR0943,2024-11-15,3605015.95,Active
ACC0000825,CUST045603,3757502479,Salary,BR0703,2022-10-26,1434268.79,Dormant
ACC0000826,CUST056620,1848044278,"Fixed deposit",BR0370,2025-05-03,1344994.02,Active
ACC0000827,CUST059188,5035815410,Unknown,BR0058,2025-08-31,103355.89,Active
ACC0000828,CUST051044,8167751103,Savings,BR0783,2023-03-07,613481.26,Unknown
ACC0000829,CUST012737,2853110138,"Fixed deposit",BR0954,2025-09-27,2562659.27,Closed
ACC0000830,CUST031308,6863249450,Current,BR0638,2022-04-26,3688527.26,Dormant
ACC0000831,CUST053022,5884960911,Unknown,BR0614,2024-09-02,3489361.96,Dormant
ACC0000832,CUST041793,9418498235,Current,BR0695,2023-02-04,4328201.35,Active
ACC0000833,CUST067413,7129195016,Salary,BR0707,2023-02-27,794642.47,Unknown
ACC0000834,CUST068074,5116024804,Salary,BR0320,2022-07-21,3473247.02,Dormant
ACC0000835,CUST017433,9687639816,Current,BR0487,2022-10-28,2290691.23,Closed
ACC0000836,CUST096977,8328134999,Savings,BR0023,2022-10-14,3562370.36,Inactive
ACC0000837,CUST019154,5886266372,Savings,BR0945,2024-09-09,608774.99,Active
ACC0000838,CUST034996,1695700734,Current,BR0742,2025-08-29,1068959.25,Inactive
ACC0000839,CUST026162,6254605890,Current,BR0526,2023-02-15,4471939.19,Dormant
ACC0000840,CUST099068,5272305223,Salary,BR0246,2023-01-09,744379.84,Unknown
ACC0000841,CUST076215,5691697996,Unknown,BR0257,2025-10-24,3082337.18,Inactive
ACC0000842,CUST029037,4634867109,Salary,BR0128,2022-11-23,2611923.34,Closed
ACC0000843,CUST017677,8372501186,Savings,BR0618,2023-03-26,648165.73,Active
ACC0000844,CUST045641,9559426879,Savings,BR0685,2023-09-30,80407.14,Closed
ACC0000845,CUST041924,8558060890,"Fixed deposit",BR0787,2023-04-30,1487442.20,Unknown
ACC0000846,CUST049227,8220200209,Savings,BR0885,2023-01-04,1359556.68,Active
ACC0000847,CUST007892,5780567270,Current,BR0407,2025-05-27,2074706.23,Unknown
ACC0000848,CUST008499,8280665069,"Fixed deposit",BR0672,2024-04-24,604891.34,Active
ACC0000849,CUST026426,3525449271,"Fixed deposit",BR0526,2023-12-18,0.00,Dormant
ACC0000850,CUST080308,6184668378,"Fixed deposit",BR0150,2023-10-09,1932843.40,Dormant
ACC0000851,CUST074973,4384170883,Savings,BR0697,2025-12-23,37562.30,Dormant
ACC0000852,CUST006632,7686512601,Salary,BR0427,2022-12-31,2545018.64,Closed
ACC0000853,CUST098916,9931919665,Current,BR0324,2025-01-19,1993647.47,Unknown
ACC0000854,CUST019632,7823951035,Current,BR0426,2025-01-02,327204.00,Unknown
ACC0000855,CUST006741,1249212194,Savings,BR0071,2024-10-27,3583834.05,Unknown
ACC0000856,CUST082254,6181357700,Salary,BR0608,2025-12-21,1607830.31,Active
ACC0000857,CUST062131,4680323045,Savings,BR0069,2022-10-23,3631687.80,Unknown
ACC0000858,CUST029387,7158615919,Salary,BR0223,2023-11-14,95227.02,Inactive
ACC0000859,CUST044010,9567801631,Current,BR0350,2024-10-23,1985406.20,Active
ACC0000860,CUST022379,1545578007,Unknown,BR0336,2025-11-25,1705293.40,Active
ACC0000861,CUST002792,8352484952,Unknown,BR0560,2025-01-16,2056266.49,Dormant
ACC0000862,CUST092952,2973668414,Current,BR0298,2025-09-01,1626725.82,Inactive
ACC0000863,CUST069051,8065829585,Current,BR0066,2023-06-11,1621262.72,Inactive
ACC0000864,CUST027537,5927940590,Savings,BR0407,2023-04-12,1110437.05,Active
ACC0000865,CUST040027,6123350161,Current,BR0423,2023-11-12,4051425.86,Unknown
ACC0000866,CUST011742,4216731878,Unknown,BR0850,2022-05-21,1995419.53,Active
ACC0000867,CUST092581,5619753606,"Recurring deposit",BR0716,2024-04-25,1318888.27,Active
ACC0000868,CUST038801,7610751431,Current,BR0312,2023-06-22,1772820.36,Closed
ACC0000869,CUST042474,1755420252,Current,BR0497,2025-02-25,2677898.77,Inactive
ACC0000870,CUST054511,6199124388,Savings,BR0620,2023-03-07,3628628.09,Inactive
ACC0000871,CUST063352,6654900960,"Recurring deposit",BR0908,2024-11-02,4851064.81,Inactive
ACC0000872,CUST099512,8998665240,"Recurring deposit",BR0391,2025-12-15,513736.67,Unknown
ACC0000873,CUST093372,6199930205,"Recurring deposit",BR0295,2022-02-07,3925941.99,Closed
ACC0000874,CUST089168,6945069990,Savings,BR0997,2022-10-10,2899477.76,Active
ACC0000875,CUST063162,2103311193,Salary,BR0073,NULL,97538.08,Closed
ACC0000876,CUST000067,6318207139,Savings,BR0872,2024-11-04,3219502.68,Unknown
ACC0000877,CUST061496,6938900076,Unknown,BR0196,2024-12-22,2577976.83,Unknown
ACC0000878,CUST018919,8769020342,Savings,BR0251,2022-03-25,3236463.82,Unknown
ACC0000879,CUST026367,2421154599,Savings,BR0911,2023-03-11,2001817.52,Closed
ACC0000880,CUST010011,7319070374,Savings,BR0799,2022-02-24,4106136.89,Dormant
ACC0000881,CUST017144,6267614824,Current,BR0969,2022-01-17,2365210.68,Unknown
ACC0000882,CUST036892,8170313771,Savings,BR0922,2023-07-22,2645201.97,Unknown
ACC0000883,CUST007542,9590173461,Current,BR0637,2023-10-30,278616.59,Closed
ACC0000884,CUST066643,3732463323,Savings,BR0172,2022-05-21,0.00,Unknown
ACC0000885,CUST071072,1235728322,Current,BR0202,2022-08-31,4928927.39,Unknown
ACC0000886,CUST056426,6773592017,Unknown,BR0829,2022-04-25,0.00,Dormant
ACC0000887,CUST044685,1496935149,Savings,BR0727,2025-07-02,0.00,Inactive
ACC0000888,CUST060206,2361218368,"Recurring deposit",BR0483,2025-02-26,4787941.07,Unknown
ACC0000889,CUST080841,8740313432,"Recurring deposit",BR0536,2022-10-21,2703752.84,Active
ACC0000890,CUST022372,7579685768,Current,BR0385,2025-09-30,912310.18,Closed
ACC0000891,CUST029908,1108491412,"Recurring deposit",BR0027,2022-06-08,4020135.82,Unknown
ACC0000892,CUST047490,8514217240,"Recurring deposit",BR0423,2022-01-04,3914150.42,Unknown
ACC0000893,CUST099649,2801353229,Savings,BR0428,2023-04-13,4382587.15,Dormant
ACC0000894,CUST094497,3541274039,"Fixed deposit",BR0155,2024-01-27,104333.45,Inactive
ACC0000895,CUST077691,9482909001,"Fixed deposit",BR0091,2024-09-07,4270573.02,Active
ACC0000896,CUST006976,5703047090,"Fixed deposit",BR0623,2025-01-13,3090537.90,Dormant
ACC0000897,CUST063284,6295846510,Savings,BR0988,2024-06-10,2445681.15,Unknown
ACC0000898,CUST089356,9915582609,Savings,BR0180,2023-08-20,4932843.53,Unknown
ACC0000899,CUST059627,2137728226,"Fixed deposit",BR0820,2025-12-20,4696474.11,Active
ACC0000900,CUST035874,5209714563,Unknown,BR0951,2025-05-13,4420931.57,Dormant
ACC0000901,CUST083069,9775711054,Savings,BR0324,2023-09-30,4730163.62,Closed
ACC0000902,CUST097868,1163260762,Savings,BR0454,2024-04-03,3063934.08,Active
ACC0000903,CUST049574,3615420144,"Fixed deposit",BR0301,2024-06-20,1301523.84,Active
ACC0000904,CUST055553,5497819433,Unknown,BR0986,2022-10-09,0.00,Inactive
ACC0000905,CUST070156,6768577849,Current,BR0107,2024-05-15,1575835.49,Active
ACC0000906,CUST015608,2581621742,Current,BR0771,2024-02-18,2970470.74,Inactive
ACC0000907,CUST077731,7614581140,Savings,BR0586,2022-11-10,1064104.20,Active
ACC0000908,CUST069734,1871080881,Salary,BR0075,2023-03-01,1722767.54,Unknown
ACC0000909,CUST001680,4091691673,Current,BR0928,2024-11-07,2559360.90,Dormant
ACC0000910,CUST033021,5679525733,Unknown,BR0472,2024-05-28,3663111.43,Dormant
ACC0000911,CUST013547,5269025100,"Fixed deposit",BR0778,2024-05-16,2305963.23,Active
ACC0000912,CUST047627,2453343759,Current,BR0194,2025-11-02,4292424.63,Unknown
ACC0000913,CUST058196,1953141001,Savings,BR0659,2023-09-15,4217833.42,Active
ACC0000914,CUST017133,4163722717,Savings,BR0547,2022-06-05,3671595.05,Active
ACC0000915,CUST093149,7756913226,Current,BR0106,2025-10-13,3368975.02,Active
ACC0000916,CUST056457,6315449577,Unknown,BR0461,2023-06-07,3085693.53,Active
ACC0000917,CUST053427,9717247359,Current,BR0547,2022-08-13,3951990.72,Active
ACC0000918,CUST061606,8248376608,Savings,BR0121,2022-07-27,3323558.18,Dormant
ACC0000919,CUST070840,1711762042,Savings,BR0520,2025-03-24,832654.10,Unknown
ACC0000920,CUST092957,2378418657,Savings,BR0459,2023-08-04,1220279.97,Dormant
ACC0000921,CUST035314,5320157153,Salary,BR0592,2023-04-12,4061769.68,Dormant
ACC0000922,CUST003036,9679835661,"Recurring deposit",BR0053,2024-12-16,2445153.25,Closed
ACC0000923,CUST086133,8586375372,Salary,BR0165,2024-06-02,4984386.40,Unknown
ACC0000924,CUST026945,5358536931,Savings,BR0427,2023-11-28,308225.38,Closed
ACC0000925,CUST007886,7148130845,Current,BR0159,2024-12-01,4017660.51,Unknown
ACC0000926,CUST075752,7904488822,Savings,BR0770,2024-05-26,4355711.34,Dormant
ACC0000927,CUST087377,8970914766,Unknown,BR0240,2023-08-21,1370316.70,Inactive
ACC0000928,CUST053240,4903962011,Savings,BR0596,2025-02-20,4790976.29,Dormant
ACC0000929,CUST093629,1149942802,Savings,BR0042,2024-02-24,787618.24,Dormant
ACC0000930,CUST099201,9940066964,Savings,BR0724,2022-03-18,1450523.36,Dormant
ACC0000931,CUST089479,8971849160,"Fixed deposit",BR0411,2025-03-30,281288.72,Unknown
ACC0000932,CUST072009,3620932722,Current,BR0763,2022-06-04,4801199.96,Closed
ACC0000933,CUST056506,9418787869,"Fixed deposit",BR0532,2022-04-18,154334.71,Unknown
ACC0000934,CUST046399,6716268483,Current,BR0456,2022-08-03,885230.17,Active
ACC0000935,CUST071000,7986360758,Salary,BR0942,2022-11-06,4214440.01,Active
ACC0000936,CUST011611,8052439406,"Fixed deposit",BR0954,2023-07-10,2836269.79,Unknown
ACC0000937,CUST053832,3759654577,Salary,BR0589,2024-08-02,2966042.99,Closed
ACC0000938,CUST095731,9758195348,Savings,BR0300,2023-09-25,1074369.09,Inactive
ACC0000939,CUST061071,4944463127,Current,BR0026,2024-01-12,3124736.65,Unknown
ACC0000940,CUST085054,4336275112,"Recurring deposit",BR0280,2023-05-13,367930.17,Dormant
ACC0000941,CUST042526,6586181421,Current,BR0232,2024-07-13,87191.99,Active
ACC0000942,CUST001129,9422083244,Current,BR0377,2025-07-31,0.00,Closed
ACC0000943,CUST016353,2757667989,"Recurring deposit",BR0826,2022-03-18,4968228.42,Unknown
ACC0000944,CUST042221,7498142183,Current,BR0624,2023-01-04,4788027.33,Active
ACC0000945,CUST087976,1523869778,"Recurring deposit",BR0947,2022-04-05,4190857.75,Unknown
ACC0000946,CUST019351,2656402294,"Fixed deposit",BR0518,2023-08-12,1840869.43,Inactive
ACC0000947,CUST035859,1500068507,Unknown,BR0815,2025-05-24,1945239.45,Inactive
ACC0000948,CUST000507,1487451805,Salary,BR0806,2022-05-29,1890711.50,Dormant
ACC0000949,CUST006421,9973458262,Salary,BR0341,2023-12-13,4239414.44,Active
ACC0000950,CUST018290,4107807678,Current,BR0377,2023-01-22,4895248.63,Closed
ACC0000951,CUST081984,6558751228,"Fixed deposit",BR0450,2024-01-07,2776117.85,Unknown
ACC0000952,CUST085252,4072272183,Salary,BR0608,2022-10-14,4414394.18,Closed
ACC0000953,CUST057335,6047952458,Salary,BR0771,2022-05-29,2179984.66,Dormant
ACC0000954,CUST058872,5676380882,Unknown,BR0963,2023-11-13,3887629.82,Dormant
ACC0000955,CUST046074,2535597674,Current,BR0366,2023-11-06,126611.04,Active
ACC0000956,CUST089589,2410671867,"Recurring deposit",BR0073,2023-10-11,3802731.49,Active
ACC0000957,CUST037895,3357470770,Savings,BR0140,2022-03-16,3697308.30,Closed
ACC0000958,CUST016525,5110290828,Savings,BR0784,2023-04-18,1448627.05,Active
ACC0000959,CUST067539,4490917797,Savings,BR0857,2024-04-04,4119194.04,Active
ACC0000960,CUST015091,3545266917,Savings,BR0545,2023-02-15,4877656.79,Dormant
ACC0000961,CUST070946,8244594570,Unknown,BR0058,2025-09-02,3044819.63,Unknown
ACC0000962,CUST041956,2540657300,Current,BR0288,NULL,3819806.28,Dormant
ACC0000963,CUST088670,3538373271,Current,BR0429,2022-10-12,2167375.85,Unknown
ACC0000964,CUST087865,5163483180,Salary,BR0983,2024-04-25,4651749.64,Unknown
ACC0000965,CUST091658,5702441686,"Recurring deposit",BR0187,2024-12-03,4730464.29,Unknown
ACC0000966,CUST029491,3364254484,Current,BR0171,2023-12-01,0.00,Dormant
ACC0000967,CUST076209,8517740704,Current,BR0163,2024-10-08,3249196.06,Unknown
ACC0000968,CUST090099,8343272162,Current,BR0590,2025-01-14,123382.24,Active
ACC0000969,CUST021404,3454531654,Savings,BR0715,2022-11-22,3592498.64,Closed
ACC0000970,CUST034597,1278231135,Current,BR0355,2022-06-16,1695109.23,Active
ACC0000971,CUST033172,8626546605,Savings,BR0064,2022-07-20,3427015.76,Active
ACC0000972,CUST086675,6331167375,Current,BR0602,2024-08-23,1114252.13,Active
ACC0000973,CUST076714,8401628733,Current,BR0611,2022-06-25,174249.16,Dormant
ACC0000974,CUST080351,2889967239,Current,BR0797,2022-09-01,3596783.08,Active
ACC0000975,CUST027843,2339580126,Current,BR0138,2025-09-15,4231979.34,Unknown
ACC0000976,CUST040431,4939453619,Current,BR0106,2023-08-16,2732949.39,Unknown
ACC0000977,CUST023071,4019766955,Savings,BR0130,2025-03-08,3015054.13,Unknown
ACC0000978,CUST006003,3859223684,"Recurring deposit",BR0636,2025-04-05,1081751.91,Active
ACC0000979,CUST066963,3833721354,Savings,BR0986,2023-02-27,2697885.16,Dormant
ACC0000980,CUST027992,6323780891,Savings,BR0607,2024-08-05,801179.31,Inactive
ACC0000981,CUST026133,4960073011,Salary,BR0026,2025-02-23,205425.98,Active
ACC0000982,CUST095532,9476718541,"Recurring deposit",BR0140,2023-04-01,713947.51,Unknown
ACC0000983,CUST085314,1088803734,"Recurring deposit",BR0362,2025-07-29,478632.01,Closed
ACC0000984,CUST079652,7893340197,"Fixed deposit",BR0393,2024-01-01,450206.98,Closed
ACC0000985,CUST097218,3130388449,"Fixed deposit",BR0322,NULL,1953899.77,Closed
ACC0000986,CUST073729,1565462089,Savings,BR0661,2025-05-12,4846451.65,Dormant
ACC0000987,CUST019803,1150244622,Salary,BR0634,2025-12-16,196864.28,Inactive
ACC0000988,CUST098559,2293233278,Savings,BR0775,2025-04-03,2594221.50,Active
ACC0000989,CUST093960,9026919733,"Fixed deposit",BR0546,2022-01-17,455472.96,Closed
ACC0000990,CUST019399,8054478970,"Recurring deposit",BR0345,2023-08-24,3981734.71,Active
ACC0000991,CUST008891,4999133786,Salary,BR0824,2022-03-11,2944626.61,Active
ACC0000992,CUST071431,6060613960,Current,BR0140,2023-08-06,0.00,Unknown
ACC0000993,CUST092029,3960115383,"Fixed deposit",BR0058,2022-07-17,2799166.67,Active
ACC0000994,CUST060970,5188484734,Savings,BR0719,2024-04-15,1375655.76,Active
ACC0000995,CUST066006,3538783768,Current,BR0545,2025-05-16,4218930.91,Dormant
ACC0000996,CUST008319,6175784997,Salary,BR0550,2022-05-02,3343428.39,Closed
ACC0000997,CUST072618,8182094416,Savings,BR0675,2024-10-06,3386512.58,Inactive
ACC0000998,CUST098844,3193239497,Salary,BR0368,2025-04-21,1597038.74,Unknown
ACC0000999,CUST033829,2082892505,Savings,BR0197,2024-03-25,4807609.32,Inactive
ACC0001000,CUST085105,9195895687,Current,BR0515,2025-06-23,1218147.92,Unknown
