Card_ID,Customer_ID,Account_ID,Card_Type,Card_Last_6,Issue_Date,Expiry_Date,Card_Status
CARD0000001,CUST011588,ACC0058314,Debit,540184,2023-04-28,2023-04-28,Unknown
CARD0000002,CUST003047,ACC0045846,Debit,726608,2024-09-10,2024-09-10,Unknown
CARD0000003,CUST018273,ACC0006794,Unknown,693856,2025-03-10,2025-03-10,Dormant
CARD0000004,CUST006778,ACC0048465,Prepaid,824561,2025-04-21,2025-04-21,Unknown
CARD0000005,CUST005074,ACC0122760,Prepaid,855183,2023-06-10,2023-06-10,Active
CARD0000006,CUST065636,ACC0022381,Credit,598389,2023-12-30,2023-12-30,Dormant
CARD0000007,CUST074202,ACC0097179,Credit,815883,2024-09-25,2024-09-25,Active
CARD0000008,CUST043237,ACC0099454,Unknown,566454,2023-11-28,2023-11-28,Unknown
CARD0000009,CUST022174,ACC0011780,Unknown,890115,2024-05-13,2024-05-13,Dormant
CARD0000010,CUST050219,ACC0013050,Credit,547560,2022-04-18,2022-04-18,Inactive
CARD0000011,CUST097602,ACC0092285,Unknown,403813,2022-01-28,2022-01-28,Closed
CARD0000012,CUST037492,ACC0024716,Unknown,412315,2023-07-29,2023-07-29,Active
CARD0000013,CUST019273,ACC0111236,Debit,722629,2024-07-06,2024-07-06,Unknown
CARD0000014,CUST031348,ACC0076058,Credit,802383,2025-01-16,2025-01-16,Closed
CARD0000015,CUST054372,ACC0049807,Debit,614102,2022-02-12,2022-02-12,Active
CARD0000016,CUST022812,ACC0003965,Credit,546964,2022-12-11,2022-12-11,Active
CARD0000017,CUST071871,ACC0048714,Prepaid,633942,2023-01-15,2023-01-15,Unknown
CARD0000018,CUST011030,ACC0022707,Credit,800894,2024-09-08,2024-09-08,Inactive
CARD0000019,CUST050220,ACC0127921,Debit,642873,2024-10-05,2024-10-05,Unknown
CARD0000020,CUST050666,ACC0052910,Debit,502354,2025-06-09,2025-06-09,Closed
CARD0000021,CUST014929,ACC0029923,Credit,907840,2025-04-23,2025-04-23,Active
CARD0000022,CUST004909,ACC0122786,Debit,404579,2022-07-10,2022-07-10,Unknown
CARD0000023,CUST063396,ACC0096452,Prepaid,486985,2022-09-18,2022-09-18,Active
CARD0000024,CUST053560,ACC0068120,Prepaid,788575,2022-02-17,2022-02-17,Closed
CARD0000025,CUST066163,ACC0024441,Credit,585037,2023-08-01,2023-08-01,Active
CARD0000026,CUST093818,ACC0033940,Unknown,812431,2022-02-11,2022-02-11,Inactive
CARD0000027,CUST060858,ACC0042706,Debit,856045,2023-11-14,2023-11-14,Active
CARD0000028,CUST092972,ACC0062515,Credit,890193,2022-06-15,2022-06-15,Dormant
CARD0000029,CUST007245,ACC0045640,Prepaid,640768,2025-11-20,2025-11-20,Active
CARD0000030,CUST083004,ACC0039664,Debit,460862,2024-05-09,2024-05-09,Unknown
CARD0000031,CUST088526,ACC0023343,Debit,616376,2023-12-12,2023-12-12,Closed
CARD0000032,CUST065395,ACC0128803,Prepaid,525827,2022-01-01,2022-01-01,Closed
CARD0000033,CUST089529,ACC0011453,Debit,745240,2025-12-07,0000-00-00,Active
CARD0000034,CUST096641,ACC0033049,Credit,774926,2025-06-21,2025-06-21,Unknown
CARD0000035,CUST029850,ACC0037762,Debit,662759,2023-07-28,2023-07-28,Inactive
CARD0000036,CUST014555,ACC0017994,Prepaid,488431,2022-06-08,2022-06-08,Inactive
CARD0000037,CUST041386,ACC0000071,Unknown,660218,2023-03-20,2023-03-20,Active
CARD0000038,CUST097099,ACC0094957,Unknown,644892,2023-01-01,2023-01-01,Active
CARD0000039,CUST085931,ACC0069750,Debit,807509,2025-12-11,2025-12-11,Unknown
CARD0000040,CUST096243,ACC0047904,Prepaid,901383,2025-04-24,2025-04-24,Active
CARD0000041,CUST001801,ACC0067817,Unknown,781085,2025-07-27,2025-07-27,Active
CARD0000042,CUST053151,ACC0051708,Unknown,838167,2024-11-23,2024-11-23,Dormant
CARD0000043,CUST055898,ACC0036167,Unknown,853617,2023-02-05,2023-02-05,Inactive
CARD0000044,CUST057984,ACC0057544,Credit,450397,2025-05-23,2025-05-23,Active
CARD0000045,CUST022326,ACC0096744,Debit,781749,2024-03-01,2024-03-01,Unknown
CARD0000046,CUST095824,ACC0035712,Credit,613019,2022-08-21,2022-08-21,Active
CARD0000047,CUST098448,ACC0060166,Debit,706767,2023-05-23,2023-05-23,Active
CARD0000048,CUST076252,ACC0076410,Credit,465712,2025-01-08,2025-01-08,Active
CARD0000049,CUST004448,ACC0034527,Credit,417170,2022-04-09,2022-04-09,Unknown
CARD0000050,CUST095255,ACC0107066,Unknown,673248,2024-02-27,2024-02-27,Unknown
CARD0000051,CUST048890,ACC0052577,Credit,960664,2025-03-23,2025-03-23,Inactive
CARD0000052,CUST054022,ACC0051228,Credit,877466,2024-10-20,2024-10-20,Closed
CARD0000053,CUST055199,ACC0095323,Unknown,620313,2022-01-01,2022-01-01,Closed
CARD0000054,CUST041835,ACC0011148,Credit,853835,2024-10-07,0000-00-00,Active
CARD0000055,CUST076641,ACC0068717,Prepaid,586208,2023-03-21,2023-03-21,Unknown
CARD0000056,CUST025071,ACC0065523,Prepaid,584863,2025-05-30,2025-05-30,Inactive
CARD0000057,CUST084380,ACC0063821,Credit,412678,2023-07-24,2023-07-24,Active
CARD0000058,CUST058659,ACC0018933,Debit,745254,2022-02-09,2022-02-09,Unknown
CARD0000059,CUST010502,ACC0101830,Debit,477757,2025-10-11,2025-10-11,Unknown
CARD0000060,CUST000122,ACC0030804,Credit,993289,2023-12-27,2023-12-27,Closed
CARD0000061,CUST098606,ACC0014444,Debit,940078,2024-08-05,2024-08-05,Unknown
CARD0000062,CUST071646,ACC0017901,Credit,580419,2025-10-08,2025-10-08,Unknown
CARD0000063,CUST099900,ACC0098690,Credit,864452,2024-12-08,2024-12-08,Active
CARD0000064,CUST026782,ACC0094868,Credit,501632,2025-11-14,2025-11-14,Active
CARD0000065,CUST067541,ACC0073936,Unknown,733185,2024-02-03,2024-02-03,Dormant
CARD0000066,CUST082346,ACC0118049,Credit,619190,2023-11-26,2023-11-26,Closed
CARD0000067,CUST042097,ACC0009550,Prepaid,624026,2024-12-07,2024-12-07,Dormant
CARD0000068,CUST099537,ACC0045119,Prepaid,453761,2022-08-10,2022-08-10,Unknown
CARD0000069,CUST014927,ACC0076475,Debit,693205,2025-11-17,2025-11-17,Unknown
CARD0000070,CUST026964,ACC0105039,Prepaid,889121,2024-11-18,2024-11-18,Active
CARD0000071,CUST094818,ACC0030796,Prepaid,484820,2025-02-11,2025-02-11,Unknown
CARD0000072,CUST034432,ACC0068931,Credit,871986,2024-07-02,2024-07-02,Active
CARD0000073,CUST090354,ACC0126797,Credit,882321,2024-03-15,2024-03-15,Closed
CARD0000074,CUST098304,ACC0040075,Credit,932015,2024-10-06,2024-10-06,Unknown
CARD0000075,CUST033043,ACC0031108,Debit,640542,2025-07-15,2025-07-15,Unknown
CARD0000076,CUST019484,ACC0011384,Debit,947462,2024-01-10,2024-01-10,Active
CARD0000077,CUST091300,ACC0039331,Debit,661037,2023-04-10,2023-04-10,Unknown
CARD0000078,CUST047325,ACC0007947,Prepaid,573627,2025-04-06,2025-04-06,Dormant
CARD0000079,CUST023549,ACC0083311,Credit,622238,2025-03-05,2025-03-05,Unknown
CARD0000080,CUST078878,ACC0124939,Debit,531758,2024-12-20,2024-12-20,Closed
CARD0000081,CUST007107,ACC0103475,Unknown,610094,2022-12-10,2022-12-10,Unknown
CARD0000082,CUST054966,ACC0046998,Unknown,402246,2025-03-31,2025-03-31,Inactive
CARD0000083,CUST047958,ACC0014030,Debit,906239,2022-07-21,2022-07-21,Inactive
CARD0000084,CUST010904,ACC0117041,Credit,555733,2022-09-23,2022-09-23,Unknown
CARD0000085,CUST020680,ACC0117721,Debit,577664,2023-05-29,2023-05-29,Unknown
CARD0000086,CUST001869,ACC0019817,Prepaid,502429,2022-12-06,2022-12-06,Dormant
CARD0000087,CUST024543,ACC0094681,Credit,821899,2022-02-01,2022-02-01,Active
CARD0000088,CUST005372,ACC0118821,Prepaid,854063,2022-09-29,2022-09-29,Unknown
CARD0000089,CUST092195,ACC0043286,Credit,805130,2024-11-08,2024-11-08,Dormant
CARD0000090,CUST043914,ACC0015776,Debit,668692,2024-12-24,2024-12-24,Unknown
CARD0000091,CUST092913,ACC0121308,Credit,473133,2022-09-24,2022-09-24,Active
CARD0000092,CUST044751,ACC0121509,Debit,976565,2022-06-25,2022-06-25,Inactive
CARD0000093,CUST041407,ACC0060803,Prepaid,537266,2022-06-30,2022-06-30,Dormant
CARD0000094,CUST095477,ACC0075416,Prepaid,741307,2023-04-23,2023-04-23,Inactive
CARD0000095,CUST000921,ACC0059972,Credit,984884,2025-06-26,2025-06-26,Unknown
CARD0000096,CUST048656,ACC0039827,Debit,916279,2022-12-30,2022-12-30,Active
CARD0000097,CUST033785,ACC0008609,Debit,582233,2022-07-20,2022-07-20,Dormant
CARD0000098,CUST007197,ACC0104718,Prepaid,901386,2023-04-19,2023-04-19,Unknown
CARD0000099,CUST072042,ACC0046980,Unknown,469170,2022-03-13,2022-03-13,Unknown
CARD0000100,CUST066551,ACC0064490,Debit,541114,2023-02-13,2023-02-13,Inactive
CARD0000101,CUST080809,ACC0055472,Debit,444119,2025-03-24,2025-03-24,Closed
CARD0000102,CUST004786,ACC0033684,Unknown,612109,2024-10-28,2024-10-28,Active
CARD0000103,CUST080339,ACC0037510,Credit,981750,2023-07-29,2023-07-29,Active
CARD0000104,CUST062568,ACC0006080,Credit,614183,2025-09-23,2025-09-23,Unknown
CARD0000105,CUST045712,ACC0114373,Credit,452778,2024-05-11,2024-05-11,Closed
CARD0000106,CUST093644,ACC0090729,Prepaid,569461,2025-12-21,2025-12-21,Active
CARD0000107,CUST040600,ACC0079946,Unknown,603009,2022-02-15,2022-02-15,Inactive
CARD0000108,CUST076766,ACC0113669,Debit,741169,2025-12-01,2025-12-01,Active
CARD0000109,CUST095938,ACC0044436,Debit,476943,2023-08-15,2023-08-15,Active
CARD0000110,CUST072156,ACC0078219,Credit,965650,2023-07-23,2023-07-23,Closed
CARD0000111,CUST061092,ACC0086086,Debit,481268,2022-05-19,2022-05-19,Active
CARD0000112,CUST016233,ACC0077330,Debit,914193,2024-08-12,2024-08-12,Active
CARD0000113,CUST062882,ACC0106323,Debit,980704,2025-11-27,2025-11-27,Active
CARD0000114,CUST025105,ACC0009331,Prepaid,502210,2025-12-31,2025-12-31,Closed
CARD0000115,CUST023162,ACC0071606,Debit,810818,2024-06-07,2024-06-07,Dormant
CARD0000116,CUST081902,ACC0074777,Debit,975048,2024-02-06,2024-02-06,Unknown
CARD0000117,CUST027312,ACC0008869,Credit,666089,2023-08-06,2023-08-06,Closed
CARD0000118,CUST026987,ACC0025130,Debit,747552,2023-03-11,2023-03-11,Inactive
CARD0000119,CUST038747,ACC0008506,Debit,891362,2024-11-25,2024-11-25,Closed
CARD0000120,CUST092199,ACC0006644,Credit,872020,2024-10-01,2024-10-01,Active
CARD0000121,CUST051211,ACC0068845,Debit,711262,2023-07-04,2023-07-04,Active
CARD0000122,CUST007223,ACC0125876,Debit,791463,2023-05-26,2023-05-26,Closed
CARD0000123,CUST006818,ACC0028551,Debit,825472,2022-02-12,2022-02-12,Closed
CARD0000124,CUST001196,ACC0090213,Credit,473312,2025-03-30,2025-03-30,Unknown
CARD0000125,CUST023662,ACC0021252,Credit,551011,2023-11-24,2023-11-24,Active
CARD0000126,CUST088948,ACC0056184,Prepaid,841705,2024-06-22,2024-06-22,Dormant
CARD0000127,CUST009279,ACC0125877,Debit,677815,2025-05-13,2025-05-13,Unknown
CARD0000128,CUST045649,ACC0119269,Debit,973519,2024-10-04,2024-10-04,Unknown
CARD0000129,CUST055262,ACC0023933,Prepaid,592804,2023-05-12,0000-00-00,Closed
CARD0000130,CUST059541,ACC0024369,Credit,922011,2023-05-30,2023-05-30,Active
CARD0000131,CUST093004,ACC0059167,Debit,944828,2022-11-08,2022-11-08,Active
CARD0000132,CUST020713,ACC0065158,Prepaid,477409,2023-06-07,2023-06-07,Closed
CARD0000133,CUST039023,ACC0008538,Prepaid,905784,2024-07-18,2024-07-18,Unknown
CARD0000134,CUST008605,ACC0055505,Unknown,800292,2022-12-19,2022-12-19,Unknown
CARD0000135,CUST084302,ACC0022102,Debit,471791,2023-07-11,2023-07-11,Inactive
CARD0000136,CUST098158,ACC0079281,Unknown,841885,2025-07-11,2025-07-11,Active
CARD0000137,CUST084495,ACC0027533,Debit,796944,2022-12-10,2022-12-10,Unknown
CARD0000138,CUST031655,ACC0117638,Debit,464896,2023-10-10,2023-10-10,Active
CARD0000139,CUST015929,ACC0083264,Credit,414160,2024-11-30,2024-11-30,Inactive
CARD0000140,CUST050106,ACC0023056,Credit,416303,2023-08-16,2023-08-16,Active
CARD0000141,CUST042290,ACC0101410,Debit,592175,2022-03-06,2022-03-06,Inactive
CARD0000142,CUST050785,ACC0085407,Credit,999186,2024-05-02,2024-05-02,Unknown
CARD0000143,CUST060560,ACC0107549,Prepaid,474079,2023-05-02,2023-05-02,Unknown
CARD0000144,CUST081843,ACC0112806,Debit,488698,2024-08-19,2024-08-19,Dormant
CARD0000145,CUST092072,ACC0059311,Unknown,746355,2025-10-07,2025-10-07,Unknown
CARD0000146,CUST093272,ACC0126571,Unknown,768108,2022-06-03,2022-06-03,Closed
CARD0000147,CUST060107,ACC0006931,Credit,712476,2022-06-14,2022-06-14,Active
CARD0000148,CUST032436,ACC0099396,Unknown,545112,2022-08-01,2022-08-01,Unknown
CARD0000149,CUST033248,ACC0096873,Credit,419460,2024-10-26,2024-10-26,Unknown
CARD0000150,CUST033513,ACC0102708,Credit,480249,2022-11-27,2022-11-27,Dormant
CARD0000151,CUST018686,ACC0010590,Credit,651342,2025-08-12,2025-08-12,Dormant
CARD0000152,CUST077770,ACC0037483,Prepaid,742570,2022-10-11,2022-10-11,Dormant
CARD0000153,CUST066058,ACC0095039,Debit,491353,2023-06-14,2023-06-14,Inactive
CARD0000154,CUST052859,ACC0030103,Unknown,947729,2024-03-26,2024-03-26,Active
CARD0000155,CUST078667,ACC0078904,Credit,482605,2025-02-01,2025-02-01,Active
CARD0000156,CUST020627,ACC0067442,Credit,829285,2025-05-03,2025-05-03,Active
CARD0000157,CUST027470,ACC0038773,Credit,490653,2025-04-09,2025-04-09,Unknown
CARD0000158,CUST097868,ACC0070779,Unknown,856324,2022-05-17,2022-05-17,Active
CARD0000159,CUST027139,ACC0097884,Credit,755592,2025-12-23,2025-12-23,Active
CARD0000160,CUST041719,ACC0026751,Prepaid,500317,2024-10-21,2024-10-21,Unknown
CARD0000161,CUST094057,ACC0118339,Credit,649366,2024-10-11,2024-10-11,Active
CARD0000162,CUST038934,ACC0086936,Debit,831846,2024-09-27,2024-09-27,Unknown
CARD0000163,CUST008411,ACC0019616,Debit,573836,2022-05-30,2022-05-30,Active
CARD0000164,CUST087660,ACC0123588,Debit,787847,2023-06-18,0000-00-00,Unknown
CARD0000165,CUST082887,ACC0121987,Unknown,876426,2023-04-21,2023-04-21,Active
CARD0000166,CUST008018,ACC0111543,Unknown,447832,2023-02-01,2023-02-01,Dormant
CARD0000167,CUST016696,ACC0031897,Debit,639417,2024-08-27,2024-08-27,Unknown
CARD0000168,CUST070114,ACC0058570,Credit,816550,2024-10-15,2024-10-15,Active
CARD0000169,CUST076387,ACC0128666,Prepaid,683002,2023-08-03,2023-08-03,Unknown
CARD0000170,CUST063108,ACC0095946,Unknown,969240,2023-06-09,0000-00-00,Active
CARD0000171,CUST000479,ACC0040061,Debit,776984,2023-03-27,2023-03-27,Active
CARD0000172,CUST058273,ACC0048110,Unknown,599643,2024-01-23,2024-01-23,Unknown
CARD0000173,CUST003231,ACC0041599,Credit,571467,2025-02-06,2025-02-06,Active
CARD0000174,CUST040130,ACC0009338,Debit,450646,2024-12-18,2024-12-18,Closed
CARD0000175,CUST097267,ACC0081804,Unknown,886538,2024-12-19,2024-12-19,Unknown
CARD0000176,CUST091850,ACC0093810,Credit,575347,2023-06-05,0000-00-00,Active
CARD0000177,CUST098202,ACC0025206,Debit,868152,2024-10-04,2024-10-04,Closed
CARD0000178,CUST056887,ACC0036831,Unknown,650640,2025-11-28,2025-11-28,Unknown
CARD0000179,CUST029037,ACC0010127,Credit,597293,2023-10-08,2023-10-08,Active
CARD0000180,CUST011956,ACC0027603,Credit,911216,2022-03-11,0000-00-00,Dormant
CARD0000181,CUST082213,ACC0076727,Credit,602125,2023-04-23,2023-04-23,Active
CARD0000182,CUST021138,ACC0025772,Debit,456506,2024-08-05,2024-08-05,Closed
CARD0000183,CUST026957,ACC0062266,Credit,929787,2025-04-18,2025-04-18,Dormant
CARD0000184,CUST057748,ACC0115700,Credit,964266,2024-10-27,2024-10-27,Dormant
CARD0000185,CUST096474,ACC0096522,Unknown,474224,2023-02-26,2023-02-26,Unknown
CARD0000186,CUST099129,ACC0105661,Unknown,649813,2024-03-31,2024-03-31,Unknown
CARD0000187,CUST038297,ACC0126330,Debit,992788,2024-11-08,2024-11-08,Active
CARD0000188,CUST014752,ACC0002827,Credit,493207,2024-12-13,2024-12-13,Inactive
CARD0000189,CUST018887,ACC0118895,Debit,418636,2025-08-05,2025-08-05,Active
CARD0000190,CUST052098,ACC0008193,Credit,425072,2025-04-29,2025-04-29,Active
CARD0000191,CUST060547,ACC0071327,Credit,912195,2022-06-21,2022-06-21,Inactive
CARD0000192,CUST072003,ACC0038539,Credit,748448,2023-01-24,0000-00-00,Active
CARD0000193,CUST049155,ACC0005498,Debit,536660,2025-10-29,2025-10-29,Dormant
CARD0000194,CUST056406,ACC0049738,Credit,405658,2022-04-15,2022-04-15,Active
CARD0000195,CUST030878,ACC0051399,Debit,718628,2024-01-18,2024-01-18,Active
CARD0000196,CUST006307,ACC0053347,Debit,719992,2025-06-18,2025-06-18,Dormant
CARD0000197,CUST059821,ACC0100266,Unknown,699851,2023-01-11,2023-01-11,Active
CARD0000198,CUST056569,ACC0072753,Prepaid,926381,2024-04-08,2024-04-08,Active
CARD0000199,CUST046939,ACC0067070,Debit,582291,2024-06-22,2024-06-22,Unknown
CARD0000200,CUST031367,ACC0095000,Unknown,483093,2024-03-17,2024-03-17,Unknown
CARD0000201,CUST065445,ACC0115870,Credit,946838,2025-04-17,2025-04-17,Closed
CARD0000202,CUST057672,ACC0098207,Debit,937590,2022-07-08,2022-07-08,Active
CARD0000203,CUST081301,ACC0005646,Debit,862001,2022-03-05,2022-03-05,Active
CARD0000204,CUST005398,ACC0078843,Debit,459010,2025-06-29,2025-06-29,Inactive
CARD0000205,CUST005494,ACC0103627,Unknown,672095,2024-07-26,2024-07-26,Unknown
CARD0000206,CUST013174,ACC0112674,Credit,787501,2024-11-01,2024-11-01,Inactive
CARD0000207,CUST065205,ACC0101099,Debit,554204,2024-05-21,2024-05-21,Closed
CARD0000208,CUST012571,ACC0073754,Prepaid,707278,2023-01-28,2023-01-28,Unknown
CARD0000209,CUST020238,ACC0038558,Prepaid,736687,2024-10-06,2024-10-06,Inactive
CARD0000210,CUST043364,ACC0045875,Credit,840885,2022-08-28,2022-08-28,Active
CARD0000211,CUST029042,ACC0001735,Credit,494512,2023-11-04,2023-11-04,Active
CARD0000212,CUST022618,ACC0042682,Credit,782527,2024-06-13,2024-06-13,Inactive
CARD0000213,CUST083799,ACC0070546,Credit,818548,2023-07-23,2023-07-23,Active
CARD0000214,CUST054151,ACC0084498,Prepaid,842095,2023-03-10,2023-03-10,Active
CARD0000215,CUST012083,ACC0004491,Debit,503798,2025-06-03,2025-06-03,Closed
CARD0000216,CUST057995,ACC0094270,Debit,660648,2022-05-25,2022-05-25,Unknown
CARD0000217,CUST053656,ACC0066850,Unknown,873694,2025-08-26,2025-08-26,Inactive
CARD0000218,CUST058562,ACC0065495,Credit,710757,2022-03-04,2022-03-04,Unknown
CARD0000219,CUST035438,ACC0054594,Credit,703259,2025-01-18,2025-01-18,Unknown
CARD0000220,CUST069490,ACC0128947,Unknown,651568,2022-12-05,2022-12-05,Unknown
CARD0000221,CUST040170,ACC0064242,Debit,453119,2024-12-21,2024-12-21,Unknown
CARD0000222,CUST058282,ACC0118182,Debit,401793,2022-09-10,2022-09-10,Unknown
CARD0000223,CUST031457,ACC0121623,Debit,496944,2024-02-14,2024-02-14,Closed
CARD0000224,CUST070743,ACC0062297,Debit,691307,2022-08-23,2022-08-23,Closed
CARD0000225,CUST092262,ACC0112619,Unknown,897457,2023-03-01,2023-03-01,Active
CARD0000226,CUST080915,ACC0006371,Unknown,634316,2025-10-23,2025-10-23,Active
CARD0000227,CUST088054,ACC0096145,Credit,573540,2024-08-23,2024-08-23,Unknown
CARD0000228,CUST019447,ACC0088424,Debit,545234,2022-07-08,2022-07-08,Unknown
CARD0000229,CUST001379,ACC0106004,Credit,968007,2025-10-04,2025-10-04,Closed
CARD0000230,CUST050432,ACC0116453,Credit,729406,2023-09-01,0000-00-00,Dormant
CARD0000231,CUST005077,ACC0077287,Debit,951963,2023-12-10,2023-12-10,Dormant
CARD0000232,CUST009778,ACC0087746,Debit,867008,2023-09-02,2023-09-02,Unknown
CARD0000233,CUST008816,ACC0102071,Unknown,421665,2025-04-21,2025-04-21,Unknown
CARD0000234,CUST058445,ACC0046948,Credit,606049,2023-08-17,2023-08-17,Inactive
CARD0000235,CUST079737,ACC0114665,Debit,416796,2025-08-17,2025-08-17,Active
CARD0000236,CUST038304,ACC0017191,Debit,892021,2022-02-10,2022-02-10,Unknown
CARD0000237,CUST063434,ACC0032549,Credit,483972,2025-04-29,2025-04-29,Closed
CARD0000238,CUST042414,ACC0031559,Credit,459308,2022-11-20,2022-11-20,Closed
CARD0000239,CUST042683,ACC0079645,Debit,687932,2025-01-24,2025-01-24,Active
CARD0000240,CUST016428,ACC0064938,Credit,659473,2023-06-15,2023-06-15,Unknown
CARD0000241,CUST051268,ACC0086237,Credit,906243,2022-01-14,2022-01-14,Active
CARD0000242,CUST006165,ACC0097235,Debit,812653,2023-03-15,2023-03-15,Unknown
CARD0000243,CUST034857,ACC0104463,Credit,723095,2025-12-11,2025-12-11,Active
CARD0000244,CUST043885,ACC0110642,Credit,934840,2025-11-16,2025-11-16,Dormant
CARD0000245,CUST085536,ACC0047681,Debit,466713,2025-06-30,2025-06-30,Unknown
CARD0000246,CUST017986,ACC0086345,Credit,992227,2025-09-20,2025-09-20,Unknown
CARD0000247,CUST054782,ACC0094807,Credit,984376,2025-07-02,2025-07-02,Closed
CARD0000248,CUST014934,ACC0056892,Unknown,615148,2023-10-26,2023-10-26,Unknown
CARD0000249,CUST043353,ACC0079668,Credit,593174,2022-07-30,2022-07-30,Active
CARD0000250,CUST037689,ACC0127080,Debit,434740,2023-06-12,2023-06-12,Inactive
CARD0000251,CUST079905,ACC0070529,Unknown,890048,2023-04-12,2023-04-12,Dormant
CARD0000252,CUST018870,ACC0104195,Credit,953514,2025-10-31,2025-10-31,Active
CARD0000253,CUST052883,ACC0101909,Credit,789731,2022-07-08,2022-07-08,Unknown
CARD0000254,CUST023916,ACC0114236,Credit,825251,2023-12-19,2023-12-19,Unknown
CARD0000255,CUST088004,ACC0055050,Prepaid,459529,2022-03-08,2022-03-08,Unknown
CARD0000256,CUST043044,ACC0093473,Debit,985139,2023-08-16,2023-08-16,Active
CARD0000257,CUST072926,ACC0018126,Unknown,834010,2023-05-23,2023-05-23,Unknown
CARD0000258,CUST077824,ACC0082457,Credit,868180,2025-05-04,2025-05-04,Closed
CARD0000259,CUST080809,ACC0000743,Debit,523394,2025-01-09,2025-01-09,Inactive
CARD0000260,CUST026475,ACC0064214,Unknown,450252,2022-11-24,2022-11-24,Active
CARD0000261,CUST074412,ACC0100599,Unknown,733573,2024-07-03,2024-07-03,Active
CARD0000262,CUST096499,ACC0090024,Debit,709363,2023-12-26,2023-12-26,Active
CARD0000263,CUST077599,ACC0043134,Debit,598357,2025-08-06,2025-08-06,Closed
CARD0000264,CUST087747,ACC0082075,Unknown,606693,2022-10-22,2022-10-22,Unknown
CARD0000265,CUST049356,ACC0084702,Credit,946187,2025-08-03,2025-08-03,Inactive
CARD0000266,CUST090929,ACC0125481,Prepaid,910341,2025-05-07,2025-05-07,Inactive
CARD0000267,CUST076903,ACC0128163,Credit,805537,2024-07-04,2024-07-04,Closed
CARD0000268,CUST004761,ACC0125813,Credit,781296,2025-09-21,2025-09-21,Unknown
CARD0000269,CUST044853,ACC0062892,Unknown,729374,2022-01-01,2022-01-01,Active
CARD0000270,CUST071850,ACC0116226,Prepaid,555801,2025-04-11,2025-04-11,Dormant
CARD0000271,CUST012041,ACC0013413,Prepaid,674275,2024-07-08,2024-07-08,Inactive
CARD0000272,CUST016238,ACC0119590,Prepaid,624986,2024-01-29,0000-00-00,Active
CARD0000273,CUST038308,ACC0128152,Credit,763590,2023-10-31,2023-10-31,Dormant
CARD0000274,CUST010425,ACC0072309,Credit,759520,2025-10-25,2025-10-25,Dormant
CARD0000275,CUST038107,ACC0063757,Prepaid,956902,2024-04-28,2024-04-28,Unknown
CARD0000276,CUST088449,ACC0077931,Prepaid,460850,2023-11-09,2023-11-09,Unknown
CARD0000277,CUST073879,ACC0038539,Debit,844491,2024-06-22,2024-06-22,Unknown
CARD0000278,CUST049610,ACC0124031,Debit,789747,2025-03-21,2025-03-21,Unknown
CARD0000279,CUST019086,ACC0065332,Credit,519852,2022-12-14,2022-12-14,Inactive
CARD0000280,CUST042432,ACC0099746,Credit,915346,2022-08-30,2022-08-30,Unknown
CARD0000281,CUST052435,ACC0124390,Credit,456300,2025-11-06,2025-11-06,Inactive
CARD0000282,CUST014223,ACC0010957,Credit,524820,2022-08-17,2022-08-17,Inactive
CARD0000283,CUST085781,ACC0066995,Debit,985955,2023-08-22,2023-08-22,Active
CARD0000284,CUST038346,ACC0124696,Credit,410756,2024-06-24,2024-06-24,Unknown
CARD0000285,CUST073473,ACC0077765,Debit,620994,2025-10-27,2025-10-27,Inactive
CARD0000286,CUST049065,ACC0004225,Credit,760729,2024-10-24,2024-10-24,Dormant
CARD0000287,CUST073495,ACC0062209,Prepaid,965682,2022-02-09,2022-02-09,Active
CARD0000288,CUST098700,ACC0105573,Credit,550387,2022-12-09,2022-12-09,Unknown
CARD0000289,CUST028329,ACC0103199,Credit,907420,2023-11-30,2023-11-30,Dormant
CARD0000290,CUST058931,ACC0015597,Credit,577724,2022-04-06,2022-04-06,Dormant
CARD0000291,CUST089525,ACC0028162,Credit,727383,2024-09-22,2024-09-22,Active
CARD0000292,CUST054614,ACC0031385,Prepaid,970607,2022-01-26,2022-01-26,Active
CARD0000293,CUST048777,ACC0035734,Credit,841380,2024-08-06,2024-08-06,Active
CARD0000294,CUST088048,ACC0128378,Prepaid,668745,2023-08-25,2023-08-25,Inactive
CARD0000295,CUST076147,ACC0029578,Debit,590798,2025-08-26,2025-08-26,Active
CARD0000296,CUST012208,ACC0067752,Debit,409537,2025-02-15,2025-02-15,Dormant
CARD0000297,CUST074353,ACC0101734,Prepaid,585791,2023-09-01,2023-09-01,Closed
CARD0000298,CUST037371,ACC0118187,Credit,904647,2025-01-26,2025-01-26,Active
CARD0000299,CUST017213,ACC0061812,Prepaid,621356,2023-05-13,2023-05-13,Inactive
CARD0000300,CUST043493,ACC0084058,Unknown,814889,2025-08-27,2025-08-27,Active
CARD0000301,CUST095633,ACC0017361,Debit,693141,2022-03-16,2022-03-16,Unknown
CARD0000302,CUST062422,ACC0116721,Prepaid,876268,2024-10-30,2024-10-30,Unknown
CARD0000303,CUST078321,ACC0086561,Prepaid,500416,2024-01-15,2024-01-15,Active
CARD0000304,CUST007380,ACC0069531,Debit,482626,2022-09-25,2022-09-25,Inactive
CARD0000305,CUST057224,ACC0127266,Prepaid,457355,2023-05-04,2023-05-04,Unknown
CARD0000306,CUST086254,ACC0065854,Prepaid,974929,2023-11-10,2023-11-10,Active
CARD0000307,CUST003657,ACC0057471,Debit,440868,2024-04-19,2024-04-19,Unknown
CARD0000308,CUST012138,ACC0084425,Credit,681720,2022-07-13,2022-07-13,Active
CARD0000309,CUST072730,ACC0038645,Prepaid,556373,2025-02-08,2025-02-08,Unknown
CARD0000310,CUST051740,ACC0033370,Debit,856533,2022-10-18,2022-10-18,Unknown
CARD0000311,CUST059973,ACC0110125,Credit,577852,2025-08-02,2025-08-02,Active
CARD0000312,CUST095812,ACC0067941,Credit,566323,2022-04-04,2022-04-04,Dormant
CARD0000313,CUST065271,ACC0036486,Debit,754982,2022-11-28,2022-11-28,Active
CARD0000314,CUST066138,ACC0104067,Credit,642649,2022-07-08,2022-07-08,Unknown
CARD0000315,CUST050144,ACC0044729,Debit,590543,2025-01-22,2025-01-22,Dormant
CARD0000316,CUST086994,ACC0070677,Credit,536058,2024-09-29,2024-09-29,Active
CARD0000317,CUST026059,ACC0040924,Debit,612649,2025-04-06,2025-04-06,Closed
CARD0000318,CUST018362,ACC0040119,Debit,467444,2023-05-01,2023-05-01,Closed
CARD0000319,CUST075600,ACC0052942,Debit,426458,2025-10-15,2025-10-15,Unknown
CARD0000320,CUST079574,ACC0060623,Debit,650688,2022-06-24,2022-06-24,Dormant
CARD0000321,CUST074472,ACC0066501,Debit,501177,2023-11-25,2023-11-25,Closed
CARD0000322,CUST033624,ACC0086963,Prepaid,932526,2023-11-19,2023-11-19,Unknown
CARD0000323,CUST006468,ACC0046901,Credit,970311,2023-11-18,2023-11-18,Unknown
CARD0000324,CUST089286,ACC0043899,Debit,710751,2025-12-27,2025-12-27,Inactive
CARD0000325,CUST047297,ACC0057549,Credit,638527,2024-12-28,2024-12-28,Dormant
CARD0000326,CUST072923,ACC0110451,Prepaid,642824,2025-07-21,2025-07-21,Active
CARD0000327,CUST017712,ACC0053980,Credit,984342,2022-07-21,2022-07-21,Active
CARD0000328,CUST028772,ACC0111161,Debit,429664,2025-07-08,2025-07-08,Inactive
CARD0000329,CUST056255,ACC0063803,Unknown,629090,2024-07-31,2024-07-31,Dormant
CARD0000330,CUST000973,ACC0099813,Prepaid,852851,2025-10-08,2025-10-08,Active
CARD0000331,CUST084532,ACC0064217,Debit,824238,2022-03-06,2022-03-06,Inactive
CARD0000332,CUST016771,ACC0053470,Unknown,743675,2022-04-15,2022-04-15,Active
CARD0000333,CUST039022,ACC0078917,Prepaid,457129,2023-01-02,2023-01-02,Active
CARD0000334,CUST022275,ACC0054021,Credit,425890,2022-12-24,2022-12-24,Closed
CARD0000335,CUST010811,ACC0046324,Credit,693321,2024-04-23,2024-04-23,Dormant
CARD0000336,CUST081455,ACC0042538,Debit,431473,2023-01-26,2023-01-26,Active
CARD0000337,CUST035161,ACC0079555,Prepaid,561715,2024-12-21,2024-12-21,Unknown
CARD0000338,CUST080726,ACC0011716,Prepaid,810740,2022-03-08,2022-03-08,Unknown
CARD0000339,CUST037970,ACC0047910,Credit,625750,2025-04-23,2025-04-23,Active
CARD0000340,CUST060820,ACC0041826,Unknown,808345,2022-08-26,2022-08-26,Active
CARD0000341,CUST028212,ACC0005794,Debit,698994,2025-07-28,2025-07-28,Unknown
CARD0000342,CUST064153,ACC0010732,Credit,429175,2024-07-09,2024-07-09,Unknown
CARD0000343,CUST015156,ACC0049370,Prepaid,489323,2023-10-18,2023-10-18,Dormant
CARD0000344,CUST019866,ACC0096806,Credit,871993,2025-01-16,2025-01-16,Unknown
CARD0000345,CUST068487,ACC0107723,Prepaid,808004,2025-04-12,2025-04-12,Active
CARD0000346,CUST062053,ACC0115164,Credit,679703,2022-05-31,2022-05-31,Dormant
CARD0000347,CUST039177,ACC0059744,Prepaid,427663,2024-12-10,2024-12-10,Dormant
CARD0000348,CUST012902,ACC0041021,Debit,531345,2023-02-03,2023-02-03,Inactive
CARD0000349,CUST030995,ACC0119221,Credit,814065,2025-04-07,2025-04-07,Inactive
CARD0000350,CUST024728,ACC0127926,Prepaid,476063,2024-06-19,2024-06-19,Active
CARD0000351,CUST031682,ACC0061441,Credit,559063,2024-07-13,2024-07-13,Dormant
CARD0000352,CUST013693,ACC0122234,Debit,790361,2024-03-15,2024-03-15,Unknown
CARD0000353,CUST075468,ACC0012725,Debit,407373,2024-02-22,2024-02-22,Unknown
CARD0000354,CUST012388,ACC0117864,Debit,864832,2024-03-30,2024-03-30,Active
CARD0000355,CUST013680,ACC0004612,Credit,620183,2023-01-10,2023-01-10,Active
CARD0000356,CUST033193,ACC0102420,Credit,563412,2024-07-10,2024-07-10,Active
CARD0000357,CUST035200,ACC0120786,Unknown,768398,2024-11-11,2024-11-11,Unknown
CARD0000358,CUST015059,ACC0017994,Debit,402355,2024-07-11,2024-07-11,Unknown
CARD0000359,CUST038504,ACC0116432,Debit,908032,2024-05-06,2024-05-06,Unknown
CARD0000360,CUST018223,ACC0040348,Prepaid,415163,2022-10-15,2022-10-15,Closed
CARD0000361,CUST010637,ACC0089151,Prepaid,426753,2024-01-04,2024-01-04,Dormant
CARD0000362,CUST027849,ACC0004685,Unknown,604543,2025-08-16,2025-08-16,Active
CARD0000363,CUST069975,ACC0119582,Debit,455466,2022-08-01,2022-08-01,Active
CARD0000364,CUST074741,ACC0016637,Credit,753028,2022-10-24,2022-10-24,Inactive
CARD0000365,CUST000938,ACC0007332,Debit,509841,2024-04-19,2024-04-19,Unknown
CARD0000366,CUST032285,ACC0005264,Prepaid,723676,2024-03-19,2024-03-19,Dormant
CARD0000367,CUST096002,ACC0026382,Debit,726673,2022-10-04,2022-10-04,Active
CARD0000368,CUST091799,ACC0025848,Credit,844710,2025-08-02,2025-08-02,Active
CARD0000369,CUST081909,ACC0011846,Unknown,579396,2022-03-02,2022-03-02,Active
CARD0000370,CUST094540,ACC0106190,Credit,982210,2022-12-02,2022-12-02,Inactive
CARD0000371,CUST075643,ACC0008758,Debit,526278,2024-12-06,0000-00-00,Dormant
CARD0000372,CUST088504,ACC0045527,Debit,411625,2024-01-01,2024-01-01,Unknown
CARD0000373,CUST049252,ACC0029430,Credit,803856,2025-04-14,2025-04-14,Dormant
CARD0000374,CUST015693,ACC0060940,Debit,493688,2025-11-30,2025-11-30,Closed
CARD0000375,CUST089176,ACC0047189,Credit,514442,2025-08-22,2025-08-22,Unknown
CARD0000376,CUST015202,ACC0060321,Credit,642946,2023-01-08,2023-01-08,Inactive
CARD0000377,CUST037814,ACC0095807,Unknown,917356,2022-09-06,2022-09-06,Unknown
CARD0000378,CUST051510,ACC0027136,Debit,555154,2022-10-05,2022-10-05,Active
CARD0000379,CUST039426,ACC0075384,Debit,692996,2023-11-25,2023-11-25,Dormant
CARD0000380,CUST080369,ACC0032508,Credit,571132,2025-06-22,2025-06-22,Unknown
CARD0000381,CUST006402,ACC0046861,Credit,789458,2024-01-01,2024-01-01,Unknown
CARD0000382,CUST087595,ACC0019494,Credit,779720,2024-08-01,2024-08-01,Unknown
CARD0000383,CUST058744,ACC0126075,Debit,765236,2022-04-08,2022-04-08,Unknown
CARD0000384,CUST078002,ACC0072302,Unknown,431906,2023-10-06,2023-10-06,Unknown
CARD0000385,CUST064113,ACC0022424,Debit,637114,2023-12-14,2023-12-14,Closed
CARD0000386,CUST084876,ACC0024870,Credit,552258,2025-06-17,2025-06-17,Closed
CARD0000387,CUST040058,ACC0020765,Debit,793174,2023-05-17,2023-05-17,Unknown
CARD0000388,CUST057955,ACC0054836,Credit,877639,2024-08-08,2024-08-08,Inactive
CARD0000389,CUST067802,ACC0035422,Unknown,554955,2022-07-19,2022-07-19,Unknown
CARD0000390,CUST076181,ACC0014145,Prepaid,901996,2024-12-05,2024-12-05,Unknown
CARD0000391,CUST078322,ACC0069743,Prepaid,410870,2025-11-23,2025-11-23,Active
CARD0000392,CUST038950,ACC0086049,Credit,402900,2023-12-19,2023-12-19,Inactive
CARD0000393,CUST063482,ACC0050448,Credit,670831,2023-05-18,2023-05-18,Active
CARD0000394,CUST026285,ACC0120323,Debit,984533,2025-04-06,2025-04-06,Active
CARD0000395,CUST000533,ACC0114545,Debit,753708,2022-10-20,2022-10-20,Closed
CARD0000396,CUST062162,ACC0128094,Prepaid,463836,2023-01-01,2023-01-01,Active
CARD0000397,CUST047397,ACC0038263,Debit,966438,2022-11-30,2022-11-30,Dormant
CARD0000398,CUST013930,ACC0033293,Unknown,831795,2024-01-05,2024-01-05,Unknown
CARD0000399,CUST091987,ACC0106174,Unknown,424052,2024-11-18,2024-11-18,Active
CARD0000400,CUST084751,ACC0073347,Unknown,739362,2025-02-22,2025-02-22,Unknown
CARD0000401,CUST026621,ACC0107872,Debit,777368,2024-12-01,2024-12-01,Inactive
CARD0000402,CUST080114,ACC0006278,Credit,418560,2024-09-27,2024-09-27,Active
CARD0000403,CUST020566,ACC0048078,Credit,844086,2022-01-03,2022-01-03,Unknown
CARD0000404,CUST055888,ACC0058664,Prepaid,998152,2024-04-04,2024-04-04,Active
CARD0000405,CUST031292,ACC0119984,Credit,791709,2024-07-23,2024-07-23,Closed
CARD0000406,CUST043450,ACC0127764,Credit,678414,2022-10-18,2022-10-18,Closed
CARD0000407,CUST031785,ACC0129400,Debit,845300,2025-09-25,2025-09-25,Active
CARD0000408,CUST094676,ACC0100192,Debit,750688,2022-09-20,2022-09-20,Dormant
CARD0000409,CUST049445,ACC0050848,Credit,977361,2025-05-08,2025-05-08,Inactive
CARD0000410,CUST059763,ACC0128550,Credit,973590,2024-01-14,2024-01-14,Unknown
CARD0000411,CUST040049,ACC0064783,Prepaid,894943,2022-07-13,2022-07-13,Unknown
CARD0000412,CUST055159,ACC0091547,Debit,987988,2023-09-10,2023-09-10,Unknown
CARD0000413,CUST079090,ACC0058983,Unknown,619193,2022-04-06,2022-04-06,Active
CARD0000414,CUST067980,ACC0066683,Prepaid,769326,2022-10-31,2022-10-31,Inactive
CARD0000415,CUST019743,ACC0110477,Credit,522464,2024-11-09,2024-11-09,Active
CARD0000416,CUST089840,ACC0039494,Debit,878425,2022-06-29,2022-06-29,Closed
CARD0000417,CUST030452,ACC0097180,Debit,688216,2024-06-28,2024-06-28,Unknown
CARD0000418,CUST054857,ACC0043044,Credit,954145,2024-12-24,2024-12-24,Inactive
CARD0000419,CUST071287,ACC0100904,Debit,547436,2023-07-26,2023-07-26,Active
CARD0000420,CUST020600,ACC0095885,Prepaid,585086,2024-01-22,2024-01-22,Inactive
CARD0000421,CUST037371,ACC0014562,Unknown,477778,2023-12-03,2023-12-03,Dormant
CARD0000422,CUST009147,ACC0002863,Credit,401398,2022-11-27,2022-11-27,Unknown
CARD0000423,CUST070838,ACC0043848,Unknown,981731,2023-12-18,2023-12-18,Inactive
CARD0000424,CUST090991,ACC0087231,Credit,544215,2022-06-01,2022-06-01,Active
CARD0000425,CUST093227,ACC0033307,Debit,423979,2024-02-10,2024-02-10,Unknown
CARD0000426,CUST092621,ACC0002975,Credit,713048,2025-02-18,2025-02-18,Inactive
CARD0000427,CUST037765,ACC0106970,Credit,786513,2022-11-01,2022-11-01,Active
CARD0000428,CUST016722,ACC0099198,Debit,571528,2023-05-03,2023-05-03,Active
CARD0000429,CUST027505,ACC0031805,Debit,414406,2024-11-20,2024-11-20,Unknown
CARD0000430,CUST031749,ACC0045495,Debit,759764,2025-04-08,2025-04-08,Dormant
CARD0000431,CUST040616,ACC0080013,Credit,420784,2022-04-13,2022-04-13,Closed
CARD0000432,CUST038941,ACC0054164,Debit,750438,2022-02-03,2022-02-03,Closed
CARD0000433,CUST094654,ACC0004977,Unknown,508837,2022-06-17,2022-06-17,Inactive
CARD0000434,CUST043821,ACC0125584,Credit,830983,2022-10-24,2022-10-24,Closed
CARD0000435,CUST031238,ACC0019896,Unknown,655780,2024-02-23,2024-02-23,Inactive
CARD0000436,CUST016648,ACC0037687,Credit,489875,2024-07-27,2024-07-27,Unknown
CARD0000437,CUST003301,ACC0004642,Debit,668495,2025-05-05,2025-05-05,Unknown
CARD0000438,CUST069390,ACC0059539,Credit,722457,2025-01-07,2025-01-07,Closed
CARD0000439,CUST019060,ACC0116348,Prepaid,863222,2023-06-13,2023-06-13,Unknown
CARD0000440,CUST089273,ACC0071651,Prepaid,502350,2024-09-23,2024-09-23,Inactive
CARD0000441,CUST037242,ACC0012677,Debit,461032,2024-07-22,2024-07-22,Active
CARD0000442,CUST020058,ACC0070279,Debit,647964,2024-04-05,2024-04-05,Inactive
CARD0000443,CUST049282,ACC0054028,Debit,442276,2023-08-08,2023-08-08,Closed
CARD0000444,CUST018365,ACC0082549,Unknown,985468,2024-09-29,0000-00-00,Dormant
CARD0000445,CUST079176,ACC0094964,Debit,915154,2024-06-02,2024-06-02,Inactive
CARD0000446,CUST074665,ACC0065108,Credit,563922,2025-01-04,2025-01-04,Unknown
CARD0000447,CUST052711,ACC0033989,Unknown,988646,2024-04-16,2024-04-16,Unknown
CARD0000448,CUST092531,ACC0088151,Debit,556301,2025-12-14,2025-12-14,Inactive
CARD0000449,CUST092885,ACC0005481,Debit,533631,2024-08-29,2024-08-29,Active
CARD0000450,CUST064080,ACC0005064,Debit,987897,2025-11-12,2025-11-12,Dormant
CARD0000451,CUST049398,ACC0058934,Credit,883002,2022-07-21,2022-07-21,Dormant
CARD0000452,CUST039025,ACC0036577,Unknown,832255,2024-09-07,2024-09-07,Active
CARD0000453,CUST075988,ACC0000630,Credit,457994,2023-10-07,2023-10-07,Dormant
CARD0000454,CUST056173,ACC0019537,Debit,767280,2025-09-19,2025-09-19,Unknown
CARD0000455,CUST093500,ACC0006649,Credit,537013,2024-08-05,2024-08-05,Unknown
CARD0000456,CUST053625,ACC0057924,Credit,416458,2022-06-09,2022-06-09,Unknown
CARD0000457,CUST086069,ACC0048961,Prepaid,708662,2023-02-24,2023-02-24,Active
CARD0000458,CUST024910,ACC0113459,Unknown,641991,2024-03-20,2024-03-20,Active
CARD0000459,CUST086598,ACC0062000,Unknown,780283,2023-11-25,2023-11-25,Unknown
CARD0000460,CUST039104,ACC0089294,Prepaid,452046,2022-09-26,2022-09-26,Unknown
CARD0000461,CUST020193,ACC0052692,Credit,864537,2025-03-30,2025-03-30,Dormant
CARD0000462,CUST064919,ACC0110068,Unknown,655449,2023-02-13,2023-02-13,Unknown
CARD0000463,CUST037629,ACC0034814,Credit,979400,2022-05-09,2022-05-09,Unknown
CARD0000464,CUST082518,ACC0026533,Unknown,591412,2023-06-17,2023-06-17,Unknown
CARD0000465,CUST066832,ACC0016592,Debit,732567,2022-03-24,0000-00-00,Unknown
CARD0000466,CUST055753,ACC0034608,Debit,441126,2024-04-17,2024-04-17,Unknown
CARD0000467,CUST091708,ACC0083974,Credit,776635,2023-12-25,2023-12-25,Unknown
CARD0000468,CUST052976,ACC0109339,Credit,695585,2022-02-17,2022-02-17,Dormant
CARD0000469,CUST035181,ACC0021136,Credit,829787,2025-03-30,2025-03-30,Unknown
CARD0000470,CUST060937,ACC0068238,Unknown,900650,2025-11-16,2025-11-16,Unknown
CARD0000471,CUST014273,ACC0075557,Prepaid,783674,2025-10-30,2025-10-30,Dormant
CARD0000472,CUST070670,ACC0013853,Credit,947996,2025-06-18,2025-06-18,Active
CARD0000473,CUST088533,ACC0113641,Unknown,990758,2023-10-24,2023-10-24,Inactive
CARD0000474,CUST066973,ACC0091736,Debit,481504,2022-01-08,2022-01-08,Closed
CARD0000475,CUST023945,ACC0126582,Prepaid,963431,2022-06-17,2022-06-17,Unknown
CARD0000476,CUST055128,ACC0008229,Credit,478027,2022-06-16,2022-06-16,Unknown
CARD0000477,CUST080503,ACC0017869,Debit,766995,2022-08-21,2022-08-21,Unknown
CARD0000478,CUST083916,ACC0040044,Debit,420569,2025-09-02,2025-09-02,Unknown
CARD0000479,CUST029802,ACC0077234,Unknown,647710,2024-02-11,2024-02-11,Active
CARD0000480,CUST081011,ACC0094883,Debit,515733,2022-10-05,2022-10-05,Closed
CARD0000481,CUST010095,ACC0084901,Credit,825923,2025-05-05,2025-05-05,Inactive
CARD0000482,CUST039216,ACC0094658,Credit,719483,2022-06-15,2022-06-15,Unknown
CARD0000483,CUST043418,ACC0043416,Credit,564590,2023-04-22,2023-04-22,Inactive
CARD0000484,CUST024559,ACC0026148,Debit,659869,2024-07-08,2024-07-08,Dormant
CARD0000485,CUST051804,ACC0029160,Debit,652729,2024-12-10,2024-12-10,Active
CARD0000486,CUST044791,ACC0097115,Unknown,810976,2022-03-18,2022-03-18,Inactive
CARD0000487,CUST056675,ACC0068721,Debit,904135,2023-03-08,2023-03-08,Active
CARD0000488,CUST097915,ACC0055864,Unknown,782264,2024-05-16,2024-05-16,Dormant
CARD0000489,CUST075611,ACC0073142,Credit,605897,2022-11-18,2022-11-18,Dormant
CARD0000490,CUST031555,ACC0014311,Credit,807441,2023-11-09,2023-11-09,Dormant
CARD0000491,CUST048953,ACC0007532,Debit,955498,2024-02-14,2024-02-14,Dormant
CARD0000492,CUST082206,ACC0060243,Debit,935893,2024-04-24,2024-04-24,Unknown
CARD0000493,CUST007946,ACC0118708,Prepaid,778725,2023-04-08,2023-04-08,Active
CARD0000494,CUST081964,ACC0106761,Debit,856606,2022-09-09,2022-09-09,Dormant
CARD0000495,CUST070035,ACC0035231,Credit,999712,2023-07-21,2023-07-21,Active
CARD0000496,CUST059492,ACC0004429,Prepaid,503312,2022-05-09,2022-05-09,Dormant
CARD0000497,CUST043268,ACC0058080,Debit,774430,2023-04-27,2023-04-27,Inactive
CARD0000498,CUST014561,ACC0058158,Debit,598931,2022-04-29,2022-04-29,Unknown
CARD0000499,CUST067912,ACC0125500,Debit,992007,2023-12-09,2023-12-09,Active
CARD0000500,CUST047421,ACC0021190,Unknown,729804,2025-10-27,2025-10-27,Inactive
CARD0000501,CUST083111,ACC0030162,Prepaid,471735,2023-07-12,2023-07-12,Dormant
CARD0000502,CUST001784,ACC0067729,Credit,469707,2022-11-11,2022-11-11,Active
CARD0000503,CUST044239,ACC0056234,Prepaid,971221,2025-06-04,2025-06-04,Active
CARD0000504,CUST025749,ACC0015427,Credit,977313,2025-07-24,2025-07-24,Active
CARD0000505,CUST023277,ACC0024687,Debit,964340,2022-08-29,2022-08-29,Active
CARD0000506,CUST081621,ACC0072542,Unknown,412469,2025-08-17,2025-08-17,Active
CARD0000507,CUST068715,ACC0083697,Unknown,461383,2022-12-01,2022-12-01,Active
CARD0000508,CUST019005,ACC0001497,Prepaid,688872,2025-12-16,2025-12-16,Active
CARD0000509,CUST070922,ACC0115777,Unknown,524745,2022-03-06,2022-03-06,Dormant
CARD0000510,CUST090634,ACC0094846,Debit,622830,2025-09-23,2025-09-23,Unknown
CARD0000511,CUST030615,ACC0002298,Credit,939156,2024-05-06,2024-05-06,Active
CARD0000512,CUST094993,ACC0018380,Debit,579420,2022-05-10,2022-05-10,Inactive
CARD0000513,CUST034123,ACC0125206,Prepaid,851963,2025-06-17,2025-06-17,Unknown
CARD0000514,CUST033849,ACC0124550,Unknown,448138,2022-11-21,2022-11-21,Unknown
CARD0000515,CUST036408,ACC0069092,Debit,925800,2022-01-18,2022-01-18,Unknown
CARD0000516,CUST075950,ACC0030344,Debit,664789,2024-09-18,2024-09-18,Unknown
CARD0000517,CUST017852,ACC0082835,Credit,543654,2023-09-29,2023-09-29,Inactive
CARD0000518,CUST064564,ACC0127929,Debit,640377,2022-12-31,2022-12-31,Unknown
CARD0000519,CUST050408,ACC0045161,Unknown,812880,2022-08-29,2022-08-29,Active
CARD0000520,CUST007002,ACC0111927,Debit,887212,2023-06-06,2023-06-06,Dormant
CARD0000521,CUST042208,ACC0122504,Debit,774975,2022-04-04,2022-04-04,Active
CARD0000522,CUST077377,ACC0122013,Prepaid,989420,2025-09-06,2025-09-06,Inactive
CARD0000523,CUST038172,ACC0071158,Credit,653517,2022-01-06,2022-01-06,Unknown
CARD0000524,CUST049827,ACC0039312,Unknown,941829,2022-05-27,2022-05-27,Closed
CARD0000525,CUST040483,ACC0028493,Prepaid,435212,2022-10-03,2022-10-03,Active
CARD0000526,CUST070626,ACC0054635,Prepaid,975591,2023-01-17,0000-00-00,Active
CARD0000527,CUST066478,ACC0028659,Debit,403231,2025-06-07,2025-06-07,Active
CARD0000528,CUST024459,ACC0011999,Debit,826563,2022-08-09,2022-08-09,Dormant
CARD0000529,CUST094400,ACC0111830,Prepaid,688618,2024-03-10,2024-03-10,Unknown
CARD0000530,CUST094708,ACC0123936,Prepaid,742467,2024-06-15,2024-06-15,Closed
CARD0000531,CUST026189,ACC0007669,Debit,442347,2024-10-03,2024-10-03,Inactive
CARD0000532,CUST034072,ACC0105031,Unknown,909369,2022-12-29,2022-12-29,Unknown
CARD0000533,CUST072354,ACC0098726,Credit,865031,2025-04-04,2025-04-04,Unknown
CARD0000534,CUST025573,ACC0128702,Credit,974688,2023-08-07,2023-08-07,Inactive
CARD0000535,CUST005700,ACC0001117,Credit,403992,2022-10-12,2022-10-12,Active
CARD0000536,CUST046534,ACC0074516,Credit,973353,2023-01-29,2023-01-29,Closed
CARD0000537,CUST069019,ACC0122546,Debit,534896,2022-01-10,2022-01-10,Unknown
CARD0000538,CUST074790,ACC0129223,Debit,594898,2022-10-17,2022-10-17,Active
CARD0000539,CUST043419,ACC0088955,Credit,808962,2024-12-03,2024-12-03,Active
CARD0000540,CUST004436,ACC0108267,Credit,967150,2024-11-03,2024-11-03,Active
CARD0000541,CUST076689,ACC0114506,Credit,856767,2022-09-24,2022-09-24,Unknown
CARD0000542,CUST066832,ACC0122164,Prepaid,607896,2024-02-22,2024-02-22,Unknown
CARD0000543,CUST070447,ACC0090222,Unknown,868483,2023-09-15,2023-09-15,Unknown
CARD0000544,CUST034841,ACC0035464,Prepaid,520231,2024-08-28,2024-08-28,Unknown
CARD0000545,CUST081866,ACC0106667,Prepaid,919523,2022-06-29,2022-06-29,Closed
CARD0000546,CUST056543,ACC0006367,Prepaid,436679,2025-02-01,2025-02-01,Unknown
CARD0000547,CUST085470,ACC0074296,Debit,841750,2022-02-16,2022-02-16,Active
CARD0000548,CUST027087,ACC0063541,Prepaid,848491,2025-10-20,2025-10-20,Unknown
CARD0000549,CUST092768,ACC0066334,Debit,466456,2024-11-06,2024-11-06,Active
CARD0000550,CUST011248,ACC0072837,Credit,508962,2022-06-16,2022-06-16,Inactive
CARD0000551,CUST079487,ACC0013199,Unknown,498723,2022-01-24,2022-01-24,Unknown
CARD0000552,CUST025107,ACC0038131,Debit,586193,2023-10-28,2023-10-28,Closed
CARD0000553,CUST012951,ACC0025690,Prepaid,709085,2024-03-05,2024-03-05,Unknown
CARD0000554,CUST046386,ACC0046333,Prepaid,975922,2023-11-25,2023-11-25,Unknown
CARD0000555,CUST097154,ACC0117011,Debit,980347,2024-06-21,2024-06-21,Active
CARD0000556,CUST014000,ACC0085797,Credit,597319,2025-05-20,2025-05-20,Unknown
CARD0000557,CUST023213,ACC0091528,Prepaid,514703,2022-06-24,2022-06-24,Unknown
CARD0000558,CUST019741,ACC0031223,Prepaid,871861,2025-12-15,2025-12-15,Inactive
CARD0000559,CUST073212,ACC0085149,Unknown,407233,2024-12-28,2024-12-28,Inactive
CARD0000560,CUST016469,ACC0039115,Credit,575559,2025-05-08,2025-05-08,Closed
CARD0000561,CUST047619,ACC0085857,Prepaid,627711,2025-12-22,2025-12-22,Dormant
CARD0000562,CUST097298,ACC0088044,Credit,806135,2025-03-10,2025-03-10,Unknown
CARD0000563,CUST042050,ACC0009615,Credit,403558,2023-09-19,2023-09-19,Unknown
CARD0000564,CUST048090,ACC0091971,Debit,822911,2023-07-30,2023-07-30,Active
CARD0000565,CUST078570,ACC0065557,Unknown,839633,2025-07-27,2025-07-27,Unknown
CARD0000566,CUST043887,ACC0104293,Credit,758578,2022-02-01,2022-02-01,Active
CARD0000567,CUST010748,ACC0001353,Prepaid,984831,2024-09-03,2024-09-03,Inactive
CARD0000568,CUST040674,ACC0010579,Credit,531588,2024-05-05,2024-05-05,Active
CARD0000569,CUST040489,ACC0124858,Debit,696106,2022-08-21,2022-08-21,Unknown
CARD0000570,CUST012020,ACC0009904,Debit,789533,2023-08-07,2023-08-07,Unknown
CARD0000571,CUST023427,ACC0068280,Prepaid,999363,2024-02-18,2024-02-18,Active
CARD0000572,CUST093050,ACC0116115,Credit,748143,2022-06-07,2022-06-07,Unknown
CARD0000573,CUST048533,ACC0017018,Prepaid,435956,2025-07-29,2025-07-29,Unknown
CARD0000574,CUST030294,ACC0011794,Credit,913793,2023-11-26,2023-11-26,Unknown
CARD0000575,CUST003345,ACC0116075,Debit,615572,2023-07-10,2023-07-10,Unknown
CARD0000576,CUST030824,ACC0050427,Credit,577942,2023-02-26,2023-02-26,Active
CARD0000577,CUST033639,ACC0074150,Credit,466688,2022-10-25,2022-10-25,Dormant
CARD0000578,CUST019545,ACC0047751,Credit,715220,2024-01-05,2024-01-05,Active
CARD0000579,CUST008489,ACC0102202,Credit,811160,2024-03-26,2024-03-26,Unknown
CARD0000580,CUST011871,ACC0066906,Prepaid,710839,2023-05-18,2023-05-18,Dormant
CARD0000581,CUST008102,ACC0068516,Credit,685881,2023-06-15,2023-06-15,Closed
CARD0000582,CUST007713,ACC0053436,Unknown,632824,2024-11-19,2024-11-19,Active
CARD0000583,CUST080956,ACC0081363,Unknown,590412,2025-12-13,2025-12-13,Inactive
CARD0000584,CUST022424,ACC0067725,Unknown,922053,2025-02-08,2025-02-08,Dormant
CARD0000585,CUST039447,ACC0088530,Unknown,428451,2024-09-24,2024-09-24,Inactive
CARD0000586,CUST072014,ACC0004408,Debit,758764,2024-01-02,2024-01-02,Closed
CARD0000587,CUST012649,ACC0087863,Debit,633125,2024-02-14,2024-02-14,Unknown
CARD0000588,CUST092794,ACC0079048,Credit,460846,2024-08-14,2024-08-14,Dormant
CARD0000589,CUST089360,ACC0005731,Credit,691009,2025-12-21,2025-12-21,Dormant
CARD0000590,CUST089626,ACC0038188,Credit,632985,2022-01-20,2022-01-20,Dormant
CARD0000591,CUST071074,ACC0039858,Debit,757586,2025-08-10,2025-08-10,Active
CARD0000592,CUST085730,ACC0129915,Unknown,874475,2023-08-17,2023-08-17,Inactive
CARD0000593,CUST004130,ACC0110641,Unknown,432402,2022-12-24,2022-12-24,Inactive
CARD0000594,CUST073473,ACC0029391,Debit,818242,2025-09-20,2025-09-20,Unknown
CARD0000595,CUST004627,ACC0021313,Credit,687487,2022-10-09,2022-10-09,Active
CARD0000596,CUST005975,ACC0017264,Credit,460738,2024-09-02,2024-09-02,Active
CARD0000597,CUST054377,ACC0027137,Debit,698904,2024-02-20,2024-02-20,Dormant
CARD0000598,CUST033515,ACC0107708,Prepaid,749307,2022-07-08,2022-07-08,Unknown
CARD0000599,CUST008117,ACC0043961,Prepaid,513836,2025-02-26,2025-02-26,Active
CARD0000600,CUST031987,ACC0025187,Debit,598514,2022-08-14,2022-08-14,Inactive
CARD0000601,CUST097319,ACC0052780,Credit,455760,2024-05-04,2024-05-04,Unknown
CARD0000602,CUST054052,ACC0065856,Credit,681791,2024-04-04,2024-04-04,Active
CARD0000603,CUST014959,ACC0116987,Credit,463920,2025-05-18,2025-05-18,Unknown
CARD0000604,CUST034583,ACC0031065,Credit,635873,2024-04-16,2024-04-16,Closed
CARD0000605,CUST027472,ACC0069086,Debit,465199,2022-02-14,2022-02-14,Active
CARD0000606,CUST021740,ACC0008662,Debit,739462,2025-04-28,2025-04-28,Inactive
CARD0000607,CUST089727,ACC0105209,Unknown,931221,2023-09-29,2023-09-29,Active
CARD0000608,CUST050359,ACC0115851,Credit,808209,2024-06-14,2024-06-14,Inactive
CARD0000609,CUST012770,ACC0053488,Prepaid,406390,2024-10-25,2024-10-25,Active
CARD0000610,CUST046867,ACC0079453,Unknown,600110,2025-06-13,2025-06-13,Unknown
CARD0000611,CUST028886,ACC0117316,Prepaid,489781,2024-01-23,2024-01-23,Unknown
CARD0000612,CUST093021,ACC0083028,Debit,777114,2025-12-04,2025-12-04,Active
CARD0000613,CUST068303,ACC0027905,Debit,735116,2024-12-16,2024-12-16,Unknown
CARD0000614,CUST092993,ACC0012593,Credit,921296,2023-04-01,2023-04-01,Active
CARD0000615,CUST017556,ACC0007662,Debit,860110,2023-09-04,2023-09-04,Unknown
CARD0000616,CUST083510,ACC0044942,Credit,929249,2023-07-31,2023-07-31,Active
CARD0000617,CUST046060,ACC0022712,Prepaid,749184,2023-06-16,2023-06-16,Active
CARD0000618,CUST051784,ACC0085687,Unknown,542043,2024-11-01,2024-11-01,Active
CARD0000619,CUST051540,ACC0078678,Credit,852315,2023-12-26,2023-12-26,Unknown
CARD0000620,CUST023621,ACC0019577,Debit,740779,2022-08-31,2022-08-31,Closed
CARD0000621,CUST046117,ACC0104687,Credit,471034,2025-12-17,2025-12-17,Dormant
CARD0000622,CUST094154,ACC0128306,Prepaid,868198,2024-07-07,2024-07-07,Dormant
CARD0000623,CUST051604,ACC0049529,Credit,542248,2022-09-21,2022-09-21,Active
CARD0000624,CUST080884,ACC0080160,Debit,429248,2023-01-03,2023-01-03,Dormant
CARD0000625,CUST062085,ACC0025736,Prepaid,929317,2022-03-17,2022-03-17,Active
CARD0000626,CUST003624,ACC0020828,Credit,739014,2023-01-16,2023-01-16,Inactive
CARD0000627,CUST099725,ACC0054368,Unknown,578528,2025-07-01,2025-07-01,Active
CARD0000628,CUST077248,ACC0127261,Unknown,686310,2023-02-16,0000-00-00,Dormant
CARD0000629,CUST063348,ACC0069269,Debit,832015,2023-02-13,2023-02-13,Active
CARD0000630,CUST049757,ACC0084268,Debit,856729,2024-03-18,2024-03-18,Dormant
CARD0000631,CUST023497,ACC0027679,Debit,431396,2023-06-08,2023-06-08,Closed
CARD0000632,CUST055422,ACC0032222,Debit,690955,2025-12-19,2025-12-19,Dormant
CARD0000633,CUST065118,ACC0110744,Prepaid,872699,2024-05-03,2024-05-03,Unknown
CARD0000634,CUST065327,ACC0098394,Credit,712546,2024-09-13,2024-09-13,Active
CARD0000635,CUST012462,ACC0017292,Unknown,710676,2025-12-04,2025-12-04,Dormant
CARD0000636,CUST016145,ACC0092217,Unknown,496449,2022-10-12,2022-10-12,Inactive
CARD0000637,CUST048964,ACC0115964,Prepaid,930767,2022-08-30,2022-08-30,Inactive
CARD0000638,CUST049962,ACC0041653,Unknown,635923,2025-02-06,2025-02-06,Active
CARD0000639,CUST048474,ACC0059192,Unknown,632227,2025-05-16,2025-05-16,Inactive
CARD0000640,CUST060731,ACC0007165,Unknown,868944,2022-08-31,2022-08-31,Dormant
CARD0000641,CUST006119,ACC0103312,Debit,426671,2025-09-03,2025-09-03,Active
CARD0000642,CUST022699,ACC0022770,Prepaid,629121,2025-04-01,2025-04-01,Closed
CARD0000643,CUST080884,ACC0052322,Prepaid,844798,2025-10-20,2025-10-20,Dormant
CARD0000644,CUST004534,ACC0027721,Prepaid,950587,2025-03-29,2025-03-29,Active
CARD0000645,CUST073540,ACC0018518,Prepaid,895041,2024-11-30,2024-11-30,Dormant
CARD0000646,CUST002280,ACC0125338,Prepaid,609158,2025-07-27,2025-07-27,Unknown
CARD0000647,CUST022780,ACC0016199,Debit,544013,2024-12-27,2024-12-27,Unknown
CARD0000648,CUST032742,ACC0076503,Unknown,510316,2022-05-04,2022-05-04,Closed
CARD0000649,CUST016218,ACC0059052,Credit,579085,2022-06-15,2022-06-15,Active
CARD0000650,CUST087473,ACC0098022,Credit,415058,2025-04-26,2025-04-26,Closed
CARD0000651,CUST087549,ACC0094787,Debit,825943,2022-09-20,2022-09-20,Closed
CARD0000652,CUST081174,ACC0068787,Debit,936417,2023-05-30,2023-05-30,Closed
CARD0000653,CUST043401,ACC0092076,Debit,882694,2024-02-03,0000-00-00,Unknown
CARD0000654,CUST088278,ACC0051972,Debit,761420,2023-06-15,2023-06-15,Active
CARD0000655,CUST042883,ACC0117319,Debit,763844,2022-05-25,2022-05-25,Unknown
CARD0000656,CUST064561,ACC0092972,Debit,505547,2025-12-13,2025-12-13,Active
CARD0000657,CUST038430,ACC0011239,Prepaid,638052,2024-05-30,2024-05-30,Unknown
CARD0000658,CUST093847,ACC0055148,Debit,469250,2022-11-08,2022-11-08,Inactive
CARD0000659,CUST000516,ACC0048367,Prepaid,937726,2022-07-11,2022-07-11,Active
CARD0000660,CUST083517,ACC0037641,Credit,636700,2022-09-14,2022-09-14,Inactive
CARD0000661,CUST079901,ACC0012048,Prepaid,598495,2022-12-14,2022-12-14,Closed
CARD0000662,CUST083568,ACC0069945,Prepaid,532701,2023-02-24,2023-02-24,Closed
CARD0000663,CUST073985,ACC0006661,Unknown,949914,2024-04-22,2024-04-22,Active
CARD0000664,CUST052221,ACC0019142,Prepaid,445726,2024-05-03,2024-05-03,Active
CARD0000665,CUST067218,ACC0108013,Prepaid,917634,2023-12-02,2023-12-02,Closed
CARD0000666,CUST076146,ACC0010600,Unknown,560210,2024-03-10,2024-03-10,Inactive
CARD0000667,CUST095093,ACC0058177,Debit,519985,2023-12-06,2023-12-06,Active
CARD0000668,CUST006094,ACC0110628,Credit,429332,2023-11-08,2023-11-08,Unknown
CARD0000669,CUST046051,ACC0041051,Credit,627099,2024-09-06,2024-09-06,Dormant
CARD0000670,CUST071996,ACC0026807,Credit,660629,2024-09-14,2024-09-14,Closed
CARD0000671,CUST004440,ACC0065089,Debit,898914,2023-05-13,2023-05-13,Unknown
CARD0000672,CUST022756,ACC0017574,Credit,495229,2023-10-04,2023-10-04,Inactive
CARD0000673,CUST039595,ACC0111054,Prepaid,620509,2024-10-06,2024-10-06,Unknown
CARD0000674,CUST087445,ACC0114827,Unknown,629310,2025-05-14,2025-05-14,Inactive
CARD0000675,CUST028261,ACC0064703,Debit,990150,2025-05-25,2025-05-25,Active
CARD0000676,CUST082586,ACC0086748,Debit,869788,2025-09-25,2025-09-25,Unknown
CARD0000677,CUST095804,ACC0028888,Credit,923981,2023-02-12,2023-02-12,Active
CARD0000678,CUST037498,ACC0071543,Unknown,849224,2023-02-02,2023-02-02,Active
CARD0000679,CUST083167,ACC0120315,Debit,654028,2023-03-07,2023-03-07,Inactive
CARD0000680,CUST091971,ACC0040286,Debit,859347,2025-12-05,2025-12-05,Active
CARD0000681,CUST054114,ACC0074154,Debit,634148,2024-08-19,2024-08-19,Unknown
CARD0000682,CUST042527,ACC0044579,Unknown,777901,2024-11-12,2024-11-12,Closed
CARD0000683,CUST030124,ACC0012384,Credit,455146,2025-02-24,2025-02-24,Active
CARD0000684,CUST011249,ACC0122763,Debit,431348,2025-09-17,2025-09-17,Active
CARD0000685,CUST017554,ACC0061962,Credit,456366,2023-07-09,2023-07-09,Closed
CARD0000686,CUST032081,ACC0073652,Debit,964284,2023-11-28,2023-11-28,Closed
CARD0000687,CUST057209,ACC0126768,Debit,712411,2025-02-25,2025-02-25,Active
CARD0000688,CUST041872,ACC0078623,Prepaid,507680,2023-09-27,2023-09-27,Active
CARD0000689,CUST071013,ACC0016498,Debit,913354,2022-12-31,2022-12-31,Unknown
CARD0000690,CUST076593,ACC0006560,Debit,408383,2023-03-18,0000-00-00,Active
CARD0000691,CUST081998,ACC0025332,Debit,453535,2023-05-25,2023-05-25,Dormant
CARD0000692,CUST071821,ACC0103285,Credit,752113,2023-09-11,2023-09-11,Inactive
CARD0000693,CUST000255,ACC0012881,Debit,799190,2024-08-03,2024-08-03,Unknown
CARD0000694,CUST071896,ACC0072554,Credit,586264,2023-12-16,2023-12-16,Dormant
CARD0000695,CUST055381,ACC0005773,Credit,604061,2024-07-18,2024-07-18,Dormant
CARD0000696,CUST071520,ACC0021562,Prepaid,906436,2024-07-21,2024-07-21,Active
CARD0000697,CUST003792,ACC0073121,Credit,782345,2023-09-29,2023-09-29,Active
CARD0000698,CUST074761,ACC0092251,Credit,629376,2023-09-14,2023-09-14,Unknown
CARD0000699,CUST097787,ACC0069673,Credit,632571,2023-06-05,2023-06-05,Active
CARD0000700,CUST042710,ACC0118799,Unknown,876890,2025-05-30,2025-05-30,Active
CARD0000701,CUST092679,ACC0036060,Prepaid,538226,2023-12-20,2023-12-20,Dormant
CARD0000702,CUST018913,ACC0080675,Unknown,941950,2025-05-14,2025-05-14,Inactive
CARD0000703,CUST038741,ACC0049179,Credit,670989,2024-05-19,2024-05-19,Unknown
CARD0000704,CUST057752,ACC0101539,Prepaid,733207,2023-12-15,2023-12-15,Inactive
CARD0000705,CUST061459,ACC0038963,Credit,660852,2023-04-11,2023-04-11,Closed
CARD0000706,CUST060490,ACC0056597,Unknown,508583,2025-11-04,2025-11-04,Closed
CARD0000707,CUST088151,ACC0008701,Debit,499111,2024-04-08,2024-04-08,Active
CARD0000708,CUST043042,ACC0080360,Debit,893119,2022-05-12,2022-05-12,Active
CARD0000709,CUST055153,ACC0076269,Unknown,945663,2024-07-05,2024-07-05,Unknown
CARD0000710,CUST033565,ACC0029659,Unknown,855883,2024-07-29,2024-07-29,Inactive
CARD0000711,CUST051454,ACC0079004,Unknown,460895,2024-08-19,2024-08-19,Closed
CARD0000712,CUST097003,ACC0045407,Debit,496001,2024-09-12,2024-09-12,Active
CARD0000713,CUST036217,ACC0115198,Prepaid,561121,2024-11-20,2024-11-20,Closed
CARD0000714,CUST054602,ACC0121781,Credit,669059,2023-03-03,2023-03-03,Unknown
CARD0000715,CUST004204,ACC0017419,Prepaid,779960,2025-07-31,2025-07-31,Dormant
CARD0000716,CUST059346,ACC0100742,Prepaid,572422,2022-04-14,2022-04-14,Active
CARD0000717,CUST066166,ACC0072068,Debit,729285,2023-05-23,2023-05-23,Unknown
CARD0000718,CUST030144,ACC0009760,Debit,849796,2024-04-07,2024-04-07,Unknown
CARD0000719,CUST087220,ACC0041169,Debit,733007,2022-02-12,2022-02-12,Unknown
CARD0000720,CUST002996,ACC0030389,Prepaid,491863,2025-09-11,2025-09-11,Inactive
CARD0000721,CUST099353,ACC0014075,Unknown,816696,2025-05-30,2025-05-30,Active
CARD0000722,CUST009235,ACC0039886,Credit,921490,2024-04-12,2024-04-12,Unknown
CARD0000723,CUST077456,ACC0027071,Debit,535465,2024-04-09,2024-04-09,Inactive
CARD0000724,CUST015480,ACC0008404,Credit,806531,2024-07-04,2024-07-04,Active
CARD0000725,CUST058834,ACC0039530,Credit,404229,2022-01-08,2022-01-08,Active
CARD0000726,CUST071410,ACC0107292,Credit,674491,2023-01-16,2023-01-16,Dormant
CARD0000727,CUST020809,ACC0095192,Credit,751075,2025-04-02,2025-04-02,Unknown
CARD0000728,CUST029729,ACC0048967,Debit,577272,2023-05-21,2023-05-21,Active
CARD0000729,CUST062336,ACC0065188,Debit,976803,2022-02-08,2022-02-08,Dormant
CARD0000730,CUST085139,ACC0107379,Debit,448980,2025-03-26,2025-03-26,Unknown
CARD0000731,CUST029815,ACC0117820,Debit,659258,2022-09-06,2022-09-06,Unknown
CARD0000732,CUST061374,ACC0001270,Credit,625923,2025-11-01,2025-11-01,Active
CARD0000733,CUST078094,ACC0088714,Debit,607984,2023-10-30,2023-10-30,Unknown
CARD0000734,CUST090253,ACC0073280,Credit,739510,2025-03-26,2025-03-26,Dormant
CARD0000735,CUST055979,ACC0070889,Debit,997074,2025-06-07,2025-06-07,Dormant
CARD0000736,CUST072744,ACC0061471,Unknown,416232,2025-09-30,2025-09-30,Inactive
CARD0000737,CUST042242,ACC0093799,Unknown,533862,2024-01-04,2024-01-04,Inactive
CARD0000738,CUST085650,ACC0090969,Debit,680608,2022-07-14,2022-07-14,Active
CARD0000739,CUST094116,ACC0107102,Unknown,695512,2022-04-21,2022-04-21,Dormant
CARD0000740,CUST058503,ACC0046609,Credit,584884,2022-01-05,2022-01-05,Active
CARD0000741,CUST077915,ACC0090935,Debit,524277,2023-03-04,2023-03-04,Dormant
CARD0000742,CUST093960,ACC0008370,Debit,741630,2024-02-10,2024-02-10,Unknown
CARD0000743,CUST068808,ACC0065580,Debit,730349,2023-03-17,2023-03-17,Dormant
CARD0000744,CUST087582,ACC0029805,Prepaid,575068,2022-09-23,2022-09-23,Inactive
CARD0000745,CUST075364,ACC0112623,Unknown,825036,2022-07-24,2022-07-24,Unknown
CARD0000746,CUST015285,ACC0101482,Unknown,496724,2023-01-20,0000-00-00,Dormant
CARD0000747,CUST061840,ACC0095150,Debit,406972,2025-11-18,2025-11-18,Unknown
CARD0000748,CUST072999,ACC0120212,Credit,686537,2025-07-13,2025-07-13,Dormant
CARD0000749,CUST051152,ACC0112321,Debit,987418,2024-07-30,2024-07-30,Active
CARD0000750,CUST076787,ACC0063618,Debit,641070,2023-11-14,2023-11-14,Unknown
CARD0000751,CUST024460,ACC0077129,Credit,497107,2025-03-26,2025-03-26,Closed
CARD0000752,CUST051452,ACC0054318,Credit,964591,2024-03-30,2024-03-30,Active
CARD0000753,CUST005242,ACC0011178,Unknown,419046,2025-12-06,2025-12-06,Closed
CARD0000754,CUST096245,ACC0070761,Credit,634543,2022-09-24,2022-09-24,Unknown
CARD0000755,CUST015415,ACC0097140,Credit,639815,2023-07-04,2023-07-04,Active
CARD0000756,CUST032684,ACC0093102,Unknown,407097,2023-01-31,2023-01-31,Unknown
CARD0000757,CUST027365,ACC0061646,Prepaid,843383,2024-06-16,2024-06-16,Closed
CARD0000758,CUST044151,ACC0044015,Debit,910041,2025-03-16,2025-03-16,Active
CARD0000759,CUST002940,ACC0002077,Prepaid,831497,2024-02-20,2024-02-20,Closed
CARD0000760,CUST081856,ACC0095749,Prepaid,669981,2025-11-18,2025-11-18,Closed
CARD0000761,CUST096501,ACC0047793,Prepaid,896179,2024-01-09,0000-00-00,Active
CARD0000762,CUST015612,ACC0020526,Unknown,887726,2023-11-19,2023-11-19,Unknown
CARD0000763,CUST024795,ACC0111254,Credit,896721,2022-07-23,2022-07-23,Unknown
CARD0000764,CUST008559,ACC0053126,Unknown,520117,2024-08-21,2024-08-21,Active
CARD0000765,CUST006464,ACC0106387,Debit,619874,2024-09-25,2024-09-25,Active
CARD0000766,CUST006845,ACC0073359,Prepaid,807895,2024-05-19,2024-05-19,Active
CARD0000767,CUST085514,ACC0053989,Debit,452376,2024-04-23,2024-04-23,Dormant
CARD0000768,CUST010423,ACC0093733,Debit,746200,2025-12-29,0000-00-00,Unknown
CARD0000769,CUST006495,ACC0002352,Debit,414932,2024-03-28,2024-03-28,Inactive
CARD0000770,CUST062384,ACC0008863,Debit,481946,2022-01-08,2022-01-08,Active
CARD0000771,CUST089074,ACC0072811,Prepaid,685540,2022-08-16,2022-08-16,Active
CARD0000772,CUST074684,ACC0008501,Debit,705784,2024-01-25,2024-01-25,Dormant
CARD0000773,CUST092697,ACC0042579,Debit,582857,2022-08-11,2022-08-11,Active
CARD0000774,CUST020180,ACC0000963,Debit,639516,2022-09-21,2022-09-21,Active
CARD0000775,CUST024976,ACC0059699,Unknown,590673,2024-10-10,0000-00-00,Unknown
CARD0000776,CUST065678,ACC0043203,Debit,622895,2023-04-21,2023-04-21,Dormant
CARD0000777,CUST013597,ACC0041051,Credit,456636,2022-06-20,2022-06-20,Dormant
CARD0000778,CUST006828,ACC0041752,Debit,969800,2022-11-20,2022-11-20,Unknown
CARD0000779,CUST098926,ACC0070220,Credit,562108,2022-05-07,2022-05-07,Active
CARD0000780,CUST019773,ACC0081364,Unknown,957125,2025-01-14,2025-01-14,Active
CARD0000781,CUST046573,ACC0031681,Credit,402285,2022-09-01,2022-09-01,Inactive
CARD0000782,CUST018893,ACC0019874,Prepaid,500204,2024-12-22,2024-12-22,Unknown
CARD0000783,CUST060317,ACC0089672,Debit,800047,2024-02-23,2024-02-23,Closed
CARD0000784,CUST059789,ACC0128180,Credit,791060,2023-11-09,2023-11-09,Active
CARD0000785,CUST068806,ACC0113546,Prepaid,790533,2023-08-23,2023-08-23,Active
CARD0000786,CUST033636,ACC0097881,Unknown,929639,2025-12-22,2025-12-22,Unknown
CARD0000787,CUST017416,ACC0053955,Unknown,674973,2025-05-12,2025-05-12,Unknown
CARD0000788,CUST010159,ACC0023564,Credit,883332,2022-01-08,2022-01-08,Active
CARD0000789,CUST063421,ACC0120395,Debit,818943,2024-12-18,2024-12-18,Inactive
CARD0000790,CUST012680,ACC0092521,Debit,721667,2022-01-20,2022-01-20,Active
CARD0000791,CUST071749,ACC0028182,Prepaid,879218,2024-03-07,2024-03-07,Unknown
CARD0000792,CUST078735,ACC0066374,Debit,608490,2024-05-11,2024-05-11,Inactive
CARD0000793,CUST071453,ACC0038036,Debit,778286,2024-12-20,2024-12-20,Closed
CARD0000794,CUST051865,ACC0112576,Unknown,776776,2022-05-07,2022-05-07,Active
CARD0000795,CUST041476,ACC0080944,Prepaid,904336,2025-05-12,2025-05-12,Inactive
CARD0000796,CUST095969,ACC0096672,Debit,488471,2025-02-04,2025-02-04,Inactive
CARD0000797,CUST015862,ACC0100030,Prepaid,439964,2025-06-17,2025-06-17,Inactive
CARD0000798,CUST068842,ACC0023424,Debit,495552,2022-08-30,2022-08-30,Unknown
CARD0000799,CUST072322,ACC0058772,Credit,434892,2025-03-26,2025-03-26,Inactive
CARD0000800,CUST051912,ACC0020785,Unknown,771202,2025-03-25,2025-03-25,Active
CARD0000801,CUST035541,ACC0086131,Unknown,800025,2024-03-22,2024-03-22,Unknown
CARD0000802,CUST064494,ACC0084146,Unknown,924678,2022-07-17,2022-07-17,Active
CARD0000803,CUST032068,ACC0022209,Debit,953290,2022-11-07,2022-11-07,Unknown
CARD0000804,CUST025872,ACC0029262,Unknown,415599,2023-01-12,2023-01-12,Unknown
CARD0000805,CUST087468,ACC0106107,Debit,525477,2025-05-28,2025-05-28,Unknown
CARD0000806,CUST006677,ACC0114316,Debit,707351,2025-10-28,2025-10-28,Unknown
CARD0000807,CUST000372,ACC0031098,Debit,433193,2024-07-05,2024-07-05,Closed
CARD0000808,CUST062723,ACC0075791,Credit,731223,2022-03-19,2022-03-19,Active
CARD0000809,CUST041675,ACC0001296,Credit,976895,2023-06-20,2023-06-20,Active
CARD0000810,CUST080702,ACC0068952,Credit,495258,2022-09-27,2022-09-27,Active
CARD0000811,CUST035463,ACC0057747,Credit,572485,2022-04-05,2022-04-05,Inactive
CARD0000812,CUST017860,ACC0002949,Credit,539719,2024-12-16,2024-12-16,Unknown
CARD0000813,CUST066203,ACC0058361,Credit,836992,2022-06-25,2022-06-25,Dormant
CARD0000814,CUST019400,ACC0013580,Credit,547911,2023-02-06,2023-02-06,Closed
CARD0000815,CUST041561,ACC0012185,Unknown,631880,2025-09-16,2025-09-16,Unknown
CARD0000816,CUST099082,ACC0055874,Prepaid,828152,2023-08-29,2023-08-29,Unknown
CARD0000817,CUST043507,ACC0085311,Credit,410578,2025-11-15,2025-11-15,Active
CARD0000818,CUST042957,ACC0026396,Prepaid,923290,2025-08-12,2025-08-12,Inactive
CARD0000819,CUST079623,ACC0105733,Debit,852653,2022-12-29,2022-12-29,Inactive
CARD0000820,CUST027570,ACC0096011,Credit,842105,2023-11-05,2023-11-05,Active
CARD0000821,CUST054308,ACC0012576,Prepaid,880904,2022-08-01,2022-08-01,Unknown
CARD0000822,CUST055035,ACC0017102,Debit,469337,2024-12-10,2024-12-10,Active
CARD0000823,CUST032988,ACC0075001,Debit,502967,2025-12-13,2025-12-13,Dormant
CARD0000824,CUST072744,ACC0083968,Debit,689072,2022-09-07,2022-09-07,Active
CARD0000825,CUST002455,ACC0082661,Debit,957571,2025-01-22,2025-01-22,Dormant
CARD0000826,CUST064895,ACC0011508,Unknown,453277,2024-07-15,2024-07-15,Dormant
CARD0000827,CUST034585,ACC0120986,Debit,897913,2024-11-03,2024-11-03,Inactive
CARD0000828,CUST073838,ACC0117918,Debit,464619,2024-05-16,2024-05-16,Unknown
CARD0000829,CUST066278,ACC0128486,Unknown,960844,2023-09-17,2023-09-17,Unknown
CARD0000830,CUST007191,ACC0101659,Prepaid,570311,2022-12-13,2022-12-13,Unknown
CARD0000831,CUST011045,ACC0055148,Credit,531349,2025-12-14,2025-12-14,Dormant
CARD0000832,CUST079068,ACC0114788,Debit,825685,2023-03-02,2023-03-02,Unknown
CARD0000833,CUST013493,ACC0025850,Unknown,682258,2025-02-14,2025-02-14,Active
CARD0000834,CUST077228,ACC0127023,Prepaid,682146,2022-12-21,2022-12-21,Closed
CARD0000835,CUST040209,ACC0026471,Debit,700244,2025-12-20,2025-12-20,Active
CARD0000836,CUST024794,ACC0021677,Debit,761865,2025-08-06,2025-08-06,Active
CARD0000837,CUST083048,ACC0062540,Prepaid,628104,2022-01-18,2022-01-18,Closed
CARD0000838,CUST001149,ACC0064656,Unknown,485362,2024-01-23,2024-01-23,Dormant
CARD0000839,CUST022822,ACC0053605,Debit,738516,2024-12-01,2024-12-01,Active
CARD0000840,CUST015661,ACC0031304,Debit,443560,2022-03-11,2022-03-11,Closed
CARD0000841,CUST080429,ACC0038747,Debit,500882,2022-03-23,2022-03-23,Closed
CARD0000842,CUST016208,ACC0075898,Debit,448967,2023-11-24,2023-11-24,Closed
CARD0000843,CUST035385,ACC0071704,Debit,718170,2023-11-21,2023-11-21,Active
CARD0000844,CUST077463,ACC0085247,Credit,464715,2022-07-14,2022-07-14,Closed
CARD0000845,CUST086023,ACC0003486,Prepaid,756817,2022-09-21,2022-09-21,Closed
CARD0000846,CUST086884,ACC0081601,Debit,914422,2024-02-24,2024-02-24,Closed
CARD0000847,CUST031341,ACC0098764,Prepaid,479287,2023-01-19,2023-01-19,Active
CARD0000848,CUST071884,ACC0083878,Unknown,797381,2024-10-28,2024-10-28,Unknown
CARD0000849,CUST091699,ACC0079025,Debit,705341,2023-07-09,2023-07-09,Active
CARD0000850,CUST035944,ACC0129805,Credit,440993,2022-07-24,2022-07-24,Dormant
CARD0000851,CUST093082,ACC0042455,Unknown,812289,2024-05-18,2024-05-18,Active
CARD0000852,CUST054206,ACC0007122,Credit,561112,2024-03-09,2024-03-09,Dormant
CARD0000853,CUST090798,ACC0004689,Credit,655058,2023-11-15,2023-11-15,Dormant
CARD0000854,CUST000048,ACC0119350,Debit,409219,2022-05-27,2022-05-27,Active
CARD0000855,CUST091534,ACC0107373,Unknown,669133,2023-01-18,2023-01-18,Active
CARD0000856,CUST038108,ACC0105518,Debit,735221,2023-09-26,2023-09-26,Active
CARD0000857,CUST085127,ACC0063299,Credit,532268,2025-02-23,2025-02-23,Inactive
CARD0000858,CUST068274,ACC0072831,Credit,681249,2023-04-30,2023-04-30,Dormant
CARD0000859,CUST075459,ACC0117252,Prepaid,401148,2025-02-09,2025-02-09,Unknown
CARD0000860,CUST008062,ACC0105404,Credit,903561,2024-12-07,2024-12-07,Active
CARD0000861,CUST040216,ACC0124985,Credit,711867,2025-10-12,2025-10-12,Active
CARD0000862,CUST056364,ACC0026013,Credit,477866,2023-12-19,2023-12-19,Unknown
CARD0000863,CUST031287,ACC0118501,Debit,807921,2022-01-27,0000-00-00,Active
CARD0000864,CUST086189,ACC0049838,Prepaid,959194,2022-09-11,2022-09-11,Active
CARD0000865,CUST074640,ACC0041895,Prepaid,662276,2023-02-01,2023-02-01,Active
CARD0000866,CUST048114,ACC0014123,Credit,778515,2025-08-05,2025-08-05,Unknown
CARD0000867,CUST010861,ACC0119578,Credit,639624,2022-02-20,2022-02-20,Unknown
CARD0000868,CUST052443,ACC0092420,Prepaid,776578,2024-02-18,2024-02-18,Dormant
CARD0000869,CUST063204,ACC0090798,Unknown,822740,2024-09-28,2024-09-28,Closed
CARD0000870,CUST094336,ACC0050139,Prepaid,941523,2023-01-06,2023-01-06,Inactive
CARD0000871,CUST016671,ACC0015797,Prepaid,745585,2022-07-28,2022-07-28,Dormant
CARD0000872,CUST045449,ACC0121118,Credit,852528,2025-03-26,2025-03-26,Active
CARD0000873,CUST071201,ACC0016366,Prepaid,495480,2024-06-10,2024-06-10,Unknown
CARD0000874,CUST087068,ACC0093597,Credit,591037,2025-10-24,2025-10-24,Unknown
CARD0000875,CUST036815,ACC0126990,Credit,430818,2023-11-28,2023-11-28,Inactive
CARD0000876,CUST062528,ACC0015615,Prepaid,552956,2025-01-02,2025-01-02,Unknown
CARD0000877,CUST093469,ACC0070412,Credit,928850,2024-05-20,2024-05-20,Active
CARD0000878,CUST091667,ACC0116185,Debit,435868,2023-02-21,2023-02-21,Unknown
CARD0000879,CUST054337,ACC0007140,Credit,917786,2025-05-21,2025-05-21,Unknown
CARD0000880,CUST025447,ACC0021215,Debit,563067,2024-01-07,2024-01-07,Unknown
CARD0000881,CUST024572,ACC0113366,Credit,972394,2022-07-01,2022-07-01,Dormant
CARD0000882,CUST093164,ACC0085003,Credit,936895,2025-08-30,2025-08-30,Inactive
CARD0000883,CUST027965,ACC0122339,Prepaid,512593,2024-02-15,2024-02-15,Closed
CARD0000884,CUST080067,ACC0091209,Debit,454224,2024-11-13,2024-11-13,Unknown
CARD0000885,CUST062382,ACC0005154,Unknown,401217,2024-07-18,2024-07-18,Active
CARD0000886,CUST097427,ACC0083989,Debit,452316,2025-04-19,2025-04-19,Dormant
CARD0000887,CUST091827,ACC0045192,Debit,924544,2025-06-04,2025-06-04,Active
CARD0000888,CUST065251,ACC0121316,Credit,435515,2024-04-20,2024-04-20,Active
CARD0000889,CUST007090,ACC0099255,Unknown,916879,2025-09-23,2025-09-23,Active
CARD0000890,CUST074036,ACC0086857,Prepaid,931632,2024-08-30,2024-08-30,Active
CARD0000891,CUST084748,ACC0023018,Debit,834162,2022-04-23,2022-04-23,Active
CARD0000892,CUST047360,ACC0090009,Prepaid,879408,2025-02-07,2025-02-07,Unknown
CARD0000893,CUST032360,ACC0065241,Credit,668708,2024-02-22,2024-02-22,Unknown
CARD0000894,CUST052455,ACC0021215,Prepaid,991377,2024-07-29,2024-07-29,Active
CARD0000895,CUST098021,ACC0018790,Unknown,622089,2024-02-10,2024-02-10,Inactive
CARD0000896,CUST054692,ACC0022045,Credit,775596,2022-01-19,2022-01-19,Active
CARD0000897,CUST076180,ACC0107208,Prepaid,873743,2024-05-21,2024-05-21,Dormant
CARD0000898,CUST082854,ACC0040888,Debit,404498,2023-09-24,2023-09-24,Unknown
CARD0000899,CUST086472,ACC0062157,Debit,455700,2024-08-17,2024-08-17,Inactive
CARD0000900,CUST030789,ACC0081464,Unknown,885092,2024-07-20,2024-07-20,Active
CARD0000901,CUST090794,ACC0010335,Debit,867537,2024-09-04,2024-09-04,Inactive
CARD0000902,CUST097535,ACC0089375,Credit,443238,2023-08-01,2023-08-01,Closed
CARD0000903,CUST002723,ACC0122125,Unknown,453005,2025-05-06,2025-05-06,Inactive
CARD0000904,CUST036629,ACC0061426,Prepaid,779872,2022-07-24,2022-07-24,Inactive
CARD0000905,CUST020879,ACC0021919,Credit,534243,2025-06-25,2025-06-25,Unknown
CARD0000906,CUST009173,ACC0063036,Debit,949007,2023-05-25,2023-05-25,Unknown
CARD0000907,CUST099088,ACC0114984,Prepaid,855606,2024-04-18,2024-04-18,Unknown
CARD0000908,CUST037590,ACC0086148,Credit,700644,2023-12-30,2023-12-30,Unknown
CARD0000909,CUST023663,ACC0058732,Credit,942062,2023-10-18,2023-10-18,Active
CARD0000910,CUST057623,ACC0047083,Credit,415550,2023-09-11,2023-09-11,Active
CARD0000911,CUST057384,ACC0021813,Unknown,926766,2024-03-31,2024-03-31,Active
CARD0000912,CUST094932,ACC0112525,Debit,690782,2022-02-20,2022-02-20,Unknown
CARD0000913,CUST048751,ACC0065399,Unknown,837088,2023-05-19,2023-05-19,Unknown
CARD0000914,CUST068595,ACC0071127,Debit,887790,2022-12-02,2022-12-02,Unknown
CARD0000915,CUST030042,ACC0086178,Credit,961415,2024-04-20,2024-04-20,Active
CARD0000916,CUST051522,ACC0004832,Prepaid,581391,2024-08-09,2024-08-09,Dormant
CARD0000917,CUST093448,ACC0111473,Debit,684006,2025-07-27,2025-07-27,Active
CARD0000918,CUST018177,ACC0061687,Prepaid,911611,2022-09-29,2022-09-29,Active
CARD0000919,CUST094423,ACC0040738,Unknown,677759,2024-04-11,2024-04-11,Closed
CARD0000920,CUST061727,ACC0104214,Debit,897882,2022-04-06,2022-04-06,Active
CARD0000921,CUST099965,ACC0065123,Credit,479457,2022-04-02,2022-04-02,Closed
CARD0000922,CUST091751,ACC0020698,Unknown,839915,2024-11-27,2024-11-27,Closed
CARD0000923,CUST048939,ACC0016788,Unknown,496204,2023-10-02,2023-10-02,Inactive
CARD0000924,CUST010741,ACC0057822,Debit,569460,2024-11-30,0000-00-00,Active
CARD0000925,CUST007063,ACC0081005,Debit,917506,2025-12-13,2025-12-13,Unknown
CARD0000926,CUST070991,ACC0032566,Debit,889357,2022-03-24,2022-03-24,Closed
CARD0000927,CUST071967,ACC0106997,Prepaid,990315,2024-03-12,2024-03-12,Unknown
CARD0000928,CUST050001,ACC0082242,Prepaid,607133,2022-04-04,2022-04-04,Inactive
CARD0000929,CUST027420,ACC0016482,Unknown,600016,2025-11-03,2025-11-03,Closed
CARD0000930,CUST034215,ACC0108601,Debit,445569,2025-07-04,2025-07-04,Unknown
CARD0000931,CUST006446,ACC0095585,Credit,715721,2022-09-06,2022-09-06,Unknown
CARD0000932,CUST008947,ACC0063914,Debit,835856,2024-11-02,2024-11-02,Unknown
CARD0000933,CUST046822,ACC0083274,Debit,763259,2025-08-06,2025-08-06,Active
CARD0000934,CUST034495,ACC0012702,Unknown,966258,2022-02-09,2022-02-09,Active
CARD0000935,CUST098315,ACC0091879,Prepaid,481444,2024-01-02,2024-01-02,Unknown
CARD0000936,CUST078076,ACC0051304,Unknown,866906,2025-12-06,2025-12-06,Closed
CARD0000937,CUST014920,ACC0017289,Credit,559887,2024-03-14,2024-03-14,Unknown
CARD0000938,CUST014748,ACC0023892,Credit,413243,2023-08-22,2023-08-22,Closed
CARD0000939,CUST064113,ACC0041080,Debit,654855,2022-06-05,2022-06-05,Active
CARD0000940,CUST029439,ACC0006227,Unknown,474581,2022-07-11,2022-07-11,Unknown
CARD0000941,CUST099773,ACC0057975,Debit,618477,2025-06-21,2025-06-21,Unknown
CARD0000942,CUST095171,ACC0119051,Unknown,840633,2024-05-15,2024-05-15,Closed
CARD0000943,CUST015417,ACC0047967,Credit,479327,2023-04-25,2023-04-25,Unknown
CARD0000944,CUST050810,ACC0093969,Unknown,811482,2023-09-23,2023-09-23,Inactive
CARD0000945,CUST002675,ACC0061140,Credit,878568,2024-06-03,2024-06-03,Active
CARD0000946,CUST014353,ACC0114817,Debit,867365,2025-03-19,2025-03-19,Unknown
CARD0000947,CUST008327,ACC0043300,Credit,741222,2023-11-09,2023-11-09,Unknown
CARD0000948,CUST030104,ACC0047530,Prepaid,416952,2023-04-30,2023-04-30,Closed
CARD0000949,CUST074794,ACC0096320,Debit,785552,2022-01-27,2022-01-27,Unknown
CARD0000950,CUST001086,ACC0009063,Debit,990388,2025-12-21,2025-12-21,Active
CARD0000951,CUST001416,ACC0007668,Credit,822487,2025-08-01,2025-08-01,Unknown
CARD0000952,CUST087434,ACC0022925,Debit,949357,2024-10-06,2024-10-06,Active
CARD0000953,CUST043625,ACC0050352,Prepaid,445354,2025-07-25,2025-07-25,Active
CARD0000954,CUST036955,ACC0100754,Debit,437332,2024-04-04,2024-04-04,Closed
CARD0000955,CUST061667,ACC0103826,Debit,825514,2024-06-19,2024-06-19,Unknown
CARD0000956,CUST047053,ACC0056690,Credit,651359,2022-03-20,2022-03-20,Closed
CARD0000957,CUST043702,ACC0068372,Credit,693559,2024-06-20,2024-06-20,Closed
CARD0000958,CUST005760,ACC0033684,Debit,916262,2022-08-05,2022-08-05,Active
CARD0000959,CUST033297,ACC0036761,Prepaid,978740,2025-01-17,2025-01-17,Unknown
CARD0000960,CUST062483,ACC0090897,Prepaid,875757,2023-02-07,2023-02-07,Inactive
CARD0000961,CUST001834,ACC0066688,Unknown,580584,2023-05-30,2023-05-30,Active
CARD0000962,CUST028350,ACC0014068,Debit,533116,2025-01-25,2025-01-25,Dormant
CARD0000963,CUST028762,ACC0035875,Credit,511901,2025-08-03,2025-08-03,Active
CARD0000964,CUST009504,ACC0020156,Unknown,937912,2023-02-15,2023-02-15,Unknown
CARD0000965,CUST065337,ACC0097013,Debit,568760,2024-11-25,2024-11-25,Unknown
CARD0000966,CUST092355,ACC0074817,Credit,670953,2024-09-15,2024-09-15,Active
CARD0000967,CUST098130,ACC0075456,Prepaid,851507,2024-03-24,2024-03-24,Inactive
CARD0000968,CUST091383,ACC0020084,Prepaid,867924,2023-05-22,2023-05-22,Unknown
CARD0000969,CUST073957,ACC0065814,Debit,477620,2023-11-03,2023-11-03,Unknown
CARD0000970,CUST066265,ACC0084194,Debit,718850,2024-03-22,2024-03-22,Dormant
CARD0000971,CUST048288,ACC0087227,Credit,902433,2025-03-31,2025-03-31,Dormant
CARD0000972,CUST008046,ACC0105964,Prepaid,413933,2023-11-01,2023-11-01,Active
CARD0000973,CUST029545,ACC0048215,Debit,886858,2023-01-16,2023-01-16,Active
CARD0000974,CUST062467,ACC0023054,Credit,476469,2022-04-14,2022-04-14,Active
CARD0000975,CUST078644,ACC0103807,Prepaid,772984,2024-04-13,2024-04-13,Inactive
CARD0000976,CUST073782,ACC0083411,Prepaid,791014,2023-02-11,0000-00-00,Unknown
CARD0000977,CUST007387,ACC0099911,Debit,520691,2023-05-21,2023-05-21,Dormant
CARD0000978,CUST097767,ACC0123235,Prepaid,834284,2024-09-27,2024-09-27,Unknown
CARD0000979,CUST040741,ACC0061649,Unknown,521718,2023-11-19,2023-11-19,Active
CARD0000980,CUST098372,ACC0126803,Credit,454646,2023-05-29,2023-05-29,Unknown
CARD0000981,CUST026785,ACC0047235,Debit,847199,2023-06-26,2023-06-26,Closed
CARD0000982,CUST044901,ACC0053365,Debit,860703,2022-08-13,2022-08-13,Active
CARD0000983,CUST007655,ACC0092799,Debit,964962,2024-10-31,2024-10-31,Active
CARD0000984,CUST076137,ACC0110801,Debit,883811,2024-06-10,2024-06-10,Active
CARD0000985,CUST072799,ACC0061123,Debit,787173,2022-02-09,2022-02-09,Unknown
CARD0000986,CUST063476,ACC0109546,Credit,525114,2023-01-23,0000-00-00,Closed
CARD0000987,CUST007116,ACC0032787,Credit,559223,2023-05-24,2023-05-24,Active
CARD0000988,CUST063212,ACC0088466,Unknown,441276,2023-04-11,2023-04-11,Unknown
CARD0000989,CUST073501,ACC0102819,Prepaid,901618,2022-12-10,2022-12-10,Unknown
CARD0000990,CUST060448,ACC0104203,Credit,458758,2023-02-28,2023-02-28,Active
CARD0000991,CUST082863,ACC0054021,Debit,970729,2025-01-31,2025-01-31,Unknown
CARD0000992,CUST001975,ACC0077520,Debit,907064,2025-03-28,2025-03-28,Active
CARD0000993,CUST014461,ACC0078969,Debit,418046,2025-01-27,2025-01-27,Unknown
CARD0000994,CUST067563,ACC0050601,Unknown,948332,2022-01-18,2022-01-18,Closed
CARD0000995,CUST028080,ACC0025617,Debit,814619,2023-06-03,2023-06-03,Closed
CARD0000996,CUST061242,ACC0105351,Unknown,623017,2025-04-03,2025-04-03,Active
CARD0000997,CUST012316,ACC0029431,Debit,760133,2024-11-26,2024-11-26,Unknown
CARD0000998,CUST038590,ACC0084457,Credit,844650,2022-07-10,2022-07-10,Active
CARD0000999,CUST097390,ACC0124542,Credit,746805,2022-07-16,2022-07-16,Dormant
CARD0001000,CUST025417,ACC0084091,Debit,532753,2022-12-30,2022-12-30,Dormant
