Employee_ID,Employee_Name,Branch_ID,Designation,Department,Joining_Date,Salary,Employee_Status
EMP000001,"Karan Malhotra",BR0244,"Relationship Manager",Operations,2024-10-05,156903.70,Active
EMP000002,"Suresh Saini",BR0252,Officer,Sales,2022-01-05,123962.95,Unknown
EMP000003,"Anjali Joshi",BR0577,Officer,HR,2023-05-16,137898.76,Unknown
EMP000004,"Rohit Patel",BR0750,Manager,Operations,2025-09-08,171398.82,Active
EMP000005,"Sneha Jain",BR0947,"Assistant Manager",Operations,2023-11-04,146670.49,Active
EMP000006,"Priya Jain",BR0351,"Assistant Manager",Loans,2022-04-05,124288.73,Unknown
EMP000007,"Pooja Rathore",BR0399,Clerk,Operations,2022-06-22,169823.97,Active
EMP000008,"Nikhil Yadav",BR0197,"Senior Officer",Sales,2023-04-10,51438.13,Unknown
EMP000009,"Rahul Agarwal",BR0978,Officer,IT,2024-10-13,96572.86,Unknown
EMP000010,"Rahul Mishra",BR0788,"Relationship Manager",IT,2024-03-28,50225.96,Inactive
EMP000011,"Neha Mishra",BR0276,Officer,"Customer Service",2022-08-12,161527.49,Inactive
EMP000012,"Deepak Bansal",BR0493,Officer,Loans,2024-12-30,67081.99,Active
EMP000013,"Kavita Rathore",BR0212,Clerk,IT,2022-04-11,104156.41,Inactive
EMP000014,"Deepak Verma",BR0514,Clerk,Sales,2024-03-25,46294.00,Active
EMP000015,"Komal Yadav",BR0654,"Senior Officer",HR,0000-00-00,66097.26,Unknown
EMP000016,"Amit Mishra",BR0944,"Relationship Manager","Customer Service",2024-11-18,138371.04,Active
EMP000017,"Sneha Joshi",BR0645,"Assistant Manager",Operations,2022-07-04,35866.65,Inactive
EMP000018,"Arjun Rathore",BR0231,Clerk,Operations,2022-11-16,0.00,Unknown
EMP000019,"Nikhil Gupta",BR0888,"Senior Officer",Finance,2025-02-21,168616.10,Active
EMP000020,"Pooja Patel",BR0471,"Relationship Manager",Finance,2023-08-28,27138.61,Active
EMP000021,"Deepak Malhotra",BR0088,"Relationship Manager",HR,2022-02-20,60262.12,Unknown
EMP000022,"Vikas Verma",BR0305,"Assistant Manager",Sales,2025-06-17,92508.70,Active
EMP000023,"Rohit Kumar",BR0837,Manager,Operations,2024-06-01,32354.96,Inactive
EMP000024,"Arjun Sharma",BR0512,"Assistant Manager",Loans,0000-00-00,100140.70,Unknown
EMP000025,"Arjun Bansal",BR0195,"Senior Officer",Sales,2025-10-08,46026.77,Active
EMP000026,"Rahul Singh",BR0299,Clerk,Sales,2025-09-27,160090.26,Active
EMP000027,"Simran Singh",BR0834,"Relationship Manager","Customer Service",2023-04-27,91712.50,Active
EMP000028,"Sneha Joshi",BR0681,Clerk,Operations,2022-05-10,57211.25,Unknown
EMP000029,"Pooja Mehta",BR0860,"Senior Officer",HR,2023-06-29,169101.05,Unknown
EMP000030,"Anjali Choudhary",BR0973,"Relationship Manager",HR,2024-08-08,34117.05,Unknown
EMP000031,"Rahul Jain",BR0387,"Senior Officer","Customer Service",2025-01-16,130702.56,Unknown
EMP000032,"Anjali Bansal",BR0172,"Assistant Manager",IT,2022-01-18,145159.76,Unknown
EMP000033,"Karan Agarwal",BR0129,Clerk,Loans,2025-01-10,148584.01,Active
EMP000034,"Vivek Rathore",BR0442,"Assistant Manager",Finance,2025-04-30,49662.01,Inactive
EMP000035,"Pawan Jain",BR0919,Manager,HR,2025-07-06,133766.92,Unknown
EMP000036,"Rahul Mehta",BR0362,Manager,Sales,2025-07-19,174855.09,Unknown
EMP000037,"Shreya Agarwal",BR0645,Clerk,"Customer Service",2025-02-14,169448.10,Active
EMP000038,"Anjali Yadav",BR0003,Officer,Operations,2022-03-29,136310.08,Active
EMP000039,"Rahul Sharma",BR0051,"Senior Officer","Customer Service",2022-05-03,0.00,Inactive
EMP000040,"Rohit Yadav",BR0601,Officer,"Customer Service",2024-05-10,66292.43,Inactive
EMP000041,"Komal Joshi",BR0308,Clerk,HR,2022-03-20,47491.53,Inactive
EMP000042,"Deepak Choudhary",BR0225,"Relationship Manager",HR,2024-08-24,50570.49,Active
EMP000043,"Karan Verma",BR0749,"Relationship Manager",Operations,2022-12-06,158491.81,Inactive
EMP000044,"Simran Mehta",BR0906,"Relationship Manager",Sales,2024-12-20,48964.49,Active
EMP000045,"Manish Verma",BR0156,Clerk,"Customer Service",2024-07-03,44628.02,Active
EMP000046,"Nikhil Sharma",BR0267,Clerk,Finance,2023-10-15,66249.11,Active
EMP000047,"Arjun Rathore",BR0727,"Assistant Manager","Customer Service",2022-11-06,81731.18,Unknown
EMP000048,"Rohit Choudhary",BR0323,Officer,Sales,2024-04-16,110325.78,Active
EMP000049,"Meena Choudhary",BR0615,Officer,Sales,2024-11-02,79779.52,Inactive
EMP000050,"Vivek Patel",BR0043,"Senior Officer",Loans,2025-06-24,103404.55,Unknown
EMP000051,"Sneha Singh",BR0665,"Senior Officer",Operations,2024-05-25,118511.39,Inactive
EMP000052,"Vikas Joshi",BR0736,"Senior Officer",Loans,2024-11-05,144443.75,Unknown
EMP000053,"Pooja Yadav",BR0835,Manager,Sales,2024-09-13,24778.99,Unknown
EMP000054,"Priya Sharma",BR0921,Clerk,"Customer Service",2022-02-01,105929.40,Active
EMP000055,"Neha Saini",BR0142,Manager,Operations,2025-06-01,65541.56,Active
EMP000056,"Deepak Sharma",BR0340,"Senior Officer",Operations,2022-04-09,38785.30,Unknown
EMP000057,"Ankit Tiwari",BR0017,Officer,"Customer Service",2025-01-04,67306.70,Inactive
EMP000058,"Arjun Saini",BR0643,"Relationship Manager",Operations,2022-03-16,39925.15,Unknown
EMP000059,"Manish Malhotra",BR0136,"Senior Officer","Customer Service",2023-12-30,117794.45,Unknown
EMP000060,"Rohit Mishra",BR0957,"Assistant Manager",Operations,2023-04-26,117079.37,Unknown
EMP000061,"Kavita Patel",BR0762,Manager,"Customer Service",2022-06-13,49835.12,Unknown
EMP000062,"Vivek Yadav",BR0269,Clerk,HR,2025-08-30,145016.35,Active
EMP000063,"Simran Kumar",BR0384,Clerk,"Customer Service",2024-10-28,65224.15,Unknown
EMP000064,"Deepak Jain",BR0276,Officer,IT,2022-09-05,169188.05,Active
EMP000065,"Shreya Gupta",BR0605,"Senior Officer","Customer Service",2023-06-04,82783.19,Active
EMP000066,"Meena Bansal",BR0302,"Assistant Manager",IT,2022-05-24,177019.40,Unknown
EMP000067,"Anjali Bansal",BR0343,"Assistant Manager",Loans,2023-08-19,129606.55,Unknown
EMP000068,"Anjali Gupta",BR0379,Officer,Sales,2025-09-09,141239.04,Inactive
EMP000069,"Priya Patel",BR0780,Manager,Finance,2024-06-19,83672.67,Active
EMP000070,"Simran Agarwal",BR0754,"Assistant Manager",Loans,2024-05-19,136551.09,Active
EMP000071,"Shreya Verma",BR0982,Manager,HR,2023-04-24,75521.32,Active
EMP000072,"Nikhil Bansal",BR0265,"Assistant Manager",IT,2022-07-29,0.00,Active
EMP000073,"Simran Tiwari",BR0563,"Senior Officer",Sales,2025-11-24,77108.28,Unknown
EMP000074,"Shreya Patel",BR0129,Clerk,"Customer Service",0000-00-00,28234.63,Unknown
EMP000075,"Neha Jain",BR0798,"Assistant Manager",HR,2023-11-05,171190.75,Active
EMP000076,"Simran Kumar",BR0121,"Assistant Manager",Operations,2023-05-03,109957.36,Unknown
EMP000077,"Karan Agarwal",BR0303,"Assistant Manager",Sales,2025-08-21,62975.72,Unknown
EMP000078,"Vikas Rathore",BR0908,"Senior Officer",HR,2022-09-16,122256.03,Unknown
EMP000079,"Vivek Choudhary",BR0427,"Assistant Manager",Operations,2023-08-26,100529.67,Active
EMP000080,"Vivek Gupta",BR0311,Manager,Finance,2023-04-15,55085.35,Inactive
EMP000081,"Kavita Tiwari",BR0308,"Assistant Manager",Operations,2023-03-17,64032.97,Active
EMP000082,"Ankit Agarwal",BR0773,"Assistant Manager",Finance,2022-07-05,140744.65,Unknown
EMP000083,"Pawan Yadav",BR0928,Clerk,Finance,2024-04-26,115235.59,Unknown
EMP000084,"Arjun Bansal",BR0377,"Relationship Manager",HR,2023-03-31,119543.71,Active
EMP000085,"Nikhil Mishra",BR0550,Clerk,Sales,2023-07-21,55746.93,Active
EMP000086,"Arjun Bansal",BR0712,Manager,HR,2024-02-04,130643.20,Active
EMP000087,"Sneha Malhotra",BR0180,Manager,Operations,2023-10-21,154175.18,Active
EMP000088,"Sneha Kumar",BR0841,Officer,IT,2025-05-31,60322.52,Inactive
EMP000089,"Komal Rathore",BR0493,"Assistant Manager","Customer Service",2022-07-07,64454.09,Active
EMP000090,"Neha Malhotra",BR0103,"Assistant Manager",Loans,2025-08-18,149818.09,Unknown
EMP000091,"Deepak Kumar",BR0455,Manager,Finance,2024-08-24,30397.05,Unknown
EMP000092,"Vivek Patel",BR0551,"Assistant Manager",Finance,2022-01-28,107359.06,Inactive
EMP000093,"Simran Bansal",BR0021,"Relationship Manager",Loans,2024-09-28,177276.04,Active
EMP000094,"Suresh Agarwal",BR0590,"Senior Officer",Sales,2022-02-09,23921.60,Unknown
EMP000095,"Neha Agarwal",BR0885,"Relationship Manager",IT,2025-10-02,30351.88,Active
EMP000096,"Karan Sharma",BR0673,"Relationship Manager",Loans,2022-12-15,121423.41,Active
EMP000097,"Sneha Singh",BR0638,"Senior Officer",Loans,2022-09-14,164070.53,Unknown
EMP000098,"Kavita Agarwal",BR0902,"Assistant Manager",HR,2025-06-09,60133.25,Unknown
EMP000099,"Rahul Verma",BR0299,Clerk,Sales,2023-02-14,178502.12,Unknown
EMP000100,"Shreya Verma",BR0063,Clerk,IT,2022-03-18,143289.60,Active
EMP000101,"Riya Gupta",BR0363,Officer,HR,2024-01-08,93921.98,Unknown
EMP000102,"Pooja Joshi",BR0758,Manager,Sales,2025-02-16,114034.15,Active
EMP000103,"Rohit Sharma",BR0929,"Assistant Manager",Sales,2025-10-10,96064.67,Inactive
EMP000104,"Kavita Yadav",BR0785,"Assistant Manager",Operations,2022-04-18,62752.84,Inactive
EMP000105,"Riya Mishra",BR0650,"Assistant Manager",IT,2023-06-20,87191.70,Unknown
EMP000106,"Ankit Rathore",BR0069,"Relationship Manager",Operations,2023-03-12,48957.48,Unknown
EMP000107,"Arjun Saini",BR0726,Manager,HR,2025-11-02,51045.86,Active
EMP000108,"Meena Verma",BR0969,Manager,IT,2023-02-25,86531.24,Unknown
EMP000109,"Deepak Kumar",BR0740,"Assistant Manager","Customer Service",2025-05-13,144845.67,Active
EMP000110,"Nikhil Choudhary",BR0794,Clerk,HR,2025-02-17,152273.32,Active
EMP000111,"Nikhil Yadav",BR0577,"Relationship Manager",Loans,2024-07-09,168684.65,Inactive
EMP000112,"Suresh Choudhary",BR0645,Clerk,"Customer Service",2022-05-28,88888.01,Active
EMP000113,"Kavita Agarwal",BR0155,"Assistant Manager",Sales,2022-07-17,157237.19,Active
EMP000114,"Riya Rathore",BR0902,"Relationship Manager",Sales,2025-07-11,99717.46,Active
EMP000115,"Kavita Patel",BR0555,Officer,Sales,2025-05-02,66990.52,Active
EMP000116,"Vikas Patel",BR0869,Manager,"Customer Service",2022-06-07,77270.86,Inactive
EMP000117,"Nikhil Jain",BR0382,Officer,Sales,2024-05-12,178552.20,Active
EMP000118,"Anjali Joshi",BR0627,Officer,IT,2025-01-26,71660.45,Active
EMP000119,"Kavita Jain",BR0881,Officer,Loans,2024-10-11,46093.50,Unknown
EMP000120,"Meena Tiwari",BR0955,"Senior Officer","Customer Service",2025-10-23,69955.46,Inactive
EMP000121,"Riya Tiwari",BR0170,"Assistant Manager",Sales,2024-12-02,58993.33,Unknown
EMP000122,"Sneha Saini",BR0806,Manager,Operations,0000-00-00,56754.25,Active
EMP000123,"Manish Bansal",BR0893,"Assistant Manager",Loans,2022-02-03,132198.47,Inactive
EMP000124,"Anjali Mishra",BR0579,Officer,Loans,2022-04-23,140904.34,Unknown
EMP000125,"Shreya Singh",BR0302,Officer,IT,2023-08-08,89523.96,Unknown
EMP000126,"Ankit Agarwal",BR0401,Clerk,Loans,2024-02-11,166305.42,Inactive
EMP000127,"Manish Gupta",BR0163,"Relationship Manager",Finance,2025-03-20,129072.61,Inactive
EMP000128,"Riya Choudhary",BR0648,Manager,"Customer Service",2022-03-04,163239.20,Unknown
EMP000129,"Ankit Tiwari",BR0197,"Senior Officer",Sales,2023-02-08,48123.75,Active
EMP000130,"Shreya Singh",BR0976,"Senior Officer",IT,2024-05-23,118438.83,Inactive
EMP000131,"Rahul Patel",BR0415,"Relationship Manager",Loans,2023-02-07,118517.34,Inactive
EMP000132,"Komal Agarwal",BR0302,Manager,Operations,2023-01-19,144443.89,Active
EMP000133,"Nikhil Singh",BR0771,Clerk,"Customer Service",2022-01-02,162775.57,Active
EMP000134,"Amit Mehta",BR0486,"Senior Officer",IT,2023-05-06,72909.13,Active
EMP000135,"Riya Mehta",BR0778,Clerk,Sales,2022-07-04,41265.37,Active
EMP000136,"Pooja Joshi",BR0397,"Relationship Manager",IT,2025-01-01,158670.17,Inactive
EMP000137,"Manish Mishra",BR0320,"Senior Officer",IT,2022-02-16,70611.74,Unknown
EMP000138,"Komal Agarwal",BR0913,Officer,IT,2023-07-18,120323.39,Active
EMP000139,"Komal Agarwal",BR0108,"Senior Officer",Loans,2025-08-02,121986.24,Inactive
EMP000140,"Karan Agarwal",BR0630,Officer,IT,2024-06-07,86362.21,Unknown
EMP000141,"Vivek Mehta",BR0024,Manager,Finance,2024-05-10,155697.02,Active
EMP000142,"Riya Singh",BR0707,"Senior Officer",Sales,2025-01-27,38521.74,Inactive
EMP000143,"Ankit Joshi",BR0920,Clerk,"Customer Service",2025-06-09,89211.13,Inactive
EMP000144,"Suresh Agarwal",BR0883,Officer,Operations,2024-05-30,159959.40,Unknown
EMP000145,"Shreya Joshi",BR0862,Manager,Operations,2023-11-23,38380.22,Inactive
EMP000146,"Nikhil Tiwari",BR0495,"Assistant Manager",HR,2023-08-12,121924.90,Unknown
EMP000147,"Karan Kumar",BR0036,"Senior Officer",HR,2023-01-07,147270.00,Unknown
EMP000148,"Neha Joshi",BR0687,"Senior Officer",Finance,2022-01-02,42576.32,Inactive
EMP000149,"Priya Kumar",BR0377,"Assistant Manager",Operations,2022-08-23,91095.16,Unknown
EMP000150,"Vikas Joshi",BR0352,"Assistant Manager",Loans,2024-11-02,138187.03,Active
EMP000151,"Riya Yadav",BR0083,"Relationship Manager",IT,2022-06-10,82614.02,Active
EMP000152,"Priya Gupta",BR0200,Officer,Operations,2025-11-19,123969.29,Active
EMP000153,"Priya Rathore",BR0216,Manager,"Customer Service",0000-00-00,84480.78,Active
EMP000154,"Simran Saini",BR0061,"Senior Officer",Operations,2023-07-10,124729.63,Active
EMP000155,"Simran Yadav",BR0568,Officer,HR,2025-05-23,129869.41,Active
EMP000156,"Neha Jain",BR0788,"Senior Officer",IT,0000-00-00,149670.83,Inactive
EMP000157,"Vivek Sharma",BR0193,Manager,HR,2025-08-24,175772.55,Active
EMP000158,"Meena Choudhary",BR0305,"Relationship Manager",Loans,2025-02-26,119699.30,Unknown
EMP000159,"Sneha Mishra",BR0542,"Senior Officer",Operations,2022-06-16,34545.32,Unknown
EMP000160,"Meena Bansal",BR0665,Officer,"Customer Service",2025-01-27,86199.41,Active
EMP000161,"Komal Tiwari",BR0592,Manager,Operations,2024-03-06,99333.57,Active
EMP000162,"Shreya Rathore",BR0010,Officer,Sales,2022-12-01,78644.85,Inactive
EMP000163,"Simran Bansal",BR0878,"Relationship Manager",Sales,2024-01-02,117855.72,Inactive
EMP000164,"Komal Mishra",BR0465,"Senior Officer","Customer Service",2022-02-11,133494.51,Unknown
EMP000165,"Kavita Bansal",BR0730,"Assistant Manager",IT,2024-05-16,44970.83,Unknown
EMP000166,"Rahul Malhotra",BR0589,"Relationship Manager",HR,2024-06-06,160119.91,Unknown
EMP000167,"Anjali Gupta",BR0997,"Assistant Manager","Customer Service",2024-06-29,94208.11,Active
EMP000168,"Rohit Yadav",BR0522,"Relationship Manager",IT,2025-07-09,85683.46,Active
EMP000169,"Rohit Singh",BR0333,"Senior Officer",Loans,2025-11-25,59467.33,Active
EMP000170,"Ankit Agarwal",BR0748,"Relationship Manager",Sales,2024-11-21,166370.81,Active
EMP000171,"Riya Verma",BR0523,"Assistant Manager",HR,2023-10-28,159841.18,Active
EMP000172,"Simran Patel",BR0889,Clerk,Finance,2025-02-25,90132.26,Unknown
EMP000173,"Pooja Gupta",BR0785,"Relationship Manager",Operations,0000-00-00,42333.16,Active
EMP000174,"Manish Verma",BR0847,"Relationship Manager","Customer Service",2025-12-01,72127.70,Active
EMP000175,"Neha Jain",BR0975,Clerk,HR,2025-12-26,144261.19,Unknown
EMP000176,"Arjun Verma",BR0724,Clerk,HR,2022-03-06,36623.76,Active
EMP000177,"Neha Joshi",BR0435,Clerk,Operations,0000-00-00,161937.13,Unknown
EMP000178,"Meena Gupta",BR0602,Manager,Operations,2022-07-14,43157.60,Active
EMP000179,"Amit Tiwari",BR0349,Officer,Loans,2024-10-13,153120.31,Unknown
EMP000180,"Deepak Saini",BR0261,Clerk,Operations,2024-11-18,29313.90,Unknown
EMP000181,"Ankit Kumar",BR0935,"Senior Officer",Loans,2023-03-25,144782.21,Unknown
EMP000182,"Pawan Joshi",BR0837,"Relationship Manager",Sales,2023-10-15,138653.09,Inactive
EMP000183,"Arjun Yadav",BR0808,"Relationship Manager",HR,2023-04-15,169172.32,Active
EMP000184,"Shreya Verma",BR0358,Manager,Operations,2022-02-17,57320.09,Unknown
EMP000185,"Rohit Gupta",BR0478,"Relationship Manager",IT,2024-09-16,151831.13,Unknown
EMP000186,"Vivek Patel",BR0142,"Relationship Manager",Loans,2024-11-22,59828.55,Unknown
EMP000187,"Nikhil Sharma",BR0111,"Assistant Manager","Customer Service",2022-05-14,127083.88,Active
EMP000188,"Nikhil Bansal",BR0637,"Relationship Manager",Finance,0000-00-00,140082.25,Active
EMP000189,"Priya Saini",BR0275,Officer,Operations,2024-12-16,82237.85,Inactive
EMP000190,"Vikas Malhotra",BR0366,Manager,"Customer Service",2025-12-08,150630.23,Active
EMP000191,"Pawan Gupta",BR0625,Officer,Finance,2025-12-02,45207.95,Active
EMP000192,"Arjun Tiwari",BR0340,"Assistant Manager",Finance,2023-12-15,113960.88,Active
EMP000193,"Vivek Bansal",BR0345,Officer,"Customer Service",2023-12-07,112022.71,Unknown
EMP000194,"Priya Mishra",BR0128,Manager,Sales,2025-11-15,30538.52,Unknown
EMP000195,"Karan Malhotra",BR0040,Officer,Loans,2024-12-12,36641.83,Inactive
EMP000196,"Riya Joshi",BR0377,"Relationship Manager","Customer Service",2025-10-20,56637.33,Inactive
EMP000197,"Amit Choudhary",BR0869,"Senior Officer",Loans,2025-03-14,90179.00,Active
EMP000198,"Kavita Verma",BR0955,"Relationship Manager","Customer Service",2023-03-13,92090.31,Active
EMP000199,"Meena Joshi",BR0557,Officer,IT,2025-07-18,25905.73,Unknown
EMP000200,"Priya Jain",BR0540,Manager,HR,2025-04-02,158940.89,Active
EMP000201,"Rahul Rathore",BR0869,"Assistant Manager",Finance,2022-11-27,161911.10,Unknown
EMP000202,"Ankit Verma",BR0033,Officer,HR,2024-10-30,60257.03,Unknown
EMP000203,"Meena Singh",BR0547,"Senior Officer",Finance,2024-12-31,39340.04,Unknown
EMP000204,"Vikas Saini",BR0957,"Senior Officer",Finance,2023-11-06,114280.66,Inactive
EMP000205,"Suresh Bansal",BR0860,Manager,Finance,2022-11-08,134993.96,Unknown
EMP000206,"Anjali Patel",BR0648,Clerk,Operations,2025-12-26,89971.06,Inactive
EMP000207,"Deepak Kumar",BR0917,Manager,HR,2022-09-16,37170.16,Active
EMP000208,"Neha Jain",BR0261,"Senior Officer",HR,2023-01-03,143910.34,Unknown
EMP000209,"Amit Gupta",BR0165,Officer,HR,2022-11-26,101892.88,Active
EMP000210,"Shreya Saini",BR0979,Officer,"Customer Service",2025-06-14,174402.97,Unknown
EMP000211,"Pooja Malhotra",BR0165,Clerk,IT,2025-02-10,65129.54,Active
EMP000212,"Vivek Bansal",BR0117,"Assistant Manager",HR,2023-08-09,0.00,Unknown
EMP000213,"Manish Tiwari",BR0433,"Relationship Manager",HR,2023-08-27,164818.60,Unknown
EMP000214,"Priya Tiwari",BR0083,"Relationship Manager",HR,2025-02-08,79625.21,Unknown
EMP000215,"Kavita Agarwal",BR0898,"Relationship Manager",Finance,2022-12-04,77668.13,Active
EMP000216,"Pooja Joshi",BR0584,"Senior Officer",Finance,2022-08-06,161223.22,Active
EMP000217,"Shreya Verma",BR0146,Clerk,Operations,2024-12-09,61779.78,Active
EMP000218,"Neha Kumar",BR0001,"Assistant Manager",HR,2022-12-03,121395.45,Unknown
EMP000219,"Neha Saini",BR0908,"Assistant Manager",IT,2022-12-15,28185.68,Active
EMP000220,"Manish Agarwal",BR0804,Officer,IT,2022-04-22,149270.27,Unknown
EMP000221,"Meena Joshi",BR0654,Officer,Loans,2024-10-21,74488.10,Unknown
EMP000222,"Sneha Mishra",BR0383,Officer,Sales,2025-11-16,132287.08,Unknown
EMP000223,"Vikas Mehta",BR0944,"Relationship Manager","Customer Service",2023-10-13,116510.99,Unknown
EMP000224,"Kavita Jain",BR0357,Manager,Finance,2024-06-03,81342.88,Active
EMP000225,"Ankit Joshi",BR0246,"Senior Officer","Customer Service",2022-09-17,26784.24,Unknown
EMP000226,"Arjun Saini",BR0481,"Assistant Manager",Operations,2025-11-04,60765.91,Active
EMP000227,"Amit Mishra",BR0665,"Senior Officer",Finance,2022-12-22,85817.72,Active
EMP000228,"Pooja Choudhary",BR0047,"Senior Officer",HR,2022-08-22,139340.70,Active
EMP000229,"Pooja Agarwal",BR0489,Clerk,Sales,2025-09-11,172810.16,Unknown
EMP000230,"Arjun Verma",BR0537,Officer,Operations,2022-12-04,173304.41,Active
EMP000231,"Arjun Mehta",BR0316,Clerk,Operations,2022-03-22,150718.66,Unknown
EMP000232,"Neha Yadav",BR0581,"Relationship Manager",Loans,2025-10-05,82530.03,Unknown
EMP000233,"Neha Mehta",BR0916,"Relationship Manager",HR,2023-09-24,83837.58,Inactive
EMP000234,"Amit Kumar",BR0390,"Relationship Manager",Operations,0000-00-00,78025.70,Unknown
EMP000235,"Riya Agarwal",BR0383,Officer,"Customer Service",2025-12-29,111927.92,Inactive
EMP000236,"Pooja Rathore",BR0655,"Senior Officer","Customer Service",2022-02-14,125191.61,Unknown
EMP000237,"Amit Choudhary",BR0895,Clerk,Loans,2024-03-26,50530.78,Inactive
EMP000238,"Rahul Malhotra",BR0636,Officer,Loans,2024-08-31,101622.76,Unknown
EMP000239,"Karan Choudhary",BR0097,"Assistant Manager",Finance,2022-08-30,33417.04,Active
EMP000240,"Priya Joshi",BR0265,"Assistant Manager",Operations,2024-11-17,49809.65,Active
EMP000241,"Kavita Joshi",BR0745,"Relationship Manager",Finance,2022-10-08,164767.08,Unknown
EMP000242,"Shreya Patel",BR0415,Officer,Loans,2022-07-02,62280.49,Inactive
EMP000243,"Meena Jain",BR0753,"Senior Officer",HR,2025-06-30,79759.61,Active
EMP000244,"Pooja Joshi",BR0983,Clerk,Operations,2025-05-13,155892.53,Unknown
EMP000245,"Neha Tiwari",BR0856,Manager,Sales,2024-05-23,167331.87,Active
EMP000246,"Komal Saini",BR0988,"Relationship Manager",HR,2024-01-26,114384.44,Inactive
EMP000247,"Neha Choudhary",BR0345,"Assistant Manager",IT,2025-10-20,38495.05,Active
EMP000248,"Rohit Mishra",BR0385,Officer,HR,2024-04-09,0.00,Unknown
EMP000249,"Rohit Yadav",BR0093,Manager,Sales,2025-09-11,103029.98,Inactive
EMP000250,"Simran Kumar",BR0727,Clerk,HR,2023-08-11,53719.10,Active
EMP000251,"Rohit Mishra",BR0058,"Senior Officer",Finance,2025-07-02,125848.51,Inactive
EMP000252,"Riya Sharma",BR0699,Clerk,Loans,2025-03-13,164972.64,Unknown
EMP000253,"Amit Joshi",BR0981,"Relationship Manager",Finance,2024-11-08,163279.75,Inactive
EMP000254,"Simran Malhotra",BR0952,Clerk,Sales,2024-05-10,97832.22,Inactive
EMP000255,"Shreya Saini",BR0658,Clerk,Sales,2025-10-13,24416.22,Active
EMP000256,"Rohit Malhotra",BR0979,Clerk,Loans,2022-07-20,121275.30,Unknown
EMP000257,"Sneha Verma",BR0636,Clerk,Operations,2025-11-27,82166.79,Active
EMP000258,"Manish Patel",BR0822,Manager,Loans,2022-04-13,161425.74,Unknown
EMP000259,"Vikas Rathore",BR0327,"Relationship Manager",Operations,2024-02-15,139565.99,Active
EMP000260,"Anjali Kumar",BR0573,"Relationship Manager",Sales,2023-06-13,132443.97,Active
EMP000261,"Sneha Yadav",BR0539,Manager,IT,2023-05-31,170142.65,Unknown
EMP000262,"Meena Agarwal",BR0705,Manager,"Customer Service",2022-09-02,86392.76,Unknown
EMP000263,"Kavita Agarwal",BR0277,Officer,Loans,2024-03-16,119941.55,Inactive
EMP000264,"Vikas Malhotra",BR0997,"Senior Officer",IT,2022-08-08,67282.99,Active
EMP000265,"Sneha Tiwari",BR0501,"Relationship Manager",Loans,2023-03-08,63034.55,Active
EMP000266,"Pooja Mishra",BR0402,Officer,HR,2023-12-30,129520.95,Unknown
EMP000267,"Manish Yadav",BR0612,Clerk,Loans,2025-06-19,125543.48,Active
EMP000268,"Sneha Kumar",BR0329,"Assistant Manager",HR,2025-03-24,51678.43,Active
EMP000269,"Nikhil Verma",BR0550,"Relationship Manager",Sales,2023-06-24,47301.95,Active
EMP000270,"Meena Agarwal",BR0260,"Senior Officer",Finance,2025-08-01,84659.13,Active
EMP000271,"Shreya Kumar",BR0654,Clerk,Finance,2022-09-01,47117.65,Inactive
EMP000272,"Arjun Agarwal",BR0917,Clerk,HR,2022-11-25,86324.40,Active
EMP000273,"Priya Saini",BR0529,"Relationship Manager",IT,2025-11-27,40325.36,Active
EMP000274,"Manish Agarwal",BR0200,"Senior Officer",HR,2025-01-30,75121.25,Inactive
EMP000275,"Neha Agarwal",BR0186,"Relationship Manager",Operations,0000-00-00,107009.97,Inactive
EMP000276,"Priya Malhotra",BR0574,"Senior Officer","Customer Service",2023-04-27,150497.05,Active
EMP000277,"Anjali Saini",BR0525,"Senior Officer","Customer Service",2025-08-17,163103.69,Unknown
EMP000278,"Simran Mehta",BR0635,Manager,Finance,2023-06-21,127398.17,Unknown
EMP000279,"Rohit Bansal",BR0316,"Relationship Manager","Customer Service",2023-10-18,129131.64,Active
EMP000280,"Pooja Kumar",BR0953,"Relationship Manager",Loans,2025-12-05,165242.96,Active
EMP000281,"Simran Gupta",BR0232,Manager,IT,2023-10-30,40357.99,Active
EMP000282,"Komal Jain",BR0768,"Relationship Manager",Operations,2023-05-06,50364.25,Inactive
EMP000283,"Vikas Agarwal",BR0946,Officer,"Customer Service",2025-01-22,170136.34,Unknown
EMP000284,"Nikhil Agarwal",BR0968,Manager,"Customer Service",2023-02-03,53206.64,Unknown
EMP000285,"Anjali Verma",BR0812,"Assistant Manager",Operations,2024-12-10,104748.59,Active
EMP000286,"Neha Malhotra",BR0953,"Relationship Manager",Finance,2025-02-28,154085.67,Active
EMP000287,"Komal Yadav",BR0524,"Relationship Manager",IT,2024-10-04,77346.16,Active
EMP000288,"Meena Malhotra",BR0078,"Assistant Manager",Sales,2025-11-11,65618.01,Unknown
EMP000289,"Kavita Joshi",BR0541,Manager,Operations,2025-12-21,39239.28,Inactive
EMP000290,"Shreya Patel",BR0483,Clerk,Loans,2025-07-27,136966.41,Active
EMP000291,"Suresh Malhotra",BR0738,"Relationship Manager",Operations,2022-07-28,176123.64,Unknown
EMP000292,"Nikhil Sharma",BR0307,Manager,Sales,2024-12-14,49318.70,Inactive
EMP000293,"Karan Verma",BR0218,Clerk,Sales,2024-06-26,86133.10,Active
EMP000294,"Vivek Agarwal",BR0619,"Relationship Manager",Sales,2024-08-25,179578.13,Active
EMP000295,"Rohit Kumar",BR0952,Clerk,HR,2023-09-08,108661.00,Unknown
EMP000296,"Pawan Joshi",BR0761,"Assistant Manager",Operations,2024-12-05,53127.31,Active
EMP000297,"Deepak Sharma",BR0831,"Relationship Manager",Operations,2022-11-30,66197.93,Unknown
EMP000298,"Vikas Mishra",BR0396,"Senior Officer",Loans,2023-11-21,177599.80,Unknown
EMP000299,"Amit Gupta",BR0134,"Relationship Manager",Finance,2024-06-26,96173.01,Active
EMP000300,"Shreya Agarwal",BR0119,Officer,Finance,2025-01-31,114308.34,Active
EMP000301,"Shreya Yadav",BR0165,Clerk,IT,2024-07-17,0.00,Unknown
EMP000302,"Kavita Bansal",BR0798,Manager,Finance,2024-09-06,121173.69,Unknown
EMP000303,"Shreya Verma",BR0931,"Assistant Manager",IT,2023-02-24,148984.37,Inactive
EMP000304,"Simran Patel",BR0268,"Assistant Manager",Sales,2022-02-14,144400.37,Active
EMP000305,"Arjun Patel",BR0550,"Relationship Manager",Sales,2024-04-18,134806.72,Active
EMP000306,"Priya Tiwari",BR0506,"Senior Officer",Operations,2022-12-30,111802.70,Inactive
EMP000307,"Simran Patel",BR0603,Manager,Loans,2024-02-18,109420.63,Inactive
EMP000308,"Komal Yadav",BR0022,Clerk,Sales,0000-00-00,121230.72,Unknown
EMP000309,"Nikhil Saini",BR0409,"Assistant Manager",Loans,2022-10-28,130557.82,Active
EMP000310,"Manish Verma",BR0803,Officer,IT,2022-06-15,51408.94,Unknown
EMP000311,"Amit Sharma",BR0851,"Assistant Manager",Sales,2025-12-29,69782.12,Inactive
EMP000312,"Anjali Verma",BR0127,"Relationship Manager",Loans,2023-02-12,108668.40,Inactive
EMP000313,"Vikas Mishra",BR0529,Officer,Loans,2025-08-31,87408.10,Active
EMP000314,"Suresh Mehta",BR0097,Manager,Operations,2025-12-29,50485.57,Unknown
EMP000315,"Sneha Singh",BR0424,Clerk,HR,2024-07-01,151132.60,Unknown
EMP000316,"Riya Tiwari",BR0729,"Assistant Manager",Sales,2023-09-16,172135.37,Inactive
EMP000317,"Amit Jain",BR0547,Manager,Operations,2022-04-27,107969.81,Active
EMP000318,"Meena Mishra",BR0217,Clerk,Loans,2024-02-24,165120.33,Active
EMP000319,"Arjun Choudhary",BR0627,"Assistant Manager","Customer Service",2022-05-04,70258.75,Unknown
EMP000320,"Karan Sharma",BR0775,Manager,Sales,2025-02-09,128540.02,Inactive
EMP000321,"Simran Tiwari",BR0400,"Relationship Manager",Operations,2022-03-11,64728.81,Active
EMP000322,"Ankit Choudhary",BR0662,Clerk,HR,2022-05-17,55499.81,Unknown
EMP000323,"Meena Jain",BR0367,"Assistant Manager","Customer Service",2025-05-24,149110.14,Active
EMP000324,"Kavita Tiwari",BR0379,"Senior Officer",Operations,2022-02-08,38730.13,Unknown
EMP000325,"Arjun Singh",BR0591,Clerk,"Customer Service",2022-03-08,75243.45,Active
EMP000326,"Deepak Choudhary",BR0500,Clerk,"Customer Service",2022-04-25,151052.53,Inactive
EMP000327,"Vivek Patel",BR0250,Manager,Sales,2022-02-11,151181.10,Active
EMP000328,"Pawan Kumar",BR0734,Clerk,"Customer Service",2025-06-17,130958.39,Unknown
EMP000329,"Pawan Agarwal",BR0920,Manager,Finance,2024-09-03,120253.06,Unknown
EMP000330,"Pooja Tiwari",BR0593,Manager,"Customer Service",2025-03-21,157811.43,Unknown
EMP000331,"Vivek Rathore",BR0819,"Assistant Manager",Loans,2024-11-27,128118.40,Inactive
EMP000332,"Rohit Joshi",BR0541,Officer,Operations,2024-12-24,59377.27,Unknown
EMP000333,"Simran Choudhary",BR0425,"Relationship Manager",Operations,2023-12-12,90241.23,Unknown
EMP000334,"Rohit Saini",BR0911,Clerk,Finance,2025-11-04,105838.55,Unknown
EMP000335,"Vikas Singh",BR0148,"Relationship Manager",Sales,2025-06-07,117730.84,Inactive
EMP000336,"Neha Yadav",BR0096,Officer,Operations,2024-09-08,22569.11,Unknown
EMP000337,"Arjun Saini",BR0890,"Assistant Manager","Customer Service",2022-05-11,71577.16,Active
EMP000338,"Amit Yadav",BR0174,Manager,IT,2025-08-18,0.00,Inactive
EMP000339,"Meena Jain",BR0842,Clerk,Finance,2025-08-08,69721.24,Active
EMP000340,"Ankit Gupta",BR0386,Manager,Operations,2023-02-10,149836.10,Active
EMP000341,"Simran Agarwal",BR0972,Officer,Finance,2024-06-10,49305.41,Active
EMP000342,"Meena Gupta",BR0586,"Senior Officer",HR,2022-12-16,123636.62,Inactive
EMP000343,"Arjun Rathore",BR0490,"Senior Officer",Sales,2023-05-07,159707.64,Inactive
EMP000344,"Vivek Saini",BR0145,Clerk,Loans,2025-10-22,147318.07,Inactive
EMP000345,"Kavita Singh",BR0248,Manager,Finance,2024-07-03,148121.19,Inactive
EMP000346,"Shreya Gupta",BR0338,Officer,Finance,2025-09-05,43387.82,Unknown
EMP000347,"Simran Choudhary",BR0211,Officer,Loans,2022-03-27,75846.12,Unknown
EMP000348,"Vivek Gupta",BR0997,"Assistant Manager",Finance,2022-09-15,51116.37,Active
EMP000349,"Pooja Joshi",BR0392,Manager,Sales,2025-06-05,68001.45,Active
EMP000350,"Manish Joshi",BR0240,Manager,HR,2025-07-11,85044.33,Active
EMP000351,"Pawan Rathore",BR0438,Officer,Sales,2022-10-20,106991.21,Inactive
EMP000352,"Karan Mehta",BR0546,Manager,Sales,2025-03-17,133637.14,Active
EMP000353,"Vivek Patel",BR0810,Clerk,Sales,2022-10-15,126364.06,Unknown
EMP000354,"Vivek Tiwari",BR0805,"Senior Officer",Operations,2024-10-06,130238.58,Active
EMP000355,"Amit Mehta",BR0866,Manager,Finance,2022-01-22,86807.21,Unknown
EMP000356,"Vikas Singh",BR0682,Clerk,"Customer Service",2024-08-05,25074.88,Active
EMP000357,"Amit Sharma",BR0927,Officer,"Customer Service",2023-10-19,174697.76,Unknown
EMP000358,"Rahul Choudhary",BR0458,Officer,"Customer Service",2022-12-09,35256.62,Active
EMP000359,"Vikas Tiwari",BR0119,Clerk,Loans,2022-10-04,27089.39,Unknown
EMP000360,"Pawan Singh",BR0311,Clerk,IT,2024-03-20,30425.18,Unknown
EMP000361,"Simran Sharma",BR0349,Officer,HR,2022-03-08,22025.92,Active
EMP000362,"Manish Choudhary",BR0835,Clerk,Operations,2025-11-04,143516.72,Inactive
EMP000363,"Deepak Joshi",BR0113,Clerk,Loans,2022-01-05,131462.89,Unknown
EMP000364,"Riya Bansal",BR0902,"Relationship Manager",Sales,2025-05-04,91656.45,Unknown
EMP000365,"Pawan Rathore",BR0118,Officer,Sales,2023-01-12,93917.55,Active
EMP000366,"Anjali Malhotra",BR0958,Clerk,HR,2022-01-03,98403.12,Active
EMP000367,"Neha Tiwari",BR0635,"Assistant Manager",Loans,2024-07-15,176041.32,Active
EMP000368,"Suresh Gupta",BR0264,Manager,Sales,2023-05-19,44649.88,Unknown
EMP000369,"Arjun Malhotra",BR0724,"Senior Officer",IT,2023-12-24,175005.19,Active
EMP000370,"Vikas Kumar",BR0896,Manager,Operations,2022-08-14,34861.56,Active
EMP000371,"Arjun Bansal",BR0328,Manager,Operations,2023-07-16,174186.84,Inactive
EMP000372,"Rohit Agarwal",BR0899,Officer,IT,2024-03-17,51082.23,Unknown
EMP000373,"Manish Mehta",BR0808,Manager,HR,2023-03-05,100822.92,Unknown
EMP000374,"Komal Sharma",BR0012,"Relationship Manager",Loans,2025-09-04,175595.34,Active
EMP000375,"Amit Patel",BR0622,Manager,IT,2023-02-06,135959.36,Unknown
EMP000376,"Pawan Gupta",BR0603,"Relationship Manager","Customer Service",2022-03-26,80972.39,Active
EMP000377,"Simran Mishra",BR0699,"Relationship Manager","Customer Service",2024-05-12,177704.73,Active
EMP000378,"Simran Singh",BR0153,Officer,Loans,2025-09-05,82213.51,Unknown
EMP000379,"Riya Gupta",BR0724,"Senior Officer",Operations,2024-01-04,162972.46,Unknown
EMP000380,"Ankit Choudhary",BR0782,Manager,Loans,2025-11-05,109277.26,Inactive
EMP000381,"Rohit Patel",BR0516,"Relationship Manager",HR,2024-08-19,45306.44,Active
EMP000382,"Ankit Sharma",BR0996,"Senior Officer",Sales,2023-06-09,70275.98,Inactive
EMP000383,"Neha Singh",BR0458,"Relationship Manager",IT,2024-12-14,89025.88,Unknown
EMP000384,"Amit Kumar",BR0587,"Assistant Manager",Operations,2022-11-19,94065.54,Active
EMP000385,"Neha Mishra",BR0550,Clerk,Finance,2023-01-09,66494.29,Unknown
EMP000386,"Ankit Mehta",BR0721,"Senior Officer",Sales,2024-10-01,45348.48,Unknown
EMP000387,"Simran Kumar",BR0065,"Relationship Manager",Operations,2024-06-18,69924.76,Active
EMP000388,"Arjun Joshi",BR0436,"Senior Officer",HR,2023-05-03,43197.06,Active
EMP000389,"Ankit Tiwari",BR0782,Officer,Operations,2024-01-26,64713.08,Active
EMP000390,"Rohit Saini",BR0877,"Assistant Manager",Finance,2024-02-26,36052.79,Inactive
EMP000391,"Manish Gupta",BR0947,Officer,HR,2024-04-12,37669.96,Unknown
EMP000392,"Shreya Choudhary",BR0698,Manager,Operations,2025-07-26,104711.06,Unknown
EMP000393,"Vivek Gupta",BR0960,Clerk,Loans,2023-06-20,133691.93,Unknown
EMP000394,"Simran Mehta",BR0316,Clerk,IT,2025-12-13,158300.83,Unknown
EMP000395,"Pooja Mehta",BR0316,"Relationship Manager",HR,2023-05-09,66543.53,Unknown
EMP000396,"Deepak Gupta",BR0873,Clerk,Loans,2024-08-15,87135.84,Active
EMP000397,"Pooja Saini",BR0828,"Assistant Manager",IT,2024-10-02,89101.60,Active
EMP000398,"Vivek Saini",BR0879,"Senior Officer",HR,2023-05-14,165595.47,Unknown
EMP000399,"Rahul Bansal",BR0531,Clerk,"Customer Service",2023-09-08,95421.06,Inactive
EMP000400,"Priya Gupta",BR0223,Clerk,HR,2023-02-01,132000.57,Unknown
EMP000401,"Manish Mehta",BR0501,"Assistant Manager",Operations,2023-01-23,171913.34,Active
EMP000402,"Ankit Verma",BR0224,"Assistant Manager",IT,2024-12-13,96464.94,Inactive
EMP000403,"Meena Verma",BR0749,"Relationship Manager",Finance,2024-08-16,34167.79,Active
EMP000404,"Karan Rathore",BR0497,Manager,Operations,2023-12-12,46277.93,Inactive
EMP000405,"Rohit Malhotra",BR0979,"Assistant Manager",IT,2025-01-10,25696.77,Active
EMP000406,"Vikas Bansal",BR0891,"Assistant Manager","Customer Service",2025-08-21,166482.34,Active
EMP000407,"Karan Jain",BR0720,Clerk,IT,2022-01-26,61589.59,Unknown
EMP000408,"Vivek Tiwari",BR0671,"Senior Officer",Loans,2025-06-04,37299.14,Unknown
EMP000409,"Nikhil Sharma",BR0135,"Relationship Manager",IT,2022-05-01,60698.13,Inactive
EMP000410,"Simran Mehta",BR0273,Clerk,HR,2023-10-01,0.00,Unknown
EMP000411,"Sneha Joshi",BR0198,Manager,Sales,2025-06-05,62963.85,Unknown
EMP000412,"Kavita Sharma",BR0568,"Assistant Manager",Finance,2025-02-08,170448.26,Unknown
EMP000413,"Kavita Sharma",BR0098,Manager,Loans,2024-12-26,108066.38,Inactive
EMP000414,"Anjali Agarwal",BR0351,Officer,Operations,2023-10-23,109090.64,Active
EMP000415,"Sneha Bansal",BR0080,"Assistant Manager",IT,2023-05-07,132414.10,Active
EMP000416,"Anjali Kumar",BR0744,Manager,HR,2024-06-16,125744.35,Unknown
EMP000417,"Kavita Gupta",BR0308,Clerk,Sales,2023-05-23,102073.63,Active
EMP000418,"Pawan Rathore",BR0172,"Relationship Manager",Operations,2023-11-14,93770.57,Active
EMP000419,"Komal Verma",BR0022,Clerk,Operations,2025-06-19,160107.80,Active
EMP000420,"Suresh Gupta",BR0262,"Relationship Manager",Operations,2025-03-19,106704.58,Active
EMP000421,"Komal Patel",BR0295,Manager,IT,2022-09-03,108150.39,Unknown
EMP000422,"Meena Verma",BR0508,"Assistant Manager","Customer Service",2024-03-07,53461.07,Active
EMP000423,"Neha Agarwal",BR0504,Officer,HR,2023-04-29,132319.66,Inactive
EMP000424,"Rahul Malhotra",BR0865,Officer,Operations,2024-07-04,85243.20,Inactive
EMP000425,"Meena Saini",BR0318,"Relationship Manager",HR,0000-00-00,168195.75,Active
EMP000426,"Shreya Saini",BR0979,"Assistant Manager",HR,2023-06-20,45960.59,Unknown
EMP000427,"Neha Yadav",BR0546,"Assistant Manager",Sales,2023-06-18,141160.30,Active
EMP000428,"Anjali Sharma",BR0616,Clerk,IT,2022-04-18,98189.88,Unknown
EMP000429,"Meena Verma",BR0651,"Assistant Manager",Sales,2024-01-29,58366.43,Active
EMP000430,"Amit Jain",BR0531,Clerk,Loans,2024-07-04,139943.78,Unknown
EMP000431,"Simran Choudhary",BR0383,"Senior Officer",Sales,2025-06-15,157353.50,Unknown
EMP000432,"Riya Rathore",BR0396,Officer,Operations,2022-09-20,87636.78,Inactive
EMP000433,"Manish Sharma",BR0399,Manager,Loans,2022-10-17,55558.09,Unknown
EMP000434,"Pooja Malhotra",BR0901,"Assistant Manager",Loans,2022-10-15,153515.14,Inactive
EMP000435,"Deepak Verma",BR0491,"Assistant Manager",Operations,2023-06-24,153661.42,Active
EMP000436,"Komal Singh",BR0689,"Senior Officer",Operations,2023-06-17,135866.19,Active
EMP000437,"Karan Choudhary",BR0365,"Relationship Manager",Operations,2023-12-31,136821.61,Unknown
EMP000438,"Ankit Singh",BR0352,Officer,Finance,2025-03-26,94549.49,Unknown
EMP000439,"Karan Joshi",BR0446,"Relationship Manager",HR,2022-08-10,170203.83,Active
EMP000440,"Vivek Sharma",BR0685,"Assistant Manager",HR,0000-00-00,61661.73,Active
EMP000441,"Meena Bansal",BR0760,"Relationship Manager",Operations,2025-12-24,89930.63,Active
EMP000442,"Riya Singh",BR0651,"Relationship Manager",Finance,2024-05-03,74594.61,Active
EMP000443,"Vivek Rathore",BR0610,Manager,"Customer Service",2025-10-29,95239.92,Inactive
EMP000444,"Suresh Verma",BR0204,"Relationship Manager",Sales,2023-01-20,97777.90,Unknown
EMP000445,"Sneha Singh",BR0697,Manager,"Customer Service",2024-05-02,47590.30,Active
EMP000446,"Meena Saini",BR0673,"Assistant Manager",Operations,2022-05-01,79561.99,Inactive
EMP000447,"Rahul Jain",BR0663,"Relationship Manager",Sales,0000-00-00,174583.71,Unknown
EMP000448,"Nikhil Yadav",BR0659,"Relationship Manager",Operations,2024-06-09,126704.22,Inactive
EMP000449,"Karan Agarwal",BR0571,Officer,HR,2022-12-05,122193.52,Active
EMP000450,"Amit Verma",BR0179,"Senior Officer",Finance,2023-08-14,89358.05,Unknown
EMP000451,"Shreya Choudhary",BR0082,Clerk,IT,2025-06-14,150128.24,Inactive
EMP000452,"Kavita Saini",BR0728,"Senior Officer",Sales,2023-11-21,135950.77,Active
EMP000453,"Vikas Agarwal",BR0824,Clerk,HR,2022-02-19,85036.01,Active
EMP000454,"Priya Singh",BR0422,"Senior Officer",IT,2024-05-07,118205.59,Inactive
EMP000455,"Suresh Jain",BR0326,Clerk,Operations,2025-03-25,27934.92,Active
EMP000456,"Arjun Jain",BR0502,Manager,Finance,2023-05-07,24702.92,Unknown
EMP000457,"Meena Rathore",BR0520,Manager,Loans,2024-08-13,95629.42,Active
EMP000458,"Amit Jain",BR0185,Officer,Sales,2023-08-31,116497.90,Unknown
EMP000459,"Pawan Mishra",BR0792,Clerk,IT,2025-12-10,77810.92,Inactive
EMP000460,"Karan Agarwal",BR0613,Officer,Finance,2025-07-07,101131.17,Active
EMP000461,"Ankit Agarwal",BR0394,Officer,"Customer Service",2025-03-08,91267.52,Unknown
EMP000462,"Komal Bansal",BR0992,"Relationship Manager",Operations,2025-10-16,172822.92,Unknown
EMP000463,"Anjali Mehta",BR0504,"Senior Officer",HR,2022-03-09,24861.04,Unknown
EMP000464,"Nikhil Jain",BR0146,"Relationship Manager","Customer Service",2022-03-24,45985.28,Unknown
EMP000465,"Rohit Gupta",BR0176,"Relationship Manager",Loans,2024-05-04,170145.69,Active
EMP000466,"Rohit Singh",BR0245,"Senior Officer",Operations,2024-08-11,124360.57,Active
EMP000467,"Riya Agarwal",BR0366,Officer,IT,2023-01-26,41582.06,Unknown
EMP000468,"Arjun Rathore",BR0475,Officer,"Customer Service",2024-05-15,101600.17,Unknown
EMP000469,"Rahul Verma",BR0930,"Senior Officer",Sales,2025-11-01,59725.83,Inactive
EMP000470,"Sneha Jain",BR0880,Manager,"Customer Service",2025-11-23,122523.50,Active
EMP000471,"Anjali Jain",BR0843,Clerk,"Customer Service",2022-01-31,26851.83,Active
EMP000472,"Rahul Choudhary",BR0555,Officer,Sales,2024-05-20,64510.93,Active
EMP000473,"Suresh Patel",BR0415,"Relationship Manager",Finance,2023-06-22,130196.17,Active
EMP000474,"Vikas Gupta",BR0519,Manager,Sales,2025-12-30,28130.30,Active
EMP000475,"Rohit Jain",BR0984,"Relationship Manager","Customer Service",2025-03-25,27387.10,Unknown
EMP000476,"Deepak Saini",BR0030,Clerk,HR,2024-11-13,135061.14,Inactive
EMP000477,"Vikas Kumar",BR0120,Officer,"Customer Service",2022-08-13,131990.55,Unknown
EMP000478,"Manish Malhotra",BR0037,"Assistant Manager",Operations,2024-07-27,4637.08,Unknown
EMP000479,"Karan Sharma",BR0620,"Senior Officer",Sales,2025-11-10,141382.22,Unknown
EMP000480,"Komal Joshi",BR0843,Clerk,HR,2022-03-27,76226.49,Active
EMP000481,"Amit Jain",BR0841,"Relationship Manager",IT,2025-01-03,83139.32,Unknown
EMP000482,"Karan Tiwari",BR0318,"Assistant Manager",Loans,2025-05-04,155244.15,Unknown
EMP000483,"Komal Choudhary",BR0691,"Relationship Manager",HR,2024-04-05,124524.36,Active
EMP000484,"Riya Choudhary",BR0933,Manager,Sales,2023-05-12,65875.19,Unknown
EMP000485,"Manish Mishra",BR0309,Manager,IT,2024-12-03,135444.94,Unknown
EMP000486,"Shreya Kumar",BR0927,Manager,Operations,2022-08-02,56409.52,Active
EMP000487,"Vivek Kumar",BR0887,"Senior Officer",Loans,0000-00-00,146980.04,Active
EMP000488,"Ankit Saini",BR0830,"Senior Officer",Finance,2023-05-25,45220.11,Inactive
EMP000489,"Suresh Rathore",BR0960,Clerk,Finance,2022-04-15,142524.48,Inactive
EMP000490,"Sneha Choudhary",BR0390,Officer,HR,2025-04-23,56820.95,Active
EMP000491,"Suresh Rathore",BR0192,"Relationship Manager",HR,2022-01-12,137825.55,Unknown
EMP000492,"Kavita Mehta",BR0120,Officer,Operations,2022-03-04,156912.18,Active
EMP000493,"Neha Sharma",BR0284,Officer,Loans,2025-03-20,66893.52,Unknown
EMP000494,"Ankit Malhotra",BR0046,"Assistant Manager",Loans,2024-08-15,104810.37,Unknown
EMP000495,"Meena Verma",BR0588,Clerk,Finance,2022-05-26,105507.85,Inactive
EMP000496,"Ankit Singh",BR0338,Manager,"Customer Service",2022-06-08,153178.12,Unknown
EMP000497,"Simran Rathore",BR0275,Officer,Operations,2023-04-09,167615.08,Active
EMP000498,"Ankit Saini",BR0426,"Assistant Manager",Finance,2022-09-13,99720.76,Active
EMP000499,"Arjun Mehta",BR0005,"Senior Officer",Loans,2024-04-30,77236.42,Unknown
EMP000500,"Karan Yadav",BR0842,Clerk,Finance,2024-08-02,175688.29,Inactive
EMP000501,"Deepak Agarwal",BR0488,"Senior Officer",Operations,2025-04-26,168155.85,Active
EMP000502,"Rahul Tiwari",BR0129,"Senior Officer","Customer Service",2022-04-08,132509.36,Unknown
EMP000503,"Pawan Saini",BR0008,"Relationship Manager",HR,2025-02-04,143139.67,Unknown
EMP000504,"Arjun Singh",BR0932,Clerk,Finance,2023-01-08,124945.35,Unknown
EMP000505,"Suresh Gupta",BR0682,"Assistant Manager",Loans,2025-05-24,38099.28,Unknown
EMP000506,"Arjun Rathore",BR0667,"Senior Officer",HR,2025-12-12,49091.05,Inactive
EMP000507,"Shreya Verma",BR0051,Clerk,Sales,2025-02-14,77324.89,Active
EMP000508,"Riya Kumar",BR0175,Officer,HR,2023-07-13,122000.63,Unknown
EMP000509,"Shreya Choudhary",BR0373,Manager,Loans,2024-03-16,153399.77,Unknown
EMP000510,"Pawan Kumar",BR0905,Manager,Operations,2023-03-15,52795.55,Active
EMP000511,"Karan Jain",BR0978,"Assistant Manager",HR,2022-03-28,72968.51,Unknown
EMP000512,"Arjun Patel",BR0009,"Relationship Manager",IT,2024-11-04,132306.97,Unknown
EMP000513,"Neha Choudhary",BR0870,"Assistant Manager",IT,2024-06-28,42681.84,Unknown
EMP000514,"Pawan Singh",BR0822,Clerk,Loans,2024-06-18,108509.14,Inactive
EMP000515,"Pawan Mehta",BR0348,"Assistant Manager",Operations,2024-07-09,63622.35,Unknown
EMP000516,"Pawan Singh",BR0633,Officer,Operations,2025-05-15,56693.72,Active
EMP000517,"Karan Mehta",BR0613,"Senior Officer",IT,2023-10-20,32429.78,Inactive
EMP000518,"Neha Rathore",BR0144,"Relationship Manager",Loans,2023-05-24,156324.24,Inactive
EMP000519,"Manish Tiwari",BR0201,"Relationship Manager",Finance,2024-06-26,76161.30,Inactive
EMP000520,"Amit Mishra",BR0617,"Senior Officer",Operations,2022-10-21,167556.66,Active
EMP000521,"Pawan Sharma",BR0670,Officer,Finance,2023-10-30,111344.13,Inactive
EMP000522,"Ankit Malhotra",BR0549,"Relationship Manager",Finance,2024-04-26,67899.67,Inactive
EMP000523,"Rahul Singh",BR0703,Clerk,Finance,2025-06-12,128801.29,Unknown
EMP000524,"Riya Patel",BR0805,Manager,IT,2023-05-15,147813.76,Inactive
EMP000525,"Rahul Joshi",BR0455,Officer,HR,2023-08-23,27073.26,Unknown
EMP000526,"Karan Choudhary",BR0531,Clerk,Finance,2024-05-10,156426.26,Active
EMP000527,"Deepak Sharma",BR0508,"Assistant Manager",Sales,2024-11-08,46873.44,Inactive
EMP000528,"Manish Bansal",BR0984,"Assistant Manager",Finance,2025-09-27,59980.12,Active
EMP000529,"Simran Sharma",BR0055,"Relationship Manager",Sales,2022-01-12,140230.34,Active
EMP000530,"Anjali Patel",BR0698,Manager,Loans,2022-08-08,126551.22,Inactive
EMP000531,"Vikas Tiwari",BR0572,Officer,Sales,2022-10-17,25768.44,Unknown
EMP000532,"Deepak Singh",BR0562,Officer,"Customer Service",2025-05-31,77587.38,Unknown
EMP000533,"Pooja Kumar",BR0879,Clerk,Sales,2025-06-26,33398.73,Active
EMP000534,"Priya Singh",BR0621,Manager,IT,2025-09-06,145202.80,Active
EMP000535,"Riya Saini",BR0660,"Senior Officer",IT,2023-07-18,113077.61,Active
EMP000536,"Pooja Gupta",BR0897,"Senior Officer",IT,2023-06-29,158640.21,Active
EMP000537,"Vivek Jain",BR0488,"Relationship Manager",IT,2024-05-22,139606.06,Inactive
EMP000538,"Karan Malhotra",BR0564,Manager,Finance,2023-09-20,167250.19,Active
EMP000539,"Rohit Saini",BR0075,Clerk,Loans,2025-03-03,116649.75,Active
EMP000540,"Komal Agarwal",BR0213,"Relationship Manager",HR,2024-02-06,92840.74,Unknown
EMP000541,"Riya Tiwari",BR0645,"Senior Officer",Sales,2025-12-13,72039.52,Active
EMP000542,"Kavita Rathore",BR0808,"Senior Officer",Finance,2023-07-20,83698.78,Active
EMP000543,"Amit Yadav",BR0095,"Assistant Manager",IT,2022-02-15,70882.03,Unknown
EMP000544,"Vivek Tiwari",BR0463,"Relationship Manager",IT,2022-12-02,143255.70,Unknown
EMP000545,"Riya Kumar",BR0768,"Senior Officer","Customer Service",2023-04-05,168012.44,Active
EMP000546,"Neha Joshi",BR0984,"Assistant Manager",IT,2023-11-21,135911.58,Unknown
EMP000547,"Rohit Rathore",BR0321,"Relationship Manager",Sales,2025-11-28,90327.27,Active
EMP000548,"Shreya Bansal",BR0748,Officer,Finance,2025-12-22,171963.79,Unknown
EMP000549,"Pooja Malhotra",BR0735,Manager,HR,2022-01-20,167244.86,Unknown
EMP000550,"Komal Rathore",BR0570,"Assistant Manager",Finance,2025-02-17,154831.14,Active
EMP000551,"Suresh Jain",BR0780,Manager,Loans,2023-09-19,160419.83,Active
EMP000552,"Anjali Tiwari",BR0112,"Senior Officer","Customer Service",2025-05-01,105941.75,Active
EMP000553,"Arjun Patel",BR0709,Manager,Loans,2025-05-22,176343.02,Unknown
EMP000554,"Riya Saini",BR0175,Officer,Operations,2023-10-09,152928.76,Active
EMP000555,"Anjali Patel",BR0792,Officer,Finance,2022-08-24,33922.56,Active
EMP000556,"Arjun Mehta",BR0044,Manager,HR,2022-05-01,110360.50,Active
EMP000557,"Rohit Patel",BR0361,"Assistant Manager",Operations,2023-09-27,112128.26,Unknown
EMP000558,"Simran Joshi",BR0618,"Relationship Manager",IT,2022-02-21,74019.25,Unknown
EMP000559,"Riya Choudhary",BR0129,Officer,IT,2022-02-02,34647.01,Unknown
EMP000560,"Arjun Rathore",BR0806,Officer,"Customer Service",2025-12-24,33464.26,Unknown
EMP000561,"Nikhil Yadav",BR0327,Clerk,Finance,2022-01-06,176503.02,Inactive
EMP000562,"Vivek Singh",BR0322,Officer,"Customer Service",2022-08-22,121955.15,Inactive
EMP000563,"Deepak Malhotra",BR0830,"Relationship Manager","Customer Service",2022-05-10,153577.26,Inactive
EMP000564,"Vivek Tiwari",BR0882,"Senior Officer",Sales,2022-12-17,63665.49,Active
EMP000565,"Anjali Joshi",BR0476,Clerk,IT,2024-05-14,109774.53,Unknown
EMP000566,"Nikhil Malhotra",BR0422,"Assistant Manager",Sales,2022-12-24,153147.09,Unknown
EMP000567,"Anjali Tiwari",BR0078,Manager,Operations,2025-09-04,84846.43,Active
EMP000568,"Rahul Bansal",BR0301,"Assistant Manager",IT,2023-03-11,58501.49,Active
EMP000569,"Komal Mishra",BR0787,"Senior Officer",HR,2024-04-01,164156.85,Active
EMP000570,"Kavita Jain",BR0221,"Senior Officer",Sales,2022-07-06,47780.37,Inactive
EMP000571,"Rahul Saini",BR0007,Manager,Operations,2023-01-05,52726.11,Inactive
EMP000572,"Pooja Bansal",BR0850,Clerk,IT,2024-06-16,70116.39,Active
EMP000573,"Priya Mishra",BR0807,"Relationship Manager",HR,2025-08-03,59195.98,Inactive
EMP000574,"Vivek Mehta",BR0859,"Relationship Manager",Sales,2024-11-03,124353.09,Unknown
EMP000575,"Arjun Joshi",BR0547,Clerk,"Customer Service",2025-03-10,109377.85,Active
EMP000576,"Deepak Tiwari",BR0638,"Senior Officer",Loans,2023-11-24,36259.51,Unknown
EMP000577,"Vivek Rathore",BR0757,"Senior Officer",Operations,2024-03-31,26502.82,Active
EMP000578,"Manish Malhotra",BR0250,"Relationship Manager",Operations,2025-12-03,112611.32,Inactive
EMP000579,"Ankit Gupta",BR0111,"Relationship Manager",HR,2025-05-20,103590.56,Unknown
EMP000580,"Shreya Agarwal",BR0116,Officer,Finance,2024-07-29,80021.41,Unknown
EMP000581,"Suresh Verma",BR0897,"Relationship Manager",Finance,2024-05-06,137091.18,Unknown
EMP000582,"Nikhil Choudhary",BR0630,Officer,IT,2024-12-18,56232.14,Inactive
EMP000583,"Anjali Patel",BR0876,Manager,IT,2022-06-13,84922.14,Unknown
EMP000584,"Meena Rathore",BR0891,Clerk,Sales,2022-05-24,51219.14,Inactive
EMP000585,"Meena Sharma",BR0795,Manager,HR,2023-08-20,144531.57,Unknown
EMP000586,"Sneha Gupta",BR0060,"Senior Officer",HR,2025-12-28,106216.41,Unknown
EMP000587,"Ankit Tiwari",BR0110,"Assistant Manager",Operations,2024-10-24,27045.15,Unknown
EMP000588,"Vikas Mehta",BR0107,"Senior Officer",Operations,2022-05-07,121371.19,Inactive
EMP000589,"Simran Sharma",BR0676,"Relationship Manager",HR,2022-11-22,134461.00,Unknown
EMP000590,"Deepak Joshi",BR0292,Clerk,Loans,0000-00-00,153155.51,Active
EMP000591,"Rahul Mehta",BR0121,Manager,HR,2025-02-21,31601.37,Inactive
EMP000592,"Simran Singh",BR0550,Clerk,Finance,2022-03-12,34321.30,Active
EMP000593,"Rohit Mehta",BR0763,Clerk,IT,2024-03-20,86965.45,Active
EMP000594,"Priya Sharma",BR0843,"Senior Officer",IT,2022-01-31,80337.13,Inactive
EMP000595,"Ankit Kumar",BR0107,Manager,HR,2024-12-16,81225.49,Unknown
EMP000596,"Amit Joshi",BR0765,Manager,Sales,2024-07-24,33622.36,Active
EMP000597,"Shreya Rathore",BR0944,"Senior Officer",Sales,2023-03-20,174460.56,Unknown
EMP000598,"Ankit Kumar",BR0337,"Relationship Manager",Loans,2022-01-21,176681.09,Active
EMP000599,"Arjun Mehta",BR0221,"Senior Officer",Loans,2023-05-07,138510.47,Unknown
EMP000600,"Rahul Gupta",BR0326,Officer,HR,2024-02-06,141118.44,Unknown
EMP000601,"Sneha Verma",BR0272,"Senior Officer",Finance,2022-09-07,110720.49,Inactive
EMP000602,"Deepak Choudhary",BR0201,"Senior Officer",Sales,2022-08-09,46716.12,Active
EMP000603,"Neha Singh",BR0934,"Relationship Manager",Sales,2024-11-07,134143.47,Active
EMP000604,"Meena Yadav",BR0040,Clerk,HR,2023-06-24,98113.01,Active
EMP000605,"Vikas Rathore",BR0610,Clerk,Operations,2025-10-02,60654.96,Active
EMP000606,"Shreya Tiwari",BR0141,"Relationship Manager",Loans,2023-04-08,63485.84,Unknown
EMP000607,"Rohit Sharma",BR0673,"Relationship Manager",Loans,2025-04-08,117852.88,Active
EMP000608,"Suresh Agarwal",BR0031,Clerk,Finance,2024-08-21,102349.12,Active
EMP000609,"Manish Choudhary",BR0741,"Assistant Manager","Customer Service",2024-12-16,101542.61,Inactive
EMP000610,"Pooja Agarwal",BR0636,Manager,Finance,2022-02-24,160249.00,Active
EMP000611,"Simran Jain",BR0778,Officer,Sales,2024-01-29,57015.17,Active
EMP000612,"Amit Gupta",BR0117,Clerk,Sales,2024-01-18,82297.76,Inactive
EMP000613,"Suresh Saini",BR0232,"Assistant Manager","Customer Service",2024-08-22,42927.94,Active
EMP000614,"Rohit Saini",BR0039,Manager,"Customer Service",2023-02-22,146367.46,Active
EMP000615,"Vivek Tiwari",BR0722,"Senior Officer","Customer Service",2024-10-04,118663.00,Active
EMP000616,"Manish Verma",BR0557,Manager,"Customer Service",2025-12-08,134815.03,Unknown
EMP000617,"Rahul Malhotra",BR0505,"Relationship Manager","Customer Service",2024-07-21,130041.03,Unknown
EMP000618,"Pooja Singh",BR0719,Manager,Loans,2025-01-30,74323.48,Unknown
EMP000619,"Vivek Malhotra",BR0901,Manager,Operations,2024-03-18,104673.44,Unknown
EMP000620,"Arjun Rathore",BR0612,Officer,"Customer Service",2022-12-29,170942.84,Active
EMP000621,"Ankit Rathore",BR0436,"Assistant Manager",Finance,2023-10-15,88913.37,Unknown
EMP000622,"Amit Verma",BR0696,Officer,HR,2025-03-27,36636.42,Unknown
EMP000623,"Pawan Jain",BR0273,Manager,Loans,2024-09-28,162078.30,Unknown
EMP000624,"Meena Agarwal",BR0690,"Assistant Manager",Finance,2022-04-19,105771.85,Unknown
EMP000625,"Neha Verma",BR0378,"Assistant Manager",Operations,2023-08-03,26005.81,Unknown
EMP000626,"Arjun Agarwal",BR0246,"Senior Officer",IT,2025-06-07,66374.55,Inactive
EMP000627,"Arjun Joshi",BR0343,"Assistant Manager",Finance,2023-08-19,132080.42,Inactive
EMP000628,"Pawan Verma",BR0620,Officer,HR,2025-02-14,103654.77,Unknown
EMP000629,"Priya Mishra",BR0567,"Assistant Manager",HR,2023-09-19,89483.20,Active
EMP000630,"Vikas Patel",BR0348,"Assistant Manager",Sales,2025-05-04,166291.08,Unknown
EMP000631,"Manish Choudhary",BR0545,"Senior Officer",IT,2022-04-15,44367.94,Active
EMP000632,"Ankit Jain",BR0391,Manager,Operations,2025-12-01,146370.45,Inactive
EMP000633,"Amit Mehta",BR0804,"Assistant Manager",HR,2025-03-04,8818.81,Unknown
EMP000634,"Neha Joshi",BR0709,"Senior Officer",Loans,2024-04-16,113465.18,Active
EMP000635,"Anjali Kumar",BR0070,"Relationship Manager","Customer Service",2025-06-14,179838.92,Unknown
EMP000636,"Meena Rathore",BR0936,"Senior Officer",Sales,2022-07-08,127216.61,Unknown
EMP000637,"Priya Verma",BR0273,Clerk,IT,2023-05-16,84159.35,Unknown
EMP000638,"Karan Mehta",BR0515,Clerk,Finance,2022-11-14,74554.70,Inactive
EMP000639,"Komal Sharma",BR0424,Manager,Operations,2024-07-10,28321.92,Active
EMP000640,"Neha Tiwari",BR0549,"Relationship Manager",IT,2025-06-18,112809.60,Unknown
EMP000641,"Anjali Kumar",BR0995,Manager,"Customer Service",2025-07-30,130059.36,Active
EMP000642,"Rohit Gupta",BR0758,Manager,Loans,2022-11-20,81589.03,Active
EMP000643,"Komal Rathore",BR0657,Officer,Operations,2023-02-26,27724.07,Active
EMP000644,"Neha Singh",BR0736,"Assistant Manager",Sales,2022-11-21,80615.23,Active
EMP000645,"Kavita Yadav",BR0280,Clerk,IT,2024-11-13,158897.24,Unknown
EMP000646,"Rohit Gupta",BR0651,"Assistant Manager","Customer Service",2024-01-18,116025.75,Inactive
EMP000647,"Anjali Joshi",BR0267,"Senior Officer",Sales,2025-09-07,174136.01,Unknown
EMP000648,"Arjun Patel",BR0218,"Relationship Manager",IT,2023-12-11,113911.23,Unknown
EMP000649,"Karan Mehta",BR0686,Officer,"Customer Service",2025-03-17,74767.14,Active
EMP000650,"Riya Bansal",BR0675,Manager,Loans,2024-04-18,137257.30,Active
EMP000651,"Komal Bansal",BR0357,"Assistant Manager",IT,2022-05-23,137751.87,Active
EMP000652,"Anjali Bansal",BR0933,"Senior Officer",Loans,2024-10-27,41160.37,Unknown
EMP000653,"Pawan Sharma",BR0578,"Assistant Manager",IT,2024-04-12,124831.76,Unknown
EMP000654,"Nikhil Gupta",BR0209,Manager,Finance,2025-03-20,170848.09,Inactive
EMP000655,"Suresh Saini",BR0597,"Assistant Manager",Finance,2022-02-18,88438.69,Unknown
EMP000656,"Simran Kumar",BR0182,Manager,Sales,2023-11-25,57242.86,Active
EMP000657,"Karan Rathore",BR0250,Manager,Loans,0000-00-00,23214.85,Active
EMP000658,"Kavita Mishra",BR0097,"Relationship Manager","Customer Service",2024-11-22,124845.12,Unknown
EMP000659,"Pooja Jain",BR0008,"Relationship Manager",Finance,2023-12-08,54799.63,Inactive
EMP000660,"Komal Saini",BR0631,Manager,Sales,2025-04-09,49514.49,Inactive
EMP000661,"Riya Sharma",BR0074,"Relationship Manager",IT,2025-06-09,0.00,Active
EMP000662,"Ankit Gupta",BR0139,"Assistant Manager",Finance,0000-00-00,71647.57,Inactive
EMP000663,"Priya Agarwal",BR0637,Manager,Sales,2024-08-02,130479.40,Inactive
EMP000664,"Suresh Sharma",BR0684,"Assistant Manager",HR,2023-09-06,162822.74,Inactive
EMP000665,"Suresh Bansal",BR0958,"Assistant Manager",Finance,2022-06-25,118870.04,Unknown
EMP000666,"Ankit Kumar",BR0509,Manager,Finance,2023-06-10,1748.06,Inactive
EMP000667,"Arjun Tiwari",BR0483,Officer,HR,2022-10-06,131215.08,Unknown
EMP000668,"Suresh Rathore",BR0132,"Senior Officer",Operations,2022-03-30,34586.67,Unknown
EMP000669,"Nikhil Agarwal",BR0625,Manager,Sales,2025-07-19,130826.00,Unknown
EMP000670,"Pooja Joshi",BR0443,"Senior Officer",HR,2022-09-08,160303.17,Active
EMP000671,"Priya Kumar",BR0435,"Assistant Manager",Operations,2022-02-18,159236.04,Active
EMP000672,"Sneha Bansal",BR0008,"Assistant Manager",Sales,2023-06-29,157027.83,Unknown
EMP000673,"Nikhil Patel",BR0121,"Senior Officer",Operations,2024-12-28,89546.22,Unknown
EMP000674,"Kavita Gupta",BR0845,"Assistant Manager",Operations,2023-04-11,92564.06,Inactive
EMP000675,"Vivek Sharma",BR0545,"Relationship Manager",IT,2025-10-03,86934.33,Inactive
EMP000676,"Meena Joshi",BR0558,"Assistant Manager",IT,2023-05-20,34164.34,Inactive
EMP000677,"Meena Tiwari",BR0652,Officer,Loans,2024-05-31,55561.40,Active
EMP000678,"Vivek Mishra",BR0225,"Relationship Manager","Customer Service",2022-09-14,168748.80,Inactive
EMP000679,"Sneha Mishra",BR0458,Officer,"Customer Service",2023-06-21,125052.66,Active
EMP000680,"Manish Malhotra",BR0574,Clerk,"Customer Service",2025-10-07,43613.68,Unknown
EMP000681,"Pawan Agarwal",BR0523,"Assistant Manager",Finance,2023-07-19,156699.41,Active
EMP000682,"Rohit Singh",BR0577,"Senior Officer",IT,0000-00-00,104927.83,Active
EMP000683,"Riya Mishra",BR0678,Manager,Loans,2024-01-19,76568.97,Unknown
EMP000684,"Vivek Jain",BR0827,"Assistant Manager",Finance,2024-03-15,23634.46,Inactive
EMP000685,"Rahul Verma",BR0232,Clerk,Sales,2025-07-27,47645.28,Unknown
EMP000686,"Vivek Agarwal",BR0368,"Assistant Manager",HR,2024-09-08,31419.81,Unknown
EMP000687,"Manish Joshi",BR0023,Officer,HR,2022-05-27,147497.01,Unknown
EMP000688,"Neha Mehta",BR0356,Clerk,Finance,2024-03-04,105609.97,Active
EMP000689,"Amit Choudhary",BR0952,"Assistant Manager",HR,2025-08-19,81994.07,Active
EMP000690,"Simran Saini",BR0613,Clerk,Sales,2025-07-13,140701.13,Active
EMP000691,"Meena Yadav",BR0298,Manager,HR,2023-10-31,155319.30,Unknown
EMP000692,"Amit Rathore",BR0892,Officer,HR,2024-07-10,80814.43,Unknown
EMP000693,"Komal Verma",BR0326,Clerk,Loans,2024-08-14,174184.32,Inactive
EMP000694,"Deepak Rathore",BR0776,"Relationship Manager","Customer Service",2024-02-09,109383.75,Active
EMP000695,"Shreya Verma",BR0136,"Senior Officer",IT,2022-07-02,177392.32,Unknown
EMP000696,"Ankit Mehta",BR0057,Clerk,Sales,2022-03-28,153671.17,Unknown
EMP000697,"Ankit Singh",BR0245,"Relationship Manager",HR,2025-05-03,90765.57,Active
EMP000698,"Pooja Rathore",BR0752,Clerk,Finance,2022-06-24,58807.83,Unknown
EMP000699,"Deepak Kumar",BR0900,"Senior Officer","Customer Service",2023-02-16,60859.94,Unknown
EMP000700,"Rohit Jain",BR0306,"Senior Officer",HR,2022-11-30,128107.48,Active
EMP000701,"Pooja Joshi",BR0509,Officer,IT,2024-05-12,46628.70,Unknown
EMP000702,"Pooja Yadav",BR0897,"Senior Officer",Loans,2025-07-13,116695.75,Active
EMP000703,"Nikhil Kumar",BR0560,Manager,HR,2023-02-28,129874.73,Unknown
EMP000704,"Simran Malhotra",BR0462,Manager,Loans,2024-11-13,97665.99,Active
EMP000705,"Priya Choudhary",BR0319,"Relationship Manager",IT,2022-09-15,63929.58,Unknown
EMP000706,"Sneha Agarwal",BR0865,"Relationship Manager",Sales,2024-12-09,35196.73,Unknown
EMP000707,"Ankit Rathore",BR0329,"Senior Officer",IT,2024-05-07,147173.77,Active
EMP000708,"Manish Gupta",BR0655,"Relationship Manager",Operations,2022-01-22,89714.82,Active
EMP000709,"Priya Mishra",BR0154,"Senior Officer","Customer Service",2022-12-26,116021.07,Active
EMP000710,"Riya Choudhary",BR0318,Officer,Loans,2025-04-23,0.00,Active
EMP000711,"Rohit Joshi",BR0266,"Relationship Manager",Sales,2022-08-30,115337.20,Unknown
EMP000712,"Shreya Bansal",BR0443,Manager,HR,2022-11-30,32435.80,Active
EMP000713,"Komal Bansal",BR0461,"Assistant Manager",Sales,2025-07-13,107779.91,Active
EMP000714,"Pawan Rathore",BR0870,"Relationship Manager",IT,2023-12-28,50037.62,Unknown
EMP000715,"Simran Gupta",BR0726,"Senior Officer",Sales,2022-08-01,83784.86,Unknown
EMP000716,"Suresh Malhotra",BR0153,"Relationship Manager","Customer Service",2022-02-15,91560.05,Unknown
EMP000717,"Nikhil Saini",BR0029,Officer,Operations,2022-09-29,115038.78,Unknown
EMP000718,"Sneha Singh",BR0229,"Relationship Manager","Customer Service",2023-03-10,134381.21,Unknown
EMP000719,"Priya Patel",BR0120,"Relationship Manager",Finance,2022-11-22,60299.19,Inactive
EMP000720,"Riya Kumar",BR0934,"Relationship Manager",IT,2022-04-11,41554.16,Inactive
EMP000721,"Priya Sharma",BR0406,Manager,HR,2025-04-21,41290.92,Unknown
EMP000722,"Kavita Saini",BR0797,"Relationship Manager","Customer Service",2023-03-16,67460.53,Unknown
EMP000723,"Ankit Singh",BR0991,Officer,"Customer Service",2025-09-09,30968.14,Unknown
EMP000724,"Meena Mishra",BR0179,Manager,Loans,2023-10-26,49868.69,Inactive
EMP000725,"Meena Mehta",BR0094,"Senior Officer",Loans,2023-10-18,63441.29,Unknown
EMP000726,"Karan Malhotra",BR0500,Clerk,HR,2024-03-12,148434.45,Active
EMP000727,"Nikhil Singh",BR0967,"Senior Officer",HR,2022-03-20,98502.27,Unknown
EMP000728,"Sneha Sharma",BR0933,Manager,Finance,2024-01-06,175938.06,Active
EMP000729,"Neha Patel",BR0487,Clerk,IT,2022-04-15,128382.03,Active
EMP000730,"Rahul Bansal",BR0148,Officer,IT,2024-08-28,24651.58,Unknown
EMP000731,"Deepak Joshi",BR0183,"Relationship Manager",Loans,2022-10-11,165146.98,Active
EMP000732,"Deepak Malhotra",BR0976,Manager,IT,2022-10-31,29377.70,Unknown
EMP000733,"Anjali Yadav",BR0654,Officer,Finance,2022-12-29,153914.68,Active
EMP000734,"Neha Tiwari",BR0876,"Assistant Manager","Customer Service",2024-04-05,142598.62,Unknown
EMP000735,"Pawan Choudhary",BR0085,"Senior Officer",HR,2022-09-11,93752.99,Unknown
EMP000736,"Vivek Jain",BR0115,Clerk,HR,2024-06-11,35591.35,Inactive
EMP000737,"Amit Rathore",BR0378,Manager,HR,2024-10-12,112308.34,Inactive
EMP000738,"Nikhil Jain",BR0147,Officer,Loans,2024-12-27,82713.03,Inactive
EMP000739,"Anjali Jain",BR0555,Clerk,Sales,2023-07-24,167348.09,Active
EMP000740,"Suresh Gupta",BR0051,Manager,HR,2023-09-05,112373.62,Unknown
EMP000741,"Nikhil Joshi",BR0170,Officer,HR,2025-08-04,74610.53,Active
EMP000742,"Shreya Bansal",BR0417,"Assistant Manager",HR,2023-03-19,140587.03,Unknown
EMP000743,"Sneha Singh",BR0743,"Relationship Manager",Finance,2023-03-23,36752.23,Active
EMP000744,"Ankit Patel",BR0737,"Senior Officer",Operations,2024-12-04,134575.08,Inactive
EMP000745,"Vivek Tiwari",BR0948,"Senior Officer",Loans,2024-11-12,126436.86,Active
EMP000746,"Simran Singh",BR0212,Manager,Loans,2023-01-17,71076.48,Unknown
EMP000747,"Vikas Kumar",BR0382,Officer,Sales,2025-11-17,179884.03,Active
EMP000748,"Komal Agarwal",BR0326,Manager,Finance,2025-05-26,77452.39,Inactive
EMP000749,"Arjun Malhotra",BR0662,Clerk,HR,2025-11-15,137449.34,Active
EMP000750,"Riya Mehta",BR0648,Officer,HR,2024-04-02,67002.25,Inactive
EMP000751,"Komal Gupta",BR0121,Clerk,Operations,2023-12-04,63913.08,Unknown
EMP000752,"Rohit Mehta",BR0568,Officer,Loans,2022-07-15,66246.44,Unknown
EMP000753,"Riya Patel",BR0127,Officer,Operations,2022-06-10,77675.96,Unknown
EMP000754,"Kavita Tiwari",BR0246,Officer,Finance,2024-10-15,177699.30,Active
EMP000755,"Meena Gupta",BR0110,"Relationship Manager",Loans,2025-12-11,86579.24,Active
EMP000756,"Suresh Gupta",BR0771,"Senior Officer",HR,2024-03-14,55725.84,Unknown
EMP000757,"Suresh Yadav",BR0613,"Assistant Manager","Customer Service",2024-08-01,119944.61,Unknown
EMP000758,"Rohit Sharma",BR0099,"Senior Officer",Sales,2024-07-07,62972.92,Active
EMP000759,"Anjali Yadav",BR0974,Officer,IT,2023-01-09,29296.21,Active
EMP000760,"Deepak Sharma",BR0027,Clerk,Finance,2025-02-01,129426.56,Active
EMP000761,"Sneha Choudhary",BR0759,Clerk,Sales,2023-07-17,50847.32,Unknown
EMP000762,"Kavita Saini",BR0870,Manager,HR,2024-10-23,90227.29,Inactive
EMP000763,"Amit Kumar",BR0482,"Assistant Manager",Operations,2023-03-07,151944.89,Unknown
EMP000764,"Arjun Patel",BR0957,Officer,"Customer Service",2025-01-31,142503.00,Active
EMP000765,"Rahul Bansal",BR0735,Manager,IT,2024-12-27,62024.07,Inactive
EMP000766,"Riya Verma",BR0244,"Senior Officer",Loans,2023-10-02,78761.24,Active
EMP000767,"Vivek Saini",BR0123,Manager,Finance,2023-12-05,81754.77,Active
EMP000768,"Anjali Joshi",BR0320,"Relationship Manager",Finance,0000-00-00,84465.27,Unknown
EMP000769,"Vivek Yadav",BR0255,Officer,Loans,2023-02-03,0.00,Unknown
EMP000770,"Komal Joshi",BR0009,"Senior Officer",IT,2022-04-10,166152.41,Unknown
EMP000771,"Riya Gupta",BR0072,"Senior Officer",HR,2025-11-17,23335.73,Unknown
EMP000772,"Pawan Agarwal",BR0168,"Senior Officer","Customer Service",2023-05-15,50082.33,Active
EMP000773,"Suresh Verma",BR0312,"Senior Officer",Sales,2023-05-09,99606.16,Unknown
EMP000774,"Vivek Mehta",BR0139,"Senior Officer",Loans,2022-05-18,91923.25,Active
EMP000775,"Simran Yadav",BR0608,Clerk,Loans,2024-07-25,156505.79,Active
EMP000776,"Komal Malhotra",BR0886,Officer,Operations,2023-11-11,72191.97,Inactive
EMP000777,"Kavita Tiwari",BR0015,"Senior Officer",Sales,2024-10-08,116442.27,Active
EMP000778,"Shreya Singh",BR0250,Clerk,"Customer Service",2023-03-23,172701.72,Unknown
EMP000779,"Pawan Bansal",BR0440,Officer,Sales,2022-01-07,26479.62,Inactive
EMP000780,"Deepak Gupta",BR0418,Manager,Sales,2023-02-02,120988.30,Inactive
EMP000781,"Karan Mehta",BR0359,Manager,Loans,2025-06-27,161753.07,Active
EMP000782,"Arjun Mishra",BR0335,Manager,"Customer Service",2022-02-24,27991.56,Active
EMP000783,"Ankit Mehta",BR0452,"Relationship Manager",HR,2024-09-12,84590.55,Active
EMP000784,"Priya Singh",BR0712,"Assistant Manager",Loans,2023-11-28,132749.67,Active
EMP000785,"Priya Yadav",BR0355,"Relationship Manager","Customer Service",2024-03-14,63790.68,Unknown
EMP000786,"Pooja Mehta",BR0825,"Assistant Manager",HR,2023-02-19,67584.35,Active
EMP000787,"Vivek Gupta",BR0009,"Senior Officer",Loans,2025-07-23,36470.65,Inactive
EMP000788,"Rohit Malhotra",BR0245,Manager,IT,2024-08-08,102397.20,Inactive
EMP000789,"Deepak Rathore",BR0196,Officer,Finance,2025-05-23,30521.86,Unknown
EMP000790,"Rahul Kumar",BR0182,"Assistant Manager",Operations,2025-01-29,114050.92,Unknown
EMP000791,"Simran Gupta",BR0970,"Assistant Manager",Finance,2023-10-22,86917.17,Unknown
EMP000792,"Karan Singh",BR0184,Officer,Loans,2025-06-16,139114.92,Active
EMP000793,"Ankit Rathore",BR0050,"Relationship Manager",HR,2025-07-16,30459.33,Unknown
EMP000794,"Rohit Verma",BR0451,Officer,HR,2023-12-13,146838.26,Active
EMP000795,"Simran Verma",BR0726,"Relationship Manager",Loans,2025-08-26,102218.16,Active
EMP000796,"Sneha Agarwal",BR0114,"Senior Officer",HR,2023-04-06,176617.46,Unknown
EMP000797,"Manish Malhotra",BR0132,"Assistant Manager",Sales,2022-11-16,171045.44,Active
EMP000798,"Komal Choudhary",BR0959,"Assistant Manager",HR,2024-10-27,61729.39,Unknown
EMP000799,"Ankit Tiwari",BR0175,"Senior Officer",Sales,2022-10-08,113192.55,Active
EMP000800,"Suresh Choudhary",BR0201,"Senior Officer","Customer Service",2023-06-22,115735.50,Active
EMP000801,"Priya Sharma",BR0494,"Assistant Manager",Finance,2024-12-18,50446.94,Active
EMP000802,"Rahul Saini",BR0324,Officer,"Customer Service",2022-05-21,94902.98,Inactive
EMP000803,"Vivek Sharma",BR0545,Clerk,IT,2023-02-27,112415.76,Active
EMP000804,"Arjun Rathore",BR0511,Manager,IT,2023-10-23,104577.36,Active
EMP000805,"Priya Mishra",BR0738,"Assistant Manager",IT,2022-06-24,166057.61,Unknown
EMP000806,"Deepak Verma",BR0483,Clerk,Loans,2025-07-29,164472.42,Unknown
EMP000807,"Rohit Verma",BR0172,Clerk,Operations,2024-07-14,141270.85,Active
EMP000808,"Nikhil Agarwal",BR0480,Clerk,HR,2022-02-21,27452.36,Inactive
EMP000809,"Komal Kumar",BR0270,"Assistant Manager",Finance,2025-02-23,85124.27,Inactive
EMP000810,"Shreya Mishra",BR0273,"Relationship Manager",Loans,2022-11-12,54129.56,Active
EMP000811,"Shreya Singh",BR0197,Manager,IT,2024-10-26,103318.44,Unknown
EMP000812,"Riya Jain",BR0663,"Relationship Manager",IT,2023-09-05,60620.28,Active
EMP000813,"Pooja Agarwal",BR0027,"Senior Officer",Loans,2023-07-02,57915.16,Active
EMP000814,"Nikhil Agarwal",BR0450,"Senior Officer",Operations,2022-11-21,97902.97,Unknown
EMP000815,"Neha Singh",BR0364,Clerk,Finance,2025-08-03,33055.01,Active
EMP000816,"Meena Gupta",BR0331,"Assistant Manager",Loans,2023-01-27,38749.17,Unknown
EMP000817,"Rohit Mishra",BR0627,"Senior Officer",Finance,2024-01-28,133491.35,Unknown
EMP000818,"Rahul Saini",BR0849,"Senior Officer","Customer Service",2022-09-27,70168.81,Active
EMP000819,"Vivek Mehta",BR0569,"Senior Officer","Customer Service",2023-11-15,156023.41,Unknown
EMP000820,"Komal Sharma",BR0696,"Senior Officer",HR,2024-07-05,130048.44,Unknown
EMP000821,"Nikhil Kumar",BR0714,Clerk,Loans,2024-03-16,59857.18,Active
EMP000822,"Vivek Saini",BR0253,Clerk,Finance,2022-09-06,22468.41,Active
EMP000823,"Manish Agarwal",BR0988,Manager,IT,2022-12-20,142366.10,Unknown
EMP000824,"Meena Singh",BR0351,Officer,IT,2022-10-14,26479.82,Active
EMP000825,"Sneha Mehta",BR0823,Clerk,Loans,2023-07-15,163374.54,Active
EMP000826,"Simran Jain",BR0713,Officer,Sales,2025-12-16,145392.47,Active
EMP000827,"Priya Mehta",BR0323,"Relationship Manager",Operations,2023-08-22,140010.90,Active
EMP000828,"Amit Bansal",BR0168,"Assistant Manager",Loans,2023-05-11,50588.09,Inactive
EMP000829,"Rohit Singh",BR0462,Officer,IT,2022-07-01,57926.37,Inactive
EMP000830,"Simran Mishra",BR0601,"Assistant Manager",Operations,2023-05-27,157204.95,Active
EMP000831,"Amit Saini",BR0157,"Assistant Manager",HR,2025-08-04,38669.73,Active
EMP000832,"Ankit Tiwari",BR0604,Officer,Sales,2025-06-11,109913.32,Unknown
EMP000833,"Pawan Yadav",BR0141,"Assistant Manager",Loans,2023-01-09,99584.92,Inactive
EMP000834,"Karan Singh",BR0032,"Relationship Manager",HR,2024-05-17,161933.53,Active
EMP000835,"Simran Saini",BR0103,"Senior Officer",Operations,2023-01-01,104745.27,Unknown
EMP000836,"Amit Verma",BR0431,"Senior Officer",Loans,2022-10-28,60200.06,Inactive
EMP000837,"Pooja Saini",BR0397,"Assistant Manager",HR,2024-09-06,94491.72,Active
EMP000838,"Pooja Tiwari",BR0004,Manager,IT,2023-11-14,63168.36,Active
EMP000839,"Simran Gupta",BR0760,"Assistant Manager","Customer Service",2024-06-26,108947.37,Active
EMP000840,"Kavita Bansal",BR0234,Clerk,HR,2025-08-19,41473.31,Inactive
EMP000841,"Deepak Sharma",BR0444,"Relationship Manager",Finance,2025-12-25,36209.79,Unknown
EMP000842,"Pooja Joshi",BR0999,Officer,HR,2025-12-30,84063.53,Inactive
EMP000843,"Pawan Kumar",BR0125,Officer,HR,2022-10-10,39277.74,Unknown
EMP000844,"Simran Kumar",BR0581,Manager,"Customer Service",2022-06-14,79271.23,Active
EMP000845,"Pawan Patel",BR0899,"Senior Officer",Finance,2023-04-06,50806.97,Active
EMP000846,"Manish Bansal",BR0803,"Assistant Manager",HR,2023-12-31,121688.33,Unknown
EMP000847,"Vikas Joshi",BR0269,"Relationship Manager",Loans,2023-07-30,63909.21,Inactive
EMP000848,"Vikas Patel",BR0675,"Senior Officer",Sales,2023-11-11,116608.03,Active
EMP000849,"Vikas Tiwari",BR0246,Manager,Sales,2022-12-12,67394.65,Active
EMP000850,"Kavita Kumar",BR0793,"Relationship Manager",Operations,2022-01-07,36894.64,Inactive
EMP000851,"Manish Yadav",BR0457,Manager,Sales,2024-08-26,143059.01,Active
EMP000852,"Komal Malhotra",BR0615,"Relationship Manager","Customer Service",2022-01-18,87533.42,Unknown
EMP000853,"Meena Patel",BR0156,"Senior Officer",Operations,2024-12-02,38362.95,Active
EMP000854,"Ankit Choudhary",BR0432,"Relationship Manager",Finance,2023-10-26,129422.33,Inactive
EMP000855,"Arjun Rathore",BR0595,"Assistant Manager",Operations,2025-02-05,170455.28,Active
EMP000856,"Suresh Saini",BR0857,"Senior Officer",IT,2023-09-27,68450.78,Inactive
EMP000857,"Vivek Patel",BR0648,"Senior Officer",IT,2022-08-24,174392.70,Active
EMP000858,"Karan Tiwari",BR0886,"Relationship Manager","Customer Service",2024-05-05,79621.99,Active
EMP000859,"Priya Verma",BR0541,Manager,IT,2024-02-05,147600.07,Inactive
EMP000860,"Suresh Joshi",BR0821,"Relationship Manager","Customer Service",2025-05-20,145214.75,Unknown
EMP000861,"Vivek Tiwari",BR0125,"Assistant Manager",Sales,2022-06-22,118609.61,Unknown
EMP000862,"Rahul Choudhary",BR0312,"Senior Officer",Operations,2022-10-21,87940.77,Inactive
EMP000863,"Komal Joshi",BR0174,Manager,HR,2023-08-25,175697.30,Active
EMP000864,"Shreya Bansal",BR0729,Clerk,IT,2023-08-06,153312.56,Active
EMP000865,"Pawan Joshi",BR0982,"Assistant Manager",Sales,2025-09-02,100877.83,Active
EMP000866,"Komal Verma",BR1000,"Assistant Manager","Customer Service",0000-00-00,138995.05,Unknown
EMP000867,"Neha Patel",BR0556,"Assistant Manager",HR,2022-09-16,28965.48,Inactive
EMP000868,"Priya Yadav",BR0786,"Relationship Manager",Sales,2023-07-26,85484.53,Unknown
EMP000869,"Simran Bansal",BR0933,"Assistant Manager","Customer Service",2025-10-28,59307.42,Unknown
EMP000870,"Neha Mishra",BR0928,Manager,Loans,2024-11-19,53301.83,Unknown
EMP000871,"Ankit Verma",BR0836,"Assistant Manager",Sales,2022-07-11,87458.79,Unknown
EMP000872,"Neha Singh",BR0651,"Relationship Manager",Operations,2022-03-29,7737.86,Active
EMP000873,"Ankit Verma",BR0828,Manager,Operations,2025-12-18,76217.56,Unknown
EMP000874,"Arjun Verma",BR0884,"Assistant Manager",HR,2023-02-26,173728.53,Inactive
EMP000875,"Manish Jain",BR0395,Officer,HR,2023-08-12,27970.64,Inactive
EMP000876,"Pooja Saini",BR0963,Clerk,HR,2025-08-23,176345.66,Unknown
EMP000877,"Sneha Singh",BR0984,Clerk,Operations,2025-02-26,51265.29,Active
EMP000878,"Amit Malhotra",BR0194,Clerk,Finance,2022-08-12,129740.88,Active
EMP000879,"Suresh Kumar",BR0926,Officer,Sales,2022-04-29,78066.30,Unknown
EMP000880,"Arjun Jain",BR0922,Officer,IT,2022-10-03,139914.22,Unknown
EMP000881,"Karan Sharma",BR0454,Officer,IT,2024-03-01,44339.73,Active
EMP000882,"Kavita Joshi",BR0927,Manager,Finance,2022-09-04,175418.22,Unknown
EMP000883,"Manish Gupta",BR0843,Manager,Finance,2024-11-10,90997.61,Active
EMP000884,"Deepak Malhotra",BR0525,Officer,"Customer Service",2022-01-29,160880.89,Active
EMP000885,"Shreya Yadav",BR0502,Clerk,Sales,2022-04-02,78261.15,Inactive
EMP000886,"Deepak Jain",BR0314,Manager,Sales,2025-07-11,23401.97,Unknown
EMP000887,"Deepak Gupta",BR0208,"Assistant Manager",Finance,2023-10-20,133168.75,Unknown
EMP000888,"Vikas Sharma",BR0509,"Assistant Manager","Customer Service",2024-04-03,90046.88,Active
EMP000889,"Meena Kumar",BR0516,"Relationship Manager",Operations,2023-12-26,78613.18,Unknown
EMP000890,"Ankit Singh",BR0152,"Relationship Manager",IT,2025-01-08,130674.94,Active
EMP000891,"Pooja Malhotra",BR0753,"Assistant Manager",IT,2025-12-16,149689.98,Active
EMP000892,"Ankit Verma",BR0044,"Assistant Manager",Sales,2025-02-24,179115.56,Unknown
EMP000893,"Simran Rathore",BR0147,Manager,Sales,2022-04-24,176864.12,Unknown
EMP000894,"Sneha Saini",BR0710,Officer,Sales,2025-03-31,168783.70,Active
EMP000895,"Arjun Choudhary",BR0357,Clerk,"Customer Service",2023-02-28,25804.99,Unknown
EMP000896,"Karan Sharma",BR0815,Manager,HR,2022-01-21,175753.10,Active
EMP000897,"Vikas Tiwari",BR0953,"Assistant Manager","Customer Service",2025-05-13,35036.84,Active
EMP000898,"Riya Rathore",BR0737,Clerk,"Customer Service",2025-03-27,79710.06,Unknown
EMP000899,"Simran Saini",BR0770,"Relationship Manager","Customer Service",2022-03-20,84720.67,Active
EMP000900,"Anjali Sharma",BR0020,"Relationship Manager",Operations,2022-05-08,99165.44,Unknown
EMP000901,"Sneha Singh",BR0507,"Assistant Manager",HR,2022-09-25,103420.24,Active
EMP000902,"Sneha Mishra",BR0634,"Senior Officer","Customer Service",2023-05-01,117451.66,Unknown
EMP000903,"Anjali Mehta",BR0148,Manager,Loans,2023-02-14,58730.41,Active
EMP000904,"Nikhil Tiwari",BR0279,"Relationship Manager","Customer Service",2023-10-05,170486.86,Active
EMP000905,"Suresh Mehta",BR0415,"Assistant Manager",HR,2025-08-19,107870.26,Inactive
EMP000906,"Sneha Rathore",BR0079,"Senior Officer",Operations,2025-07-30,52095.81,Unknown
EMP000907,"Arjun Agarwal",BR0664,"Senior Officer",Finance,2023-09-28,168619.62,Active
EMP000908,"Nikhil Rathore",BR0898,Manager,HR,2022-04-06,105339.01,Inactive
EMP000909,"Neha Tiwari",BR0717,Clerk,Sales,2025-08-24,53289.70,Unknown
EMP000910,"Vivek Bansal",BR0065,Clerk,Sales,2025-04-06,113985.72,Unknown
EMP000911,"Pawan Saini",BR0347,Officer,Operations,2025-06-23,149333.36,Inactive
EMP000912,"Pawan Sharma",BR0768,Manager,HR,2024-12-07,153175.68,Active
EMP000913,"Nikhil Verma",BR0231,Officer,IT,2024-05-13,66227.79,Active
EMP000914,"Deepak Joshi",BR0866,Clerk,"Customer Service",2025-12-26,66909.65,Active
EMP000915,"Meena Malhotra",BR0708,Manager,IT,2025-02-17,142765.55,Inactive
EMP000916,"Anjali Joshi",BR0084,"Assistant Manager",Operations,2024-02-15,150255.78,Active
EMP000917,"Nikhil Choudhary",BR0605,"Relationship Manager",Loans,2025-08-21,102189.83,Active
EMP000918,"Riya Verma",BR0774,"Senior Officer",Sales,2022-04-04,31466.50,Unknown
EMP000919,"Nikhil Choudhary",BR0201,"Senior Officer",HR,2024-08-09,158663.38,Active
EMP000920,"Ankit Choudhary",BR0510,Manager,Sales,2025-04-28,83957.23,Unknown
EMP000921,"Meena Bansal",BR0083,Officer,Loans,2023-06-16,105665.77,Inactive
EMP000922,"Riya Verma",BR0323,Clerk,HR,2025-01-17,115310.76,Unknown
EMP000923,"Deepak Malhotra",BR0487,"Relationship Manager",Finance,2023-04-24,57848.55,Unknown
EMP000924,"Riya Mehta",BR0438,Officer,"Customer Service",2022-12-13,84609.91,Active
EMP000925,"Anjali Singh",BR0165,Officer,Operations,2024-01-21,2849.26,Unknown
EMP000926,"Manish Jain",BR0237,"Assistant Manager",IT,2025-04-17,40359.23,Unknown
EMP000927,"Neha Yadav",BR0036,"Assistant Manager",Sales,2025-03-18,133711.35,Inactive
EMP000928,"Komal Choudhary",BR0627,Clerk,Loans,2023-07-27,163335.40,Active
EMP000929,"Neha Tiwari",BR0247,"Assistant Manager",Operations,2022-01-20,66028.94,Inactive
EMP000930,"Simran Choudhary",BR0160,Manager,HR,2024-03-03,140317.63,Active
EMP000931,"Amit Kumar",BR0962,"Assistant Manager",Loans,2023-03-28,117711.75,Active
EMP000932,"Nikhil Choudhary",BR0124,Officer,Loans,2022-04-25,54086.85,Active
EMP000933,"Vikas Agarwal",BR0500,Officer,Finance,2022-06-21,27971.47,Active
EMP000934,"Pawan Rathore",BR0468,Clerk,Operations,2023-11-21,161821.74,Active
EMP000935,"Suresh Kumar",BR0041,Clerk,"Customer Service",2024-05-27,85037.75,Active
EMP000936,"Meena Sharma",BR0868,Clerk,Finance,2025-06-28,176406.35,Inactive
EMP000937,"Ankit Agarwal",BR0891,"Senior Officer",IT,2025-12-10,178967.26,Active
EMP000938,"Anjali Gupta",BR0080,Clerk,Finance,2023-01-13,168739.51,Unknown
EMP000939,"Amit Saini",BR0903,Clerk,IT,0000-00-00,87322.96,Unknown
EMP000940,"Suresh Yadav",BR0658,"Relationship Manager",Finance,2024-09-16,158741.37,Inactive
EMP000941,"Karan Bansal",BR0554,Manager,"Customer Service",2024-05-19,74672.35,Inactive
EMP000942,"Manish Joshi",BR0388,"Assistant Manager",HR,2025-11-21,37538.86,Inactive
EMP000943,"Riya Agarwal",BR0287,"Relationship Manager",IT,2024-10-01,124725.78,Active
EMP000944,"Deepak Saini",BR0179,Officer,Loans,2023-09-13,152345.40,Unknown
EMP000945,"Shreya Singh",BR0733,Clerk,Sales,2023-05-12,22546.26,Unknown
EMP000946,"Arjun Mehta",BR0089,"Assistant Manager","Customer Service",2022-11-23,118666.60,Unknown
EMP000947,"Sneha Gupta",BR0543,"Senior Officer",Finance,2025-03-30,70830.44,Active
EMP000948,"Deepak Mishra",BR0189,"Assistant Manager",HR,2022-02-16,174608.74,Inactive
EMP000949,"Meena Bansal",BR0285,"Senior Officer",HR,2025-12-19,102596.98,Inactive
EMP000950,"Meena Kumar",BR0899,"Assistant Manager",HR,2022-09-01,70611.87,Unknown
EMP000951,"Deepak Kumar",BR0526,"Relationship Manager","Customer Service",2025-07-26,140854.58,Active
EMP000952,"Neha Jain",BR0520,"Assistant Manager",Loans,2022-09-17,57037.87,Inactive
EMP000953,"Pawan Patel",BR0923,"Senior Officer",Loans,2023-09-08,38715.92,Active
EMP000954,"Riya Sharma",BR0626,"Assistant Manager",Finance,2022-03-08,143513.06,Unknown
EMP000955,"Deepak Malhotra",BR0045,"Senior Officer",IT,2024-11-13,108071.40,Active
EMP000956,"Deepak Singh",BR0987,"Assistant Manager",HR,2025-04-19,104157.86,Active
EMP000957,"Vivek Agarwal",BR0523,"Assistant Manager",Sales,2022-08-06,173400.45,Active
EMP000958,"Vivek Patel",BR0913,"Relationship Manager",Loans,2025-07-10,113262.69,Unknown
EMP000959,"Nikhil Bansal",BR0613,"Senior Officer",Sales,2025-06-14,80946.84,Unknown
EMP000960,"Kavita Jain",BR0801,Officer,Finance,2022-05-03,143261.06,Unknown
EMP000961,"Ankit Joshi",BR0915,"Senior Officer",Sales,2022-07-29,78349.47,Active
EMP000962,"Pooja Mishra",BR0659,"Relationship Manager",Finance,2025-05-09,143671.49,Unknown
EMP000963,"Deepak Rathore",BR0037,Clerk,Finance,2024-04-08,33997.02,Unknown
EMP000964,"Vikas Choudhary",BR0393,"Relationship Manager",Operations,2024-07-23,128063.44,Unknown
EMP000965,"Neha Kumar",BR0564,Manager,Operations,2022-01-09,94503.83,Active
EMP000966,"Meena Tiwari",BR0030,"Assistant Manager",Loans,2022-05-10,163871.80,Unknown
EMP000967,"Rohit Mehta",BR0386,"Senior Officer",Operations,2025-07-24,55362.37,Unknown
EMP000968,"Vikas Singh",BR0372,"Assistant Manager",HR,2023-10-30,82214.01,Unknown
EMP000969,"Pawan Verma",BR0494,Manager,Finance,2024-01-18,56110.91,Inactive
EMP000970,"Vikas Sharma",BR0614,"Senior Officer",IT,2025-06-26,39114.46,Active
EMP000971,"Nikhil Saini",BR0280,"Assistant Manager",Loans,2023-02-01,172883.60,Active
EMP000972,"Vivek Mishra",BR0240,"Senior Officer",IT,2022-04-29,132855.48,Unknown
EMP000973,"Komal Sharma",BR0586,Officer,Operations,2025-04-26,101321.94,Active
EMP000974,"Vivek Joshi",BR0219,Officer,Loans,2023-03-11,92616.11,Active
EMP000975,"Kavita Saini",BR0475,"Relationship Manager",HR,2023-10-20,172606.08,Unknown
EMP000976,"Meena Malhotra",BR0637,Manager,Operations,2022-07-19,46768.54,Active
EMP000977,"Riya Singh",BR0208,"Senior Officer",Loans,2022-03-18,107108.51,Unknown
EMP000978,"Vivek Joshi",BR0112,"Relationship Manager",Finance,2023-07-09,131313.14,Unknown
EMP000979,"Anjali Rathore",BR0437,Officer,HR,2024-10-26,108501.82,Active
EMP000980,"Meena Agarwal",BR0770,Officer,"Customer Service",2022-04-01,79698.54,Unknown
EMP000981,"Komal Verma",BR0092,Clerk,"Customer Service",2023-01-09,142684.97,Unknown
EMP000982,"Priya Patel",BR0918,"Assistant Manager",Loans,2025-11-05,54242.94,Unknown
EMP000983,"Riya Malhotra",BR0660,Manager,Operations,2024-01-31,52503.31,Inactive
EMP000984,"Arjun Joshi",BR0302,"Senior Officer",Finance,2023-08-18,147478.18,Active
EMP000985,"Manish Jain",BR0934,"Senior Officer",Sales,2022-04-24,170728.56,Inactive
EMP000986,"Deepak Saini",BR0955,Manager,Sales,2022-03-21,89689.01,Unknown
EMP000987,"Sneha Kumar",BR0956,"Senior Officer",Operations,2023-11-06,107137.25,Active
EMP000988,"Riya Saini",BR0526,Officer,Finance,2025-02-06,34487.57,Unknown
EMP000989,"Deepak Verma",BR0707,"Assistant Manager",Loans,2023-04-30,118604.60,Inactive
EMP000990,"Rahul Sharma",BR0011,"Senior Officer",Loans,2024-10-11,63446.81,Active
EMP000991,"Pooja Kumar",BR0436,"Senior Officer",IT,2023-09-20,6220.19,Active
EMP000992,"Pooja Joshi",BR0863,Clerk,HR,2023-10-30,68854.89,Unknown
EMP000993,"Neha Saini",BR0165,Officer,Sales,2024-11-29,32359.45,Active
EMP000994,"Amit Saini",BR0334,Officer,IT,2023-05-20,178953.96,Unknown
EMP000995,"Karan Choudhary",BR0809,"Assistant Manager","Customer Service",2022-08-17,179796.68,Unknown
EMP000996,"Karan Joshi",BR0143,Manager,"Customer Service",2024-11-23,60939.50,Unknown
EMP000997,"Anjali Yadav",BR0821,Officer,Operations,2024-08-10,151635.98,Active
EMP000998,"Pawan Singh",BR0502,Officer,Loans,2022-06-15,138276.91,Unknown
EMP000999,"Kavita Mishra",BR0473,Clerk,"Customer Service",2022-12-22,61153.57,Inactive
EMP001000,"Nikhil Rathore",BR0443,"Assistant Manager",Sales,2024-10-02,150277.89,Active
