Loan_ID,Customer_ID,Account_ID,Loan_Type,Loan_Amount,Interest_Rate,Tenure_Months,Loan_Status,Loan_Date
LOAN0000001,CUST041941,ACC0024052,"Car Loan",4082344.22,11.98,0,Unknown,2022-07-19
LOAN0000002,CUST076688,ACC0074530,"Personal Loan",3294215.83,13.60,120,Closed,2023-08-18
LOAN0000003,CUST024029,ACC0119890,"Car Loan",3921168.46,11.13,120,Active,2025-10-14
LOAN0000004,CUST065801,ACC0004457,"Education Loan",70276.93,17.41,120,Active,2024-10-04
LOAN0000005,CUST066227,ACC0076857,"Home Loan",531252.26,14.71,60,Active,2023-09-08
LOAN0000006,CUST071909,ACC0129580,"Education Loan",502595.90,10.23,12,Pending,2025-04-25
LOAN0000007,CUST045139,ACC0088018,"Car Loan",3882097.69,9.87,84,Closed,2025-07-08
LOAN0000008,CUST009040,ACC0034804,"Business Loan",438089.62,14.61,24,Active,2025-11-08
LOAN0000009,CUST074536,ACC0036538,"Business Loan",4626946.00,14.13,24,Closed,2022-06-05
LOAN0000010,CUST012284,ACC0011692,"Business Loan",906139.47,13.77,48,Active,2025-10-16
LOAN0000011,CUST054369,ACC0003918,"Personal Loan",4064772.83,15.74,84,Closed,2022-08-09
LOAN0000012,CUST005097,ACC0092638,"Home Loan",3373093.23,12.74,12,Defaulted,2023-01-06
LOAN0000013,CUST037586,ACC0067988,"Education Loan",1268229.91,13.81,120,Closed,2022-09-08
LOAN0000014,CUST033936,ACC0079401,"Car Loan",3010704.44,6.34,36,Active,2023-01-10
LOAN0000015,CUST064179,ACC0035813,"Car Loan",1439926.17,15.92,0,Pending,2024-02-20
LOAN0000016,CUST003456,ACC0019052,"Business Loan",2728656.21,17.03,12,Active,2025-04-07
LOAN0000017,CUST055602,ACC0076730,"Business Loan",1913663.21,10.41,120,Defaulted,2022-08-19
LOAN0000018,CUST059109,ACC0031521,"Car Loan",3386740.25,9.97,24,Closed,2025-08-14
LOAN0000019,CUST006268,ACC0072197,"Education Loan",1615802.66,15.13,24,Pending,2022-01-18
LOAN0000020,CUST036030,ACC0106760,"Business Loan",1667324.37,16.69,60,Unknown,2025-12-28
LOAN0000021,CUST001571,ACC0012811,"Car Loan",3411108.85,10.91,84,Unknown,2024-12-18
LOAN0000022,CUST064663,ACC0066070,"Car Loan",4387388.08,8.05,60,Active,2024-07-04
LOAN0000023,CUST003665,ACC0109383,"Car Loan",3616751.07,6.44,12,Active,2024-07-10
LOAN0000024,CUST054138,ACC0036502,"Business Loan",2992753.87,16.82,24,Pending,2022-09-25
LOAN0000025,CUST048804,ACC0022921,"Business Loan",3833201.81,10.86,24,Pending,2023-04-14
LOAN0000026,CUST079131,ACC0114446,"Business Loan",3955009.24,15.65,0,Active,2023-09-27
LOAN0000027,CUST097835,ACC0010406,"Home Loan",106475.00,10.00,84,Unknown,2022-12-17
LOAN0000028,CUST044194,ACC0007025,"Home Loan",1800770.70,16.37,24,Active,2024-03-28
LOAN0000029,CUST081599,ACC0070091,"Education Loan",922196.96,13.63,120,Pending,2023-07-01
LOAN0000030,CUST066052,ACC0029302,"Home Loan",3102625.24,16.27,12,Active,2022-09-15
LOAN0000031,CUST022739,ACC0028042,"Car Loan",2402981.63,12.05,0,Pending,2024-12-22
LOAN0000032,CUST099516,ACC0001028,"Personal Loan",3522636.11,15.36,24,Closed,2022-09-15
LOAN0000033,CUST092446,ACC0124451,"Car Loan",2389416.26,9.73,120,Unknown,2024-02-10
LOAN0000034,CUST041038,ACC0104034,"Business Loan",4216032.29,13.11,24,Active,2025-06-26
LOAN0000035,CUST016857,ACC0033928,"Home Loan",901252.85,11.87,48,Closed,2022-01-06
LOAN0000036,CUST060097,ACC0044393,"Business Loan",702810.57,6.22,120,Active,2022-03-14
LOAN0000037,CUST067985,ACC0071048,"Car Loan",1765906.83,7.45,0,Active,2024-11-23
LOAN0000038,CUST012704,ACC0048939,"Education Loan",1786165.35,14.13,48,Unknown,2022-03-22
LOAN0000039,CUST089017,ACC0069914,"Car Loan",876647.07,11.91,12,Pending,2024-02-17
LOAN0000040,CUST033965,ACC0095311,"Business Loan",1764811.75,6.79,0,Active,2024-07-23
LOAN0000041,CUST023688,ACC0011958,"Business Loan",2189882.06,7.03,120,Active,2022-05-08
LOAN0000042,CUST093659,ACC0056841,"Home Loan",3236507.10,9.21,0,Closed,2025-06-22
LOAN0000043,CUST026630,ACC0094049,"Education Loan",NULL,13.67,120,Active,2022-06-16
LOAN0000044,CUST037225,ACC0095508,"Business Loan",4764509.90,8.05,120,Unknown,2024-08-12
LOAN0000045,CUST086501,ACC0011819,"Education Loan",4977807.42,9.40,48,Active,2023-05-12
LOAN0000046,CUST064095,ACC0016448,"Home Loan",3423557.16,10.03,0,Closed,2024-06-08
LOAN0000047,CUST017092,ACC0025328,"Car Loan",3652132.33,11.15,0,Active,2023-03-12
LOAN0000048,CUST045397,ACC0083925,"Education Loan",3220653.47,11.30,24,Closed,2025-08-22
LOAN0000049,CUST062413,ACC0094383,"Business Loan",4977710.38,6.73,60,Unknown,2024-09-17
LOAN0000050,CUST000148,ACC0016361,"Business Loan",4579653.98,13.29,84,Active,2022-08-04
LOAN0000051,CUST002781,ACC0045009,"Education Loan",2294422.82,12.85,84,Closed,2023-09-04
LOAN0000052,CUST002243,ACC0108757,"Car Loan",1444966.96,13.62,120,Defaulted,2022-07-20
LOAN0000053,CUST060258,ACC0065067,"Car Loan",NULL,7.63,36,Unknown,2025-05-24
LOAN0000054,CUST079791,ACC0117007,"Personal Loan",259169.46,15.47,24,Unknown,2022-01-05
LOAN0000055,CUST001390,ACC0045311,"Business Loan",2341869.24,6.28,0,Closed,2025-02-16
LOAN0000056,CUST023948,ACC0114388,"Home Loan",1897286.13,8.59,12,Defaulted,2024-02-23
LOAN0000057,CUST068753,ACC0049963,"Personal Loan",2990368.40,12.93,24,Active,2025-04-08
LOAN0000058,CUST077531,ACC0105245,"Home Loan",2103817.71,6.58,36,Unknown,2022-03-20
LOAN0000059,CUST085821,ACC0121003,"Home Loan",2763141.85,9.75,36,Unknown,2023-03-08
LOAN0000060,CUST033444,ACC0129583,"Education Loan",3112000.53,10.26,24,Pending,2023-05-11
LOAN0000061,CUST069761,ACC0029996,"Car Loan",3608739.19,7.05,12,Closed,2023-03-28
LOAN0000062,CUST082259,ACC0051404,"Education Loan",1745433.55,10.62,84,Unknown,2024-02-05
LOAN0000063,CUST083556,ACC0099794,"Personal Loan",3748555.46,7.25,0,Active,2023-10-04
LOAN0000064,CUST012444,ACC0056134,"Education Loan",1692902.44,8.75,0,Defaulted,2023-11-05
LOAN0000065,CUST020653,ACC0025464,"Personal Loan",3057035.98,8.39,12,Active,2023-12-24
LOAN0000066,CUST031965,ACC0023275,"Car Loan",4829462.28,8.36,12,Active,2023-11-01
LOAN0000067,CUST056142,ACC0021463,"Home Loan",4175690.12,17.38,0,Defaulted,2023-06-09
LOAN0000068,CUST046373,ACC0112833,"Car Loan",3653080.57,15.59,120,Pending,2023-05-06
LOAN0000069,CUST051186,ACC0074025,"Car Loan",800292.22,16.83,84,Active,2023-01-27
LOAN0000070,CUST098171,ACC0049808,"Business Loan",NULL,13.87,24,Closed,2025-05-18
LOAN0000071,CUST022972,ACC0100974,"Business Loan",3574782.26,14.40,60,Active,2022-09-17
LOAN0000072,CUST025969,ACC0089103,"Home Loan",1500178.11,16.73,0,Active,2022-04-28
LOAN0000073,CUST094476,ACC0112394,"Personal Loan",1618677.93,17.50,0,Active,2024-10-25
LOAN0000074,CUST008117,ACC0122282,"Car Loan",2818100.81,8.15,48,Active,2025-08-13
LOAN0000075,CUST079935,ACC0093682,"Education Loan",377423.15,13.99,60,Defaulted,2023-03-02
LOAN0000076,CUST081960,ACC0026480,"Business Loan",4476643.82,9.24,0,Active,2024-11-13
LOAN0000077,CUST064791,ACC0039385,"Home Loan",789939.33,17.28,84,Active,2023-08-03
LOAN0000078,CUST037008,ACC0128777,"Personal Loan",66899.40,17.44,84,Pending,2025-02-04
LOAN0000079,CUST005243,ACC0021284,"Personal Loan",2562632.56,6.63,36,Active,2025-07-07
LOAN0000080,CUST064306,ACC0006705,"Education Loan",4001575.54,14.95,48,Pending,2022-04-09
LOAN0000081,CUST096720,ACC0116956,"Home Loan",3832404.79,6.34,60,Active,2024-08-04
LOAN0000082,CUST034707,ACC0082221,"Home Loan",855740.80,15.21,12,Unknown,2025-03-14
LOAN0000083,CUST077296,ACC0075185,"Home Loan",1471555.68,6.93,0,Closed,2022-02-09
LOAN0000084,CUST017045,ACC0113039,"Home Loan",3165396.78,15.14,84,Pending,2023-04-01
LOAN0000085,CUST022739,ACC0030256,"Home Loan",1676287.24,6.11,36,Active,2023-08-10
LOAN0000086,CUST063050,ACC0076945,"Business Loan",4832179.95,6.99,0,Closed,2022-12-11
LOAN0000087,CUST067129,ACC0080152,"Business Loan",2382670.87,15.10,0,Active,2025-01-08
LOAN0000088,CUST038068,ACC0055835,"Home Loan",2115960.68,14.65,120,Active,2024-10-08
LOAN0000089,CUST001599,ACC0092073,"Personal Loan",965408.69,16.00,0,Active,2024-01-29
LOAN0000090,CUST032399,ACC0030599,"Personal Loan",2967473.14,17.95,24,Closed,2024-06-21
LOAN0000091,CUST016928,ACC0107676,"Education Loan",1150280.75,15.94,120,Active,2024-10-17
LOAN0000092,CUST085736,ACC0105663,"Education Loan",3530947.37,15.01,36,Unknown,2024-11-22
LOAN0000093,CUST068415,ACC0098575,"Business Loan",2088481.25,13.18,48,Active,2024-07-29
LOAN0000094,CUST054713,ACC0070605,"Business Loan",2493435.26,10.29,36,Unknown,2022-01-27
LOAN0000095,CUST008149,ACC0123080,"Education Loan",147756.86,11.16,120,Unknown,2023-10-23
LOAN0000096,CUST068167,ACC0063769,"Car Loan",4424475.12,17.28,36,Unknown,2025-01-18
LOAN0000097,CUST077907,ACC0105746,"Personal Loan",1899089.49,6.27,0,Pending,2023-02-19
LOAN0000098,CUST071364,ACC0109512,"Education Loan",3970015.08,7.31,84,Pending,2025-10-14
LOAN0000099,CUST098345,ACC0094838,"Car Loan",306137.00,6.16,84,Active,2025-11-29
LOAN0000100,CUST054348,ACC0013149,"Car Loan",3018631.55,13.11,0,Defaulted,2023-05-26
LOAN0000101,CUST040040,ACC0119135,"Business Loan",4349459.96,7.96,120,Active,2022-06-27
LOAN0000102,CUST061889,ACC0004914,"Education Loan",27625.79,7.69,60,Active,2024-12-03
LOAN0000103,CUST085027,ACC0110617,"Personal Loan",2061929.28,15.95,24,Closed,2025-04-02
LOAN0000104,CUST088383,ACC0046959,"Business Loan",1540724.49,7.98,84,Active,2023-08-23
LOAN0000105,CUST089089,ACC0039055,"Business Loan",2292079.42,13.39,60,Unknown,2022-08-12
LOAN0000106,CUST057177,ACC0029602,"Car Loan",NULL,6.77,60,Active,2023-02-24
LOAN0000107,CUST082760,ACC0116008,"Car Loan",4255517.68,16.57,84,Unknown,2023-04-18
LOAN0000108,CUST092271,ACC0077043,"Education Loan",3499208.30,7.42,0,Closed,2025-03-18
LOAN0000109,CUST084735,ACC0021210,"Business Loan",3192844.28,11.61,60,Pending,2023-03-05
LOAN0000110,CUST099905,ACC0118574,"Personal Loan",945008.30,10.84,36,Active,2023-06-23
LOAN0000111,CUST056123,ACC0105099,"Personal Loan",4287483.89,16.19,36,Defaulted,2024-03-27
LOAN0000112,CUST067761,ACC0032499,"Home Loan",4430740.92,10.62,24,Defaulted,2022-09-27
LOAN0000113,CUST041639,ACC0086778,"Education Loan",95559.78,11.37,60,Active,2024-01-19
LOAN0000114,CUST033041,ACC0120795,"Personal Loan",4467230.19,12.89,60,Active,2025-03-09
LOAN0000115,CUST003689,ACC0110134,"Home Loan",355125.07,17.07,84,Closed,2024-11-19
LOAN0000116,CUST038644,ACC0106182,"Home Loan",4934701.80,13.34,48,Pending,2022-12-10
LOAN0000117,CUST008225,ACC0098105,"Home Loan",1137900.54,12.11,60,Unknown,2022-05-05
LOAN0000118,CUST075215,ACC0084225,"Personal Loan",3401253.89,12.03,24,Active,2024-05-22
LOAN0000119,CUST011105,ACC0091742,"Car Loan",70607.82,8.85,0,Pending,2022-09-02
LOAN0000120,CUST047077,ACC0123773,"Home Loan",1097232.44,9.07,36,Pending,2024-04-29
LOAN0000121,CUST028761,ACC0112750,"Personal Loan",3502640.79,10.06,120,Defaulted,2024-05-27
LOAN0000122,CUST072482,ACC0061855,"Business Loan",1523547.54,16.83,48,Unknown,2022-04-29
LOAN0000123,CUST098523,ACC0066135,"Business Loan",772866.98,17.65,60,Active,2022-11-08
LOAN0000124,CUST026276,ACC0112208,"Car Loan",4599662.58,9.83,60,Unknown,2024-05-20
LOAN0000125,CUST083892,ACC0043628,"Personal Loan",3207490.22,7.82,84,Unknown,2024-11-02
LOAN0000126,CUST096547,ACC0099570,"Car Loan",761946.44,17.86,60,Closed,2022-03-24
LOAN0000127,CUST034142,ACC0114121,"Home Loan",2315941.31,8.00,12,Defaulted,2023-03-04
LOAN0000128,CUST013332,ACC0085389,"Home Loan",4390956.12,15.87,48,Closed,2022-06-27
LOAN0000129,CUST092124,ACC0097854,"Home Loan",1374976.82,11.65,0,Defaulted,2022-06-21
LOAN0000130,CUST000473,ACC0023065,"Education Loan",4179701.40,9.53,84,Active,2025-02-04
LOAN0000131,CUST026218,ACC0056307,"Education Loan",1152535.12,13.35,0,Active,2024-01-02
LOAN0000132,CUST091167,ACC0067539,"Education Loan",1985093.17,11.70,0,Pending,2024-03-08
LOAN0000133,CUST076750,ACC0002902,"Car Loan",1343545.26,15.69,48,Active,2025-04-09
LOAN0000134,CUST045285,ACC0059517,"Business Loan",3595257.19,10.04,120,Unknown,2023-05-16
LOAN0000135,CUST051525,ACC0038179,"Education Loan",3204531.38,17.46,24,Active,2024-05-24
LOAN0000136,CUST003356,ACC0044175,"Education Loan",3464692.56,0.00,36,Unknown,2024-01-22
LOAN0000137,CUST063731,ACC0092858,"Car Loan",937016.36,15.93,24,Defaulted,2024-02-01
LOAN0000138,CUST087568,ACC0009964,"Education Loan",367441.90,17.59,84,Pending,2024-11-26
LOAN0000139,CUST032014,ACC0027851,"Business Loan",4005450.64,17.58,0,Unknown,2022-05-25
LOAN0000140,CUST024973,ACC0103401,"Personal Loan",1547561.19,15.20,36,Defaulted,2023-03-19
LOAN0000141,CUST037004,ACC0088570,"Personal Loan",3515825.76,6.65,48,Unknown,2025-02-04
LOAN0000142,CUST023259,ACC0109577,"Home Loan",4382528.97,14.52,0,Active,2023-02-17
LOAN0000143,CUST076454,ACC0035759,"Home Loan",1415631.75,15.12,60,Active,2025-07-30
LOAN0000144,CUST087424,ACC0067912,"Home Loan",2866719.11,10.67,0,Defaulted,2024-01-03
LOAN0000145,CUST032609,ACC0093099,"Home Loan",2422535.88,6.99,120,Closed,2022-09-07
LOAN0000146,CUST015053,ACC0006519,"Education Loan",2524642.37,17.60,60,Unknown,2023-03-21
LOAN0000147,CUST016232,ACC0018308,"Education Loan",2272011.39,8.29,12,Active,2022-09-01
LOAN0000148,CUST005048,ACC0084255,"Business Loan",2371222.15,10.61,36,Defaulted,2025-05-11
LOAN0000149,CUST014802,ACC0065636,"Home Loan",2024560.03,11.58,60,Active,2024-11-12
LOAN0000150,CUST062995,ACC0004896,"Car Loan",3562507.88,17.70,60,Unknown,2022-06-30
LOAN0000151,CUST031715,ACC0094641,"Home Loan",815917.61,12.68,36,Active,2025-05-16
LOAN0000152,CUST010678,ACC0094052,"Car Loan",4979100.66,15.24,0,Active,2024-04-08
LOAN0000153,CUST066052,ACC0092219,"Business Loan",4405097.10,10.50,48,Pending,2022-04-25
LOAN0000154,CUST026862,ACC0038127,"Business Loan",NULL,13.31,24,Pending,2023-05-21
LOAN0000155,CUST017810,ACC0094600,"Home Loan",4923238.64,16.09,120,Active,2024-08-09
LOAN0000156,CUST033603,ACC0074376,"Education Loan",2073546.72,16.75,36,Defaulted,2023-09-14
LOAN0000157,CUST009660,ACC0089063,"Home Loan",1165125.25,15.29,24,Active,2023-09-10
LOAN0000158,CUST097872,ACC0042451,"Business Loan",2242706.62,10.79,120,Defaulted,2025-04-07
LOAN0000159,CUST051037,ACC0064884,"Car Loan",2863216.61,11.90,120,Unknown,2023-04-01
LOAN0000160,CUST089016,ACC0106793,"Personal Loan",4741673.67,8.41,120,Defaulted,2025-04-11
LOAN0000161,CUST032418,ACC0005586,"Business Loan",549259.56,7.20,120,Closed,2024-08-28
LOAN0000162,CUST023165,ACC0049554,"Home Loan",408677.09,7.79,36,Pending,2025-04-28
LOAN0000163,CUST032811,ACC0057106,"Business Loan",2240102.24,11.79,84,Unknown,2022-01-10
LOAN0000164,CUST048240,ACC0052765,"Education Loan",4419647.26,10.98,84,Unknown,2025-02-03
LOAN0000165,CUST022648,ACC0079606,"Personal Loan",12003.03,17.87,84,Defaulted,2022-09-18
LOAN0000166,CUST097338,ACC0068884,"Home Loan",2718850.87,9.32,120,Active,2025-07-14
LOAN0000167,CUST086727,ACC0084198,"Car Loan",4306006.29,14.31,36,Active,2024-01-19
LOAN0000168,CUST047268,ACC0004287,"Car Loan",1103963.14,6.11,60,Active,2023-06-12
LOAN0000169,CUST041283,ACC0079958,"Personal Loan",2037206.84,9.52,0,Active,2023-11-21
LOAN0000170,CUST024979,ACC0067325,"Education Loan",3107995.47,12.84,12,Unknown,2023-04-11
LOAN0000171,CUST031790,ACC0127005,"Car Loan",2007208.25,15.94,0,Unknown,2025-06-20
LOAN0000172,CUST030714,ACC0034816,"Business Loan",2930080.69,9.94,120,Active,2024-12-04
LOAN0000173,CUST016303,ACC0053464,"Business Loan",4226979.63,7.43,12,Pending,2024-03-08
LOAN0000174,CUST021277,ACC0028245,"Home Loan",2078566.42,8.64,36,Closed,2025-01-10
LOAN0000175,CUST015684,ACC0124037,"Home Loan",3605582.84,7.54,12,Defaulted,2024-08-19
LOAN0000176,CUST088256,ACC0122668,"Car Loan",4300699.51,12.89,120,Closed,2023-04-14
LOAN0000177,CUST099176,ACC0082431,"Business Loan",2725664.30,13.32,60,Unknown,2024-11-12
LOAN0000178,CUST054441,ACC0027746,"Personal Loan",1839460.07,15.64,120,Defaulted,2023-09-26
LOAN0000179,CUST053518,ACC0119576,"Car Loan",2836788.41,7.08,60,Unknown,2022-10-04
LOAN0000180,CUST048289,ACC0027608,"Education Loan",3287424.33,16.06,12,Unknown,2022-04-29
LOAN0000181,CUST037127,ACC0006189,"Business Loan",4387474.75,16.49,12,Active,2023-01-14
LOAN0000182,CUST082712,ACC0119204,"Personal Loan",3505939.42,13.26,24,Defaulted,2023-04-05
LOAN0000183,CUST087035,ACC0025436,"Car Loan",1079313.06,16.15,24,Pending,2023-08-02
LOAN0000184,CUST044802,ACC0017392,"Education Loan",3794461.78,10.35,48,Closed,2022-07-04
LOAN0000185,CUST049198,ACC0010786,"Personal Loan",591348.74,11.29,0,Active,2022-06-25
LOAN0000186,CUST044303,ACC0108469,"Education Loan",1689008.94,10.52,24,Active,2025-11-02
LOAN0000187,CUST040644,ACC0127923,"Education Loan",2328735.12,16.32,120,Defaulted,2022-12-20
LOAN0000188,CUST075816,ACC0101145,"Home Loan",1436901.54,17.16,0,Unknown,2024-01-17
LOAN0000189,CUST072188,ACC0094091,"Personal Loan",4863690.10,8.77,60,Defaulted,2025-02-11
LOAN0000190,CUST049783,ACC0085658,"Business Loan",4646840.63,16.62,48,Pending,2023-08-25
LOAN0000191,CUST093284,ACC0006911,"Home Loan",50702.97,13.53,60,Active,2023-04-30
LOAN0000192,CUST096092,ACC0120935,"Education Loan",4629809.69,7.14,12,Active,2023-09-10
LOAN0000193,CUST083599,ACC0123984,"Car Loan",1419354.01,14.20,0,Active,2024-08-31
LOAN0000194,CUST047305,ACC0018467,"Home Loan",290025.39,15.35,0,Active,2022-05-12
LOAN0000195,CUST005364,ACC0019662,"Personal Loan",713539.83,9.23,48,Active,2024-02-22
LOAN0000196,CUST065144,ACC0114161,"Education Loan",511016.79,6.93,0,Active,2025-10-18
LOAN0000197,CUST058926,ACC0075748,"Education Loan",2048609.62,9.10,60,Pending,2024-02-23
LOAN0000198,CUST081687,ACC0044862,"Education Loan",1608594.20,14.67,36,Active,2022-07-29
LOAN0000199,CUST038935,ACC0084233,"Car Loan",1124976.05,16.58,0,Defaulted,2022-12-23
LOAN0000200,CUST088961,ACC0072213,"Personal Loan",2147406.91,14.15,60,Closed,2023-03-22
LOAN0000201,CUST012081,ACC0073967,"Car Loan",713303.97,7.05,84,Unknown,2025-08-16
LOAN0000202,CUST082883,ACC0091959,"Car Loan",1976840.23,12.89,0,Defaulted,2025-02-20
LOAN0000203,CUST046335,ACC0014435,"Education Loan",1366662.16,8.40,84,Unknown,2022-11-22
LOAN0000204,CUST068563,ACC0073200,"Education Loan",4345734.79,7.80,24,Closed,2022-06-20
LOAN0000205,CUST018133,ACC0041727,"Business Loan",675513.86,15.06,36,Defaulted,2023-05-05
LOAN0000206,CUST002546,ACC0100966,"Education Loan",1458997.07,11.07,0,Active,2022-10-04
LOAN0000207,CUST004487,ACC0091279,"Business Loan",1461310.77,7.50,84,Active,2024-04-17
LOAN0000208,CUST006520,ACC0116684,"Home Loan",1753369.06,15.82,0,Pending,2022-07-01
LOAN0000209,CUST012990,ACC0105880,"Business Loan",1065423.53,13.95,0,Defaulted,2022-02-25
LOAN0000210,CUST029794,ACC0000040,"Home Loan",4205548.74,6.78,0,Pending,2025-12-16
LOAN0000211,CUST074978,ACC0121222,"Business Loan",2257031.87,8.01,120,Closed,2023-03-13
LOAN0000212,CUST051454,ACC0090336,"Business Loan",1541510.26,12.08,24,Closed,2022-01-02
LOAN0000213,CUST097392,ACC0093418,"Personal Loan",371119.89,12.59,60,Defaulted,2023-07-27
LOAN0000214,CUST041692,ACC0014767,"Personal Loan",1256673.19,12.94,0,Closed,2025-01-04
LOAN0000215,CUST097822,ACC0070251,"Personal Loan",4602886.14,6.81,24,Defaulted,2022-08-14
LOAN0000216,CUST024452,ACC0039801,"Personal Loan",3686079.22,13.57,36,Closed,2025-03-28
LOAN0000217,CUST083628,ACC0032255,"Business Loan",1402844.75,7.88,0,Unknown,2025-11-26
LOAN0000218,CUST081181,ACC0088119,"Business Loan",96542.90,14.01,0,Pending,2024-12-30
LOAN0000219,CUST031095,ACC0036541,"Car Loan",4215304.85,14.05,36,Active,2023-06-04
LOAN0000220,CUST080426,ACC0009823,"Home Loan",432617.31,15.16,48,Closed,2025-05-04
LOAN0000221,CUST023842,ACC0031449,"Education Loan",2093339.09,10.75,48,Active,2023-06-11
LOAN0000222,CUST050119,ACC0064236,"Personal Loan",750464.84,10.10,24,Unknown,2023-04-15
LOAN0000223,CUST082917,ACC0129074,"Car Loan",2590738.02,7.51,12,Unknown,2025-12-04
LOAN0000224,CUST037620,ACC0043013,"Personal Loan",566035.57,7.47,12,Active,2025-11-24
LOAN0000225,CUST065387,ACC0030912,"Car Loan",1394920.79,11.27,0,Defaulted,2025-12-30
LOAN0000226,CUST074492,ACC0064805,"Personal Loan",3573403.68,8.64,24,Closed,2024-11-10
LOAN0000227,CUST020055,ACC0038973,"Education Loan",1803323.28,6.86,120,Defaulted,2025-01-03
LOAN0000228,CUST010227,ACC0073285,"Home Loan",726779.22,9.88,12,Unknown,2024-03-17
LOAN0000229,CUST036945,ACC0065016,"Car Loan",3563942.11,8.12,120,Active,2023-05-05
LOAN0000230,CUST083177,ACC0059089,"Home Loan",4081023.81,15.70,60,Unknown,2025-02-12
LOAN0000231,CUST038922,ACC0038730,"Home Loan",1794413.34,17.67,0,Active,2023-06-18
LOAN0000232,CUST056229,ACC0110437,"Education Loan",4416523.26,8.49,0,Defaulted,2022-02-03
LOAN0000233,CUST076916,ACC0026558,"Home Loan",1882359.19,6.39,60,Active,2024-05-12
LOAN0000234,CUST056777,ACC0063977,"Car Loan",2032136.90,16.40,24,Closed,2025-07-15
LOAN0000235,CUST004790,ACC0064920,"Personal Loan",2329655.57,17.31,36,Active,2022-07-04
LOAN0000236,CUST044210,ACC0115196,"Business Loan",3974371.74,9.05,120,Defaulted,2022-09-18
LOAN0000237,CUST029937,ACC0092947,"Education Loan",4823742.67,12.57,60,Active,2023-01-26
LOAN0000238,CUST036908,ACC0035702,"Personal Loan",2481952.22,9.34,0,Unknown,2024-01-31
LOAN0000239,CUST041400,ACC0113750,"Personal Loan",527286.59,14.13,48,Unknown,2025-06-23
LOAN0000240,CUST052283,ACC0034444,"Home Loan",2390117.28,9.27,48,Closed,2023-01-01
LOAN0000241,CUST031649,ACC0014581,"Education Loan",3159823.64,16.91,0,Unknown,2023-01-01
LOAN0000242,CUST074575,ACC0007092,"Home Loan",1471241.72,7.98,120,Pending,2025-05-02
LOAN0000243,CUST064056,ACC0016605,"Education Loan",3826598.32,17.54,84,Active,2024-03-24
LOAN0000244,CUST028376,ACC0019298,"Home Loan",1226401.97,13.47,48,Active,2023-07-23
LOAN0000245,CUST077586,ACC0079734,"Personal Loan",1571964.18,16.59,0,Pending,2023-01-06
LOAN0000246,CUST019701,ACC0100213,"Education Loan",1999423.56,8.56,48,Defaulted,2023-07-12
LOAN0000247,CUST085896,ACC0019324,"Car Loan",4911182.61,9.37,84,Active,2022-05-18
LOAN0000248,CUST001197,ACC0070900,"Business Loan",485331.38,12.20,12,Pending,2022-07-15
LOAN0000249,CUST016299,ACC0117005,"Home Loan",4108162.68,10.48,60,Active,2025-12-09
LOAN0000250,CUST081215,ACC0016226,"Personal Loan",2183789.73,16.46,48,Active,2024-07-30
LOAN0000251,CUST025362,ACC0023827,"Home Loan",2000052.61,13.85,0,Active,2022-01-26
LOAN0000252,CUST006919,ACC0059293,"Personal Loan",2325530.38,12.12,12,Active,2024-11-14
LOAN0000253,CUST082984,ACC0033257,"Home Loan",3819439.47,14.02,120,Active,2023-09-13
LOAN0000254,CUST052620,ACC0081485,"Personal Loan",1947539.54,17.79,60,Defaulted,2025-02-04
LOAN0000255,CUST022507,ACC0109584,"Car Loan",2302000.15,7.80,84,Defaulted,2023-09-29
LOAN0000256,CUST085486,ACC0065984,"Car Loan",1233763.91,7.47,60,Pending,2023-12-25
LOAN0000257,CUST093390,ACC0027319,"Home Loan",3209571.65,11.36,24,Active,2025-03-10
LOAN0000258,CUST042410,ACC0068468,"Business Loan",1271901.25,7.88,60,Active,2022-01-24
LOAN0000259,CUST058923,ACC0007196,"Personal Loan",3369760.34,10.23,12,Defaulted,2024-09-15
LOAN0000260,CUST045774,ACC0103298,"Car Loan",2820467.00,15.10,0,Closed,2025-03-17
LOAN0000261,CUST071135,ACC0046953,"Home Loan",1253991.91,17.77,24,Pending,2023-05-16
LOAN0000262,CUST063098,ACC0107667,"Personal Loan",2457530.06,16.04,0,Unknown,2022-07-15
LOAN0000263,CUST013589,ACC0031205,"Personal Loan",4454418.27,7.52,84,Unknown,2024-11-25
LOAN0000264,CUST008742,ACC0100833,"Business Loan",2245229.42,10.96,24,Defaulted,2022-03-08
LOAN0000265,CUST081670,ACC0005687,"Education Loan",3024939.10,15.65,24,Defaulted,2024-11-09
LOAN0000266,CUST016263,ACC0040220,"Education Loan",3573493.03,10.18,120,Active,2024-11-08
LOAN0000267,CUST080096,ACC0051998,"Business Loan",2536206.06,12.33,36,Unknown,2023-02-19
LOAN0000268,CUST021146,ACC0103511,"Car Loan",2162588.90,16.57,48,Closed,2024-03-05
LOAN0000269,CUST033775,ACC0028102,"Business Loan",1904802.65,14.11,48,Active,2023-05-31
LOAN0000270,CUST016855,ACC0027337,"Personal Loan",2863639.11,14.90,84,Unknown,2025-03-13
LOAN0000271,CUST029863,ACC0060533,"Personal Loan",4498203.74,6.35,84,Defaulted,2024-04-16
LOAN0000272,CUST054327,ACC0036265,"Business Loan",1532045.29,7.60,36,Unknown,2024-04-12
LOAN0000273,CUST040843,ACC0109578,"Education Loan",4263762.02,15.69,84,Active,2023-08-16
LOAN0000274,CUST086743,ACC0066231,"Business Loan",2311475.81,14.55,84,Active,2024-07-05
LOAN0000275,CUST082205,ACC0034700,"Car Loan",1382741.61,8.72,120,Unknown,2023-10-07
LOAN0000276,CUST009826,ACC0058316,"Car Loan",3944897.45,14.99,24,Pending,2023-03-14
LOAN0000277,CUST086572,ACC0036406,"Personal Loan",2410676.46,13.23,48,Active,2025-06-24
LOAN0000278,CUST079578,ACC0090066,"Personal Loan",2966687.99,12.18,120,Unknown,2023-07-08
LOAN0000279,CUST056299,ACC0083128,"Business Loan",1981865.76,16.04,24,Active,2025-04-19
LOAN0000280,CUST011221,ACC0093443,"Car Loan",2809376.67,8.26,60,Pending,2023-09-12
LOAN0000281,CUST049311,ACC0094357,"Personal Loan",2010921.17,8.95,36,Pending,2022-06-01
LOAN0000282,CUST051472,ACC0108340,"Education Loan",3359301.26,11.91,120,Pending,2023-06-17
LOAN0000283,CUST008488,ACC0034805,"Car Loan",2921594.37,14.54,48,Active,2025-05-27
LOAN0000284,CUST046385,ACC0061667,"Education Loan",3057473.48,8.63,36,Closed,2023-04-12
LOAN0000285,CUST063718,ACC0073700,"Home Loan",590905.74,10.72,120,Defaulted,2024-09-27
LOAN0000286,CUST051379,ACC0071651,"Business Loan",4071407.91,12.97,36,Pending,2022-08-17
LOAN0000287,CUST091301,ACC0098489,"Home Loan",1662974.10,12.04,12,Closed,2023-03-10
LOAN0000288,CUST079462,ACC0093441,"Education Loan",3260011.13,8.70,36,Pending,2022-04-06
LOAN0000289,CUST080841,ACC0032649,"Education Loan",4735054.24,16.48,12,Defaulted,2023-03-31
LOAN0000290,CUST050707,ACC0048629,"Education Loan",4381878.89,7.25,60,Defaulted,2022-01-13
LOAN0000291,CUST009179,ACC0129970,"Business Loan",3419392.79,10.86,0,Unknown,2025-12-15
LOAN0000292,CUST086376,ACC0056646,"Education Loan",2302497.62,14.88,24,Active,2022-09-04
LOAN0000293,CUST017416,ACC0040235,"Car Loan",4250011.96,8.59,0,Closed,2024-08-22
LOAN0000294,CUST012995,ACC0127907,"Education Loan",2081957.02,13.13,0,Unknown,2024-12-27
LOAN0000295,CUST054636,ACC0021384,"Education Loan",368969.42,8.20,12,Pending,2024-10-07
LOAN0000296,CUST080789,ACC0029912,"Personal Loan",2928562.03,14.71,60,Active,2022-01-20
LOAN0000297,CUST037118,ACC0054816,"Business Loan",782597.78,9.64,36,Closed,2023-08-22
LOAN0000298,CUST017727,ACC0107866,"Business Loan",1188718.64,6.66,60,Active,2023-09-15
LOAN0000299,CUST087653,ACC0019556,"Education Loan",661227.80,7.81,12,Unknown,2022-09-17
LOAN0000300,CUST095245,ACC0095806,"Car Loan",1951652.51,6.36,0,Closed,2025-09-23
LOAN0000301,CUST048357,ACC0035871,"Car Loan",3132814.63,9.42,48,Defaulted,2022-09-02
LOAN0000302,CUST003824,ACC0072711,"Car Loan",483229.56,15.45,120,Defaulted,2023-07-19
LOAN0000303,CUST095892,ACC0075612,"Business Loan",2058662.24,8.11,36,Closed,2025-09-07
LOAN0000304,CUST045073,ACC0066554,"Home Loan",4091775.43,9.14,84,Closed,2024-08-13
LOAN0000305,CUST051292,ACC0074262,"Personal Loan",1532957.27,10.38,84,Defaulted,2022-07-11
LOAN0000306,CUST002102,ACC0005991,"Personal Loan",4591502.38,6.43,12,Unknown,2025-11-28
LOAN0000307,CUST080391,ACC0103520,"Personal Loan",2422445.20,13.99,36,Pending,2022-01-30
LOAN0000308,CUST058349,ACC0049453,"Business Loan",NULL,12.37,48,Pending,2022-05-06
LOAN0000309,CUST009716,ACC0001642,"Car Loan",1309827.00,7.85,120,Unknown,2023-09-21
LOAN0000310,CUST029224,ACC0127394,"Home Loan",629627.18,25.00,48,Pending,2022-02-27
LOAN0000311,CUST067290,ACC0050986,"Personal Loan",3459478.99,12.59,84,Defaulted,2025-05-10
LOAN0000312,CUST065776,ACC0000552,"Personal Loan",2585998.51,6.17,12,Defaulted,2023-10-07
LOAN0000313,CUST066944,ACC0129479,"Personal Loan",2833875.93,11.33,0,Active,2025-12-18
LOAN0000314,CUST005034,ACC0065350,"Business Loan",958490.59,8.99,0,Closed,2024-10-19
LOAN0000315,CUST015124,ACC0009429,"Personal Loan",2784874.59,15.76,36,Active,2022-03-21
LOAN0000316,CUST075888,ACC0048682,"Business Loan",3822950.91,6.49,48,Closed,2024-03-05
LOAN0000317,CUST067279,ACC0129390,"Education Loan",1757061.13,8.87,60,Active,2022-01-13
LOAN0000318,CUST010401,ACC0122396,"Business Loan",3525887.68,7.48,0,Active,2023-05-26
LOAN0000319,CUST098195,ACC0009448,"Business Loan",3153523.13,0.00,0,Active,2022-12-14
LOAN0000320,CUST011943,ACC0021820,"Car Loan",3176872.99,9.55,48,Closed,2022-04-29
LOAN0000321,CUST057315,ACC0031581,"Education Loan",2680155.79,11.24,36,Active,2022-05-12
LOAN0000322,CUST016382,ACC0037831,"Home Loan",4741421.46,12.47,0,Defaulted,2025-12-17
LOAN0000323,CUST079414,ACC0023256,"Personal Loan",2317047.79,14.01,60,Defaulted,2024-08-27
LOAN0000324,CUST068035,ACC0074293,"Business Loan",NULL,10.71,84,Closed,2023-02-22
LOAN0000325,CUST022054,ACC0128750,"Business Loan",2772719.24,12.97,120,Closed,2024-10-23
LOAN0000326,CUST086319,ACC0100500,"Car Loan",647041.70,11.59,36,Active,2025-08-05
LOAN0000327,CUST072224,ACC0078380,"Home Loan",4476181.98,15.00,12,Active,2022-08-27
LOAN0000328,CUST034027,ACC0037920,"Business Loan",2334799.99,12.82,48,Pending,2023-05-27
LOAN0000329,CUST011355,ACC0009442,"Car Loan",1103250.81,14.65,36,Pending,2024-11-05
LOAN0000330,CUST089668,ACC0102855,"Education Loan",2709487.24,16.36,120,Pending,2022-01-26
LOAN0000331,CUST062082,ACC0126162,"Education Loan",4111643.58,16.47,0,Active,2024-02-10
LOAN0000332,CUST010333,ACC0106552,"Personal Loan",2062536.51,17.56,0,Closed,2023-08-07
LOAN0000333,CUST033579,ACC0022678,"Education Loan",3292927.10,8.86,0,Closed,2023-11-15
LOAN0000334,CUST089668,ACC0047587,"Education Loan",1477302.57,17.53,36,Closed,2025-11-19
LOAN0000335,CUST016991,ACC0121761,"Business Loan",175068.70,14.05,60,Unknown,2023-10-29
LOAN0000336,CUST003580,ACC0050254,"Business Loan",3671249.09,14.32,36,Active,2025-02-19
LOAN0000337,CUST027061,ACC0110247,"Personal Loan",4992477.42,12.23,0,Pending,2025-04-02
LOAN0000338,CUST021382,ACC0057573,"Home Loan",2348517.67,9.24,84,Defaulted,2025-05-15
LOAN0000339,CUST068637,ACC0012307,"Personal Loan",412533.95,13.55,84,Unknown,2022-02-24
LOAN0000340,CUST093530,ACC0032837,"Education Loan",1227433.35,9.70,36,Defaulted,2024-08-03
LOAN0000341,CUST042323,ACC0097050,"Education Loan",641452.52,15.18,12,Pending,2025-09-11
LOAN0000342,CUST087047,ACC0043210,"Business Loan",1537367.56,12.21,0,Active,2022-10-26
LOAN0000343,CUST031556,ACC0036338,"Home Loan",537259.91,7.78,24,Unknown,2024-05-28
LOAN0000344,CUST083001,ACC0009366,"Personal Loan",3713660.10,6.36,120,Pending,2023-11-15
LOAN0000345,CUST025223,ACC0020236,"Home Loan",123632.36,9.20,84,Defaulted,2022-11-12
LOAN0000346,CUST049332,ACC0065367,"Education Loan",3031143.93,14.54,0,Pending,2024-04-01
LOAN0000347,CUST056368,ACC0067736,"Home Loan",1536386.77,8.06,120,Active,2022-02-17
LOAN0000348,CUST038447,ACC0123780,"Car Loan",1704867.66,10.60,84,Unknown,2022-01-24
LOAN0000349,CUST007319,ACC0026535,"Home Loan",572146.31,8.14,84,Unknown,2025-09-23
LOAN0000350,CUST064803,ACC0036013,"Business Loan",1653419.21,7.25,12,Active,2024-10-24
LOAN0000351,CUST088874,ACC0077977,"Business Loan",2628410.75,15.94,36,Active,2023-05-31
LOAN0000352,CUST054324,ACC0128584,"Car Loan",4767134.54,10.96,48,Unknown,2025-02-01
LOAN0000353,CUST083242,ACC0051535,"Personal Loan",2536225.17,9.24,0,Defaulted,2024-01-14
LOAN0000354,CUST069602,ACC0002983,"Business Loan",4462401.16,9.34,36,Active,2024-12-08
LOAN0000355,CUST035890,ACC0005193,"Business Loan",3364191.75,13.87,36,Defaulted,2024-03-22
LOAN0000356,CUST003222,ACC0120375,"Home Loan",1722220.61,13.97,12,Pending,2024-06-09
LOAN0000357,CUST051256,ACC0020209,"Education Loan",2424257.58,12.46,84,Active,2022-08-24
LOAN0000358,CUST095128,ACC0105263,"Personal Loan",1273494.89,11.37,0,Unknown,2025-09-20
LOAN0000359,CUST037930,ACC0073334,"Car Loan",2294733.16,11.99,60,Pending,2025-11-09
LOAN0000360,CUST055527,ACC0054133,"Home Loan",3924293.07,7.34,120,Active,2023-08-19
LOAN0000361,CUST095631,ACC0089482,"Business Loan",661155.58,17.76,12,Active,2025-10-31
LOAN0000362,CUST024553,ACC0120156,"Car Loan",1487041.10,6.85,24,Closed,2023-12-07
LOAN0000363,CUST009861,ACC0023505,"Education Loan",1039411.77,15.36,0,Pending,2025-01-07
LOAN0000364,CUST049412,ACC0092993,"Business Loan",733321.03,7.38,60,Active,2023-08-07
LOAN0000365,CUST014640,ACC0068703,"Car Loan",1102974.04,13.02,0,Defaulted,2024-01-18
LOAN0000366,CUST043851,ACC0085601,"Personal Loan",1713004.23,15.06,36,Defaulted,2023-10-20
LOAN0000367,CUST000445,ACC0067862,"Home Loan",912186.74,10.46,0,Unknown,2024-08-24
LOAN0000368,CUST037275,ACC0029091,"Business Loan",4456730.05,12.98,24,Closed,2023-11-12
LOAN0000369,CUST001607,ACC0062628,"Business Loan",241072.99,14.50,0,Closed,2024-01-22
LOAN0000370,CUST059128,ACC0079464,"Personal Loan",3582127.37,9.34,36,Pending,2022-03-16
LOAN0000371,CUST024381,ACC0049235,"Car Loan",1388648.55,7.62,48,Unknown,2023-07-15
LOAN0000372,CUST011781,ACC0106055,"Home Loan",4390668.95,14.31,120,Pending,2025-05-29
LOAN0000373,CUST000921,ACC0107389,"Business Loan",4063282.87,11.16,120,Defaulted,2023-01-03
LOAN0000374,CUST054473,ACC0071547,"Business Loan",4541538.04,10.16,60,Closed,2024-01-24
LOAN0000375,CUST036442,ACC0036050,"Business Loan",2040506.99,17.81,120,Unknown,2025-02-09
LOAN0000376,CUST081284,ACC0044471,"Education Loan",558499.27,6.97,84,Defaulted,2022-05-15
LOAN0000377,CUST018365,ACC0045415,"Business Loan",2609132.66,8.59,60,Active,2023-08-17
LOAN0000378,CUST027501,ACC0046030,"Personal Loan",4067982.75,9.50,12,Defaulted,2022-10-30
LOAN0000379,CUST051504,ACC0104858,"Personal Loan",2688981.32,12.07,60,Defaulted,2022-04-25
LOAN0000380,CUST073062,ACC0006715,"Business Loan",4427133.45,8.52,0,Unknown,2023-02-12
LOAN0000381,CUST098591,ACC0037356,"Education Loan",2680726.92,16.54,60,Closed,2025-06-03
LOAN0000382,CUST094516,ACC0109905,"Business Loan",699385.13,16.47,12,Closed,2025-03-15
LOAN0000383,CUST077801,ACC0103760,"Business Loan",746453.80,10.80,36,Pending,2023-01-23
LOAN0000384,CUST029641,ACC0010357,"Business Loan",3143041.28,12.76,60,Pending,2025-12-29
LOAN0000385,CUST091042,ACC0105629,"Home Loan",2289124.90,10.14,84,Active,2025-04-18
LOAN0000386,CUST070123,ACC0083366,"Education Loan",2794360.02,7.98,48,Pending,2024-07-09
LOAN0000387,CUST086786,ACC0119201,"Personal Loan",376236.66,11.87,48,Unknown,2024-02-07
LOAN0000388,CUST097744,ACC0072134,"Car Loan",1181499.47,9.17,24,Pending,2023-06-15
LOAN0000389,CUST098216,ACC0009333,"Education Loan",14076.69,14.50,60,Defaulted,2025-07-07
LOAN0000390,CUST028444,ACC0047913,"Car Loan",3443308.94,15.25,24,Active,2023-01-16
LOAN0000391,CUST079240,ACC0123314,"Education Loan",2526311.87,16.79,120,Defaulted,2024-03-12
LOAN0000392,CUST090497,ACC0037058,"Business Loan",370277.82,9.77,0,Active,2024-04-23
LOAN0000393,CUST041829,ACC0063924,"Personal Loan",4038976.09,17.07,84,Unknown,2022-05-09
LOAN0000394,CUST004494,ACC0092011,"Home Loan",2012058.95,17.30,120,Active,2024-03-04
LOAN0000395,CUST028138,ACC0112584,"Business Loan",NULL,9.03,84,Pending,2024-04-13
LOAN0000396,CUST073821,ACC0127558,"Personal Loan",3436966.65,8.73,0,Closed,2022-10-17
LOAN0000397,CUST097935,ACC0113297,"Personal Loan",947056.40,7.07,60,Defaulted,2024-05-24
LOAN0000398,CUST051132,ACC0108768,"Business Loan",1737556.14,9.34,48,Unknown,2023-11-07
LOAN0000399,CUST063010,ACC0064209,"Home Loan",1887984.12,15.24,48,Active,2025-08-01
LOAN0000400,CUST079700,ACC0032046,"Car Loan",933213.49,17.11,120,Pending,2022-11-07
LOAN0000401,CUST039429,ACC0008748,"Home Loan",525822.88,13.58,36,Active,2024-10-17
LOAN0000402,CUST026652,ACC0124486,"Business Loan",4281677.72,6.19,0,Active,2024-12-02
LOAN0000403,CUST046596,ACC0035401,"Education Loan",2558795.16,9.47,0,Closed,2025-02-18
LOAN0000404,CUST063032,ACC0068435,"Education Loan",3125399.98,17.00,84,Defaulted,2024-07-28
LOAN0000405,CUST058383,ACC0013941,"Car Loan",1582080.21,12.79,0,Active,2025-05-17
LOAN0000406,CUST077204,ACC0078718,"Business Loan",2795552.49,10.20,48,Active,2023-07-23
LOAN0000407,CUST023613,ACC0004240,"Personal Loan",2081001.91,16.90,12,Defaulted,2025-04-09
LOAN0000408,CUST098630,ACC0120126,"Car Loan",3581144.17,16.69,84,Closed,2024-06-01
LOAN0000409,CUST084353,ACC0014218,"Education Loan",684041.29,6.96,24,Defaulted,2023-08-16
LOAN0000410,CUST021130,ACC0063730,"Education Loan",3015703.92,14.20,0,Pending,2023-09-15
LOAN0000411,CUST036948,ACC0098106,"Education Loan",378402.64,12.54,84,Active,2022-02-17
LOAN0000412,CUST018629,ACC0093583,"Business Loan",3085653.50,17.29,84,Pending,2023-11-29
LOAN0000413,CUST036955,ACC0098471,"Car Loan",1641505.99,15.42,0,Unknown,2023-01-14
LOAN0000414,CUST089380,ACC0050133,"Car Loan",3745807.17,7.02,24,Active,2023-01-23
LOAN0000415,CUST045210,ACC0023696,"Education Loan",NULL,17.15,48,Unknown,2022-12-04
LOAN0000416,CUST005110,ACC0068603,"Home Loan",2359759.16,16.36,12,Active,2024-11-07
LOAN0000417,CUST087715,ACC0062465,"Education Loan",1037874.23,8.88,84,Active,2025-12-05
LOAN0000418,CUST003494,ACC0104943,"Home Loan",4483089.97,7.01,60,Active,2024-07-07
LOAN0000419,CUST049773,ACC0014846,"Business Loan",2049400.87,12.32,60,Active,2023-09-02
LOAN0000420,CUST093452,ACC0062871,"Education Loan",3092096.41,11.34,24,Active,2024-01-17
LOAN0000421,CUST098352,ACC0123681,"Personal Loan",1723121.87,14.69,60,Closed,2025-02-07
LOAN0000422,CUST032351,ACC0106224,"Car Loan",4827914.85,15.55,0,Pending,2023-08-13
LOAN0000423,CUST059534,ACC0016023,"Car Loan",3927198.04,9.03,0,Unknown,2022-01-26
LOAN0000424,CUST027034,ACC0054655,"Business Loan",3276459.52,7.45,12,Defaulted,2023-08-06
LOAN0000425,CUST032268,ACC0121433,"Home Loan",2389286.89,12.15,24,Unknown,2022-01-25
LOAN0000426,CUST099917,ACC0057355,"Home Loan",588811.77,15.06,120,Active,2024-05-21
LOAN0000427,CUST006887,ACC0001224,"Education Loan",4194829.61,9.22,24,Active,2023-08-17
LOAN0000428,CUST082826,ACC0104508,"Business Loan",1981279.34,9.35,12,Closed,2025-11-21
LOAN0000429,CUST033476,ACC0061856,"Personal Loan",251686.03,18.00,60,Closed,2025-12-27
LOAN0000430,CUST077544,ACC0067827,"Car Loan",3058397.89,7.53,0,Unknown,2025-11-21
LOAN0000431,CUST074591,ACC0122556,"Education Loan",960515.17,8.34,12,Closed,2022-10-23
LOAN0000432,CUST059339,ACC0044510,"Education Loan",NULL,16.62,36,Defaulted,2022-03-11
LOAN0000433,CUST098794,ACC0054485,"Home Loan",3492682.90,7.71,24,Unknown,2024-01-23
LOAN0000434,CUST048751,ACC0006532,"Car Loan",1008664.02,14.69,120,Unknown,2023-03-15
LOAN0000435,CUST092932,ACC0102893,"Education Loan",1863207.17,14.81,12,Active,2023-09-08
LOAN0000436,CUST087540,ACC0129104,"Car Loan",3237497.49,6.77,60,Closed,2024-02-19
LOAN0000437,CUST068113,ACC0095507,"Personal Loan",3355680.00,8.52,0,Active,2023-08-16
LOAN0000438,CUST025167,ACC0050340,"Business Loan",1793475.18,13.32,120,Active,2022-04-03
LOAN0000439,CUST082917,ACC0019531,"Car Loan",1103691.62,10.73,120,Closed,2024-06-15
LOAN0000440,CUST091033,ACC0017284,"Education Loan",2431989.99,14.59,36,Active,2025-06-07
LOAN0000441,CUST071049,ACC0050666,"Car Loan",3368199.65,6.11,12,Active,2025-08-05
LOAN0000442,CUST093462,ACC0092319,"Home Loan",2829368.41,14.75,12,Active,2024-08-06
LOAN0000443,CUST086170,ACC0041991,"Car Loan",3776795.44,11.86,84,Active,2022-02-05
LOAN0000444,CUST016505,ACC0119818,"Personal Loan",2222693.09,12.52,12,Pending,2023-06-01
LOAN0000445,CUST011935,ACC0125567,"Personal Loan",1030729.86,12.39,0,Active,2023-05-12
LOAN0000446,CUST019935,ACC0110828,"Home Loan",1547690.03,13.18,60,Defaulted,2023-10-16
LOAN0000447,CUST030078,ACC0075338,"Personal Loan",1452974.67,7.99,84,Closed,2024-06-02
LOAN0000448,CUST097996,ACC0019094,"Home Loan",3775234.00,13.91,120,Closed,2025-12-29
LOAN0000449,CUST078714,ACC0015007,"Education Loan",2530038.25,16.06,60,Closed,2023-01-29
LOAN0000450,CUST007604,ACC0091641,"Business Loan",4328418.47,8.37,48,Pending,2024-12-30
LOAN0000451,CUST046815,ACC0081690,"Car Loan",1260238.52,14.49,84,Defaulted,2023-11-04
LOAN0000452,CUST063830,ACC0085926,"Education Loan",2074838.98,14.35,12,Active,2023-06-12
LOAN0000453,CUST008049,ACC0121955,"Car Loan",4490896.12,16.72,120,Closed,2025-05-23
LOAN0000454,CUST076222,ACC0115105,"Car Loan",2632945.63,13.93,0,Active,2023-07-08
LOAN0000455,CUST084941,ACC0040803,"Business Loan",659696.41,6.87,0,Pending,2023-05-25
LOAN0000456,CUST064640,ACC0095002,"Business Loan",3928086.00,17.86,24,Unknown,2023-08-30
LOAN0000457,CUST010576,ACC0020600,"Business Loan",4461911.40,6.29,36,Unknown,2023-01-28
LOAN0000458,CUST076948,ACC0113623,"Business Loan",1948179.19,16.70,60,Pending,2022-09-26
LOAN0000459,CUST066872,ACC0026590,"Car Loan",4666659.27,13.82,84,Closed,2022-09-25
LOAN0000460,CUST018170,ACC0033627,"Home Loan",2907802.26,16.49,48,Defaulted,2024-10-10
LOAN0000461,CUST019851,ACC0072404,"Home Loan",1967473.03,7.81,60,Defaulted,2023-08-14
LOAN0000462,CUST041021,ACC0092236,"Car Loan",1632207.02,16.58,24,Pending,2022-05-27
LOAN0000463,CUST090963,ACC0109747,"Home Loan",1625368.11,15.99,0,Pending,2024-06-03
LOAN0000464,CUST061521,ACC0120463,"Business Loan",2118176.95,8.62,12,Defaulted,2025-07-18
LOAN0000465,CUST015602,ACC0125967,"Business Loan",324983.20,14.45,36,Pending,2024-03-03
LOAN0000466,CUST044385,ACC0002753,"Business Loan",4387411.15,10.00,48,Active,2025-03-23
LOAN0000467,CUST004041,ACC0040227,"Personal Loan",4155397.99,15.52,120,Unknown,2025-09-10
LOAN0000468,CUST066341,ACC0037992,"Business Loan",2656209.07,17.62,0,Unknown,2023-03-23
LOAN0000469,CUST082261,ACC0125247,"Business Loan",2087515.94,8.24,0,Defaulted,2023-02-09
LOAN0000470,CUST091611,ACC0066298,"Business Loan",3649491.82,13.01,0,Active,2024-02-14
LOAN0000471,CUST069484,ACC0027263,"Business Loan",4643567.60,10.85,12,Defaulted,2024-03-26
LOAN0000472,CUST002182,ACC0100958,"Business Loan",3690427.02,10.97,12,Unknown,2022-10-13
LOAN0000473,CUST047266,ACC0007095,"Business Loan",3520879.54,7.44,0,Unknown,2025-05-17
LOAN0000474,CUST027291,ACC0119662,"Home Loan",1393002.57,15.25,60,Active,2025-02-09
LOAN0000475,CUST085050,ACC0008674,"Business Loan",1187551.52,15.96,36,Defaulted,2025-10-06
LOAN0000476,CUST060274,ACC0098157,"Home Loan",4630656.25,13.13,0,Pending,2023-05-14
LOAN0000477,CUST008172,ACC0110556,"Personal Loan",1225428.21,12.08,12,Active,2022-10-03
LOAN0000478,CUST059846,ACC0125148,"Home Loan",506086.09,13.14,0,Active,2025-12-29
LOAN0000479,CUST060976,ACC0115944,"Business Loan",4163059.66,8.68,84,Defaulted,2022-02-23
LOAN0000480,CUST081707,ACC0091827,"Personal Loan",4778945.59,14.40,12,Closed,2024-08-15
LOAN0000481,CUST019038,ACC0033657,"Car Loan",1306321.06,8.64,36,Pending,2022-02-04
LOAN0000482,CUST009777,ACC0002631,"Home Loan",4024887.34,8.42,120,Closed,2022-10-14
LOAN0000483,CUST037128,ACC0103001,"Home Loan",2162774.42,10.96,12,Unknown,2024-12-06
LOAN0000484,CUST041688,ACC0123186,"Car Loan",1592399.05,8.62,0,Active,2023-09-21
LOAN0000485,CUST047504,ACC0008184,"Home Loan",3830665.83,11.14,84,Active,2022-11-02
LOAN0000486,CUST081624,ACC0042378,"Business Loan",1984574.11,13.25,0,Pending,2022-02-15
LOAN0000487,CUST068380,ACC0086662,"Personal Loan",973277.73,10.78,24,Active,2025-10-16
LOAN0000488,CUST010731,ACC0063294,"Education Loan",1347864.95,15.41,36,Active,2024-10-06
LOAN0000489,CUST072024,ACC0019226,"Education Loan",714627.71,8.49,120,Active,2024-09-30
LOAN0000490,CUST014334,ACC0058514,"Home Loan",406672.80,0.00,60,Active,2024-11-11
LOAN0000491,CUST057526,ACC0000514,"Home Loan",2306319.62,7.82,120,Pending,2024-07-08
LOAN0000492,CUST006025,ACC0005830,"Personal Loan",4178477.95,15.35,48,Pending,2023-01-29
LOAN0000493,CUST018932,ACC0021537,"Personal Loan",4183672.55,12.20,60,Active,2022-10-03
LOAN0000494,CUST017403,ACC0025842,"Car Loan",182739.82,6.69,120,Active,2022-11-02
LOAN0000495,CUST061641,ACC0114782,"Car Loan",1289999.30,16.23,36,Closed,2024-02-13
LOAN0000496,CUST081442,ACC0093750,"Car Loan",4258476.40,10.00,60,Unknown,2023-08-29
LOAN0000497,CUST036615,ACC0022792,"Car Loan",2613154.11,9.65,48,Unknown,2022-08-30
LOAN0000498,CUST012042,ACC0018249,"Education Loan",52299.38,13.39,120,Unknown,2022-06-20
LOAN0000499,CUST015263,ACC0100574,"Education Loan",1807206.89,12.44,60,Closed,2025-09-09
LOAN0000500,CUST053071,ACC0074018,"Business Loan",1729540.28,7.72,84,Closed,2025-06-02
LOAN0000501,CUST081238,ACC0041893,"Business Loan",708624.50,15.82,12,Active,2024-02-13
LOAN0000502,CUST089315,ACC0108500,"Car Loan",NULL,0.00,0,Pending,2022-03-10
LOAN0000503,CUST025039,ACC0099116,"Personal Loan",3548781.29,7.23,12,Pending,2025-04-20
LOAN0000504,CUST051096,ACC0123480,"Home Loan",3841039.63,17.73,12,Unknown,2023-05-08
LOAN0000505,CUST094998,ACC0067117,"Personal Loan",512301.14,9.14,36,Unknown,2025-11-15
LOAN0000506,CUST077187,ACC0088499,"Education Loan",4211527.13,7.67,0,Pending,2023-11-10
LOAN0000507,CUST071662,ACC0052944,"Personal Loan",3446251.90,13.66,24,Pending,2024-02-27
LOAN0000508,CUST057758,ACC0049251,"Car Loan",3706602.60,15.50,0,Active,2025-12-01
LOAN0000509,CUST024626,ACC0105220,"Education Loan",3683943.73,17.67,84,Unknown,2023-03-08
LOAN0000510,CUST062785,ACC0028943,"Home Loan",690232.73,13.94,0,Defaulted,2023-11-19
LOAN0000511,CUST038778,ACC0074022,"Business Loan",3289628.14,6.38,84,Active,2025-07-23
LOAN0000512,CUST078297,ACC0009838,"Home Loan",4798366.66,7.85,12,Pending,2025-01-07
LOAN0000513,CUST027774,ACC0005402,"Education Loan",236338.36,14.82,84,Closed,2025-10-16
LOAN0000514,CUST023290,ACC0011578,"Education Loan",4263983.76,9.51,24,Defaulted,2025-05-23
LOAN0000515,CUST061279,ACC0074501,"Personal Loan",2895800.24,16.43,120,Pending,2025-04-10
LOAN0000516,CUST056494,ACC0011534,"Business Loan",488221.80,6.34,0,Pending,2024-03-10
LOAN0000517,CUST009372,ACC0122446,"Car Loan",2101622.50,6.26,24,Closed,2025-04-20
LOAN0000518,CUST063172,ACC0012371,"Personal Loan",1485908.90,13.38,48,Pending,2025-06-22
LOAN0000519,CUST010797,ACC0062498,"Personal Loan",2259861.54,8.20,0,Active,2025-11-02
LOAN0000520,CUST005434,ACC0097010,"Business Loan",3040640.42,17.77,0,Defaulted,2023-06-09
LOAN0000521,CUST090361,ACC0044021,"Personal Loan",NULL,11.88,120,Defaulted,2025-10-30
LOAN0000522,CUST024913,ACC0123675,"Business Loan",3910553.49,6.97,24,Active,2025-02-14
LOAN0000523,CUST022371,ACC0036385,"Car Loan",4751859.83,11.90,0,Pending,2022-02-12
LOAN0000524,CUST069292,ACC0113001,"Business Loan",1194744.13,12.28,36,Pending,2023-01-27
LOAN0000525,CUST029671,ACC0083748,"Business Loan",4877792.81,14.64,120,Unknown,2023-05-18
LOAN0000526,CUST025424,ACC0016017,"Business Loan",4439540.27,11.71,84,Closed,2023-03-17
LOAN0000527,CUST043870,ACC0092408,"Business Loan",1093720.23,11.39,48,Defaulted,2022-08-18
LOAN0000528,CUST072611,ACC0012119,"Car Loan",4442713.30,8.13,36,Active,2025-06-21
LOAN0000529,CUST036235,ACC0004557,"Education Loan",2533368.51,11.71,48,Closed,2025-08-15
LOAN0000530,CUST048932,ACC0042119,"Personal Loan",4523286.03,6.20,12,Active,2023-07-29
LOAN0000531,CUST005355,ACC0085608,"Car Loan",2438288.45,12.73,120,Closed,2024-01-19
LOAN0000532,CUST039229,ACC0036237,"Car Loan",128953.27,14.57,120,Active,2023-02-23
LOAN0000533,CUST035494,ACC0122747,"Education Loan",2981691.73,14.51,84,Active,2023-04-25
LOAN0000534,CUST003346,ACC0037997,"Business Loan",1483433.92,16.84,0,Closed,2024-10-20
LOAN0000535,CUST044630,ACC0004041,"Education Loan",4104500.91,12.06,48,Active,2022-04-28
LOAN0000536,CUST069865,ACC0102477,"Education Loan",3776803.75,7.96,36,Active,2024-11-20
LOAN0000537,CUST054254,ACC0049431,"Business Loan",2179214.95,16.17,120,Defaulted,2023-01-02
LOAN0000538,CUST021326,ACC0035118,"Home Loan",4658856.29,12.75,12,Pending,2022-07-15
LOAN0000539,CUST000026,ACC0033370,"Car Loan",316769.41,10.82,36,Pending,2023-04-26
LOAN0000540,CUST066406,ACC0035374,"Personal Loan",896791.57,16.61,36,Defaulted,2022-01-17
LOAN0000541,CUST082740,ACC0045278,"Personal Loan",4191192.15,8.20,0,Active,2025-05-15
LOAN0000542,CUST090562,ACC0111525,"Car Loan",2687862.98,9.62,84,Unknown,2022-06-25
LOAN0000543,CUST015113,ACC0037742,"Home Loan",2176542.05,16.70,60,Closed,2024-05-29
LOAN0000544,CUST017553,ACC0120568,"Home Loan",4056165.12,15.47,0,Active,2025-02-11
LOAN0000545,CUST072912,ACC0094847,"Business Loan",3092573.00,15.51,36,Closed,2022-02-03
LOAN0000546,CUST047514,ACC0096162,"Personal Loan",623697.75,9.53,60,Unknown,2023-03-01
LOAN0000547,CUST086703,ACC0094214,"Car Loan",4993537.48,17.64,36,Pending,2025-11-01
LOAN0000548,CUST073935,ACC0047125,"Personal Loan",2164489.90,14.99,48,Pending,2023-07-03
LOAN0000549,CUST013749,ACC0092806,"Education Loan",886602.66,11.88,120,Active,2025-04-13
LOAN0000550,CUST020192,ACC0049570,"Business Loan",1955099.73,17.73,12,Active,2024-07-03
LOAN0000551,CUST071053,ACC0040619,"Home Loan",4187401.92,11.43,84,Active,2023-02-04
LOAN0000552,CUST009581,ACC0013188,"Personal Loan",4992750.83,17.08,12,Unknown,2023-12-27
LOAN0000553,CUST011698,ACC0064884,"Home Loan",3722407.57,10.10,84,Closed,2025-08-16
LOAN0000554,CUST023818,ACC0078195,"Business Loan",591747.23,12.08,24,Unknown,2024-09-20
LOAN0000555,CUST030868,ACC0004209,"Home Loan",1894229.97,16.62,12,Unknown,2022-01-04
LOAN0000556,CUST006150,ACC0036270,"Business Loan",410317.25,15.02,0,Active,2024-04-23
LOAN0000557,CUST089854,ACC0063421,"Car Loan",497771.83,13.11,24,Closed,2022-06-15
LOAN0000558,CUST034330,ACC0043922,"Personal Loan",2889130.47,6.56,12,Closed,2022-01-04
LOAN0000559,CUST025917,ACC0049573,"Car Loan",3950616.83,9.10,60,Active,2023-07-07
LOAN0000560,CUST011867,ACC0052838,"Personal Loan",669749.25,11.72,0,Unknown,2022-07-27
LOAN0000561,CUST009005,ACC0006974,"Car Loan",4881269.97,9.82,0,Pending,2024-06-16
LOAN0000562,CUST028894,ACC0058124,"Education Loan",2600992.48,0.00,0,Active,2022-10-31
LOAN0000563,CUST027391,ACC0002013,"Personal Loan",4720214.17,9.21,120,Defaulted,2024-08-23
LOAN0000564,CUST015129,ACC0051195,"Education Loan",1519177.85,13.72,48,Active,2025-12-21
LOAN0000565,CUST038433,ACC0105140,"Car Loan",4418241.03,12.03,0,Unknown,2022-04-07
LOAN0000566,CUST025229,ACC0110422,"Personal Loan",4553623.50,9.09,0,Closed,2023-05-05
LOAN0000567,CUST005015,ACC0125777,"Business Loan",1298593.16,14.98,12,Defaulted,2025-05-22
LOAN0000568,CUST068559,ACC0111983,"Education Loan",1125840.86,15.45,48,Active,2024-03-08
LOAN0000569,CUST006733,ACC0031168,"Education Loan",1182558.67,13.24,120,Unknown,2023-10-14
LOAN0000570,CUST082932,ACC0073720,"Car Loan",2030715.09,15.74,60,Active,2022-05-17
LOAN0000571,CUST062241,ACC0109535,"Education Loan",2794860.28,13.67,60,Pending,2025-11-25
LOAN0000572,CUST002678,ACC0079109,"Education Loan",1578801.86,6.32,48,Unknown,2024-12-26
LOAN0000573,CUST096736,ACC0121648,"Education Loan",1968666.25,15.10,84,Pending,2022-03-22
LOAN0000574,CUST072857,ACC0127175,"Business Loan",3017012.26,6.79,84,Unknown,2023-06-21
LOAN0000575,CUST094671,ACC0074606,"Home Loan",420940.26,7.74,0,Active,2022-09-02
LOAN0000576,CUST075515,ACC0115976,"Car Loan",2100063.66,11.82,60,Unknown,2025-02-16
LOAN0000577,CUST020239,ACC0076973,"Home Loan",1986225.96,9.21,120,Closed,2025-03-19
LOAN0000578,CUST002247,ACC0012585,"Personal Loan",2552296.96,16.09,12,Active,2024-09-14
LOAN0000579,CUST089790,ACC0019540,"Education Loan",2405838.77,13.26,120,Active,2022-12-08
LOAN0000580,CUST078849,ACC0042756,"Education Loan",1970475.12,8.40,84,Closed,2022-01-22
LOAN0000581,CUST041912,ACC0083043,"Personal Loan",2214511.46,11.87,84,Closed,2025-06-25
LOAN0000582,CUST030297,ACC0067917,"Home Loan",3216772.24,16.64,24,Active,2025-05-05
LOAN0000583,CUST046328,ACC0112932,"Education Loan",2117365.45,17.04,12,Closed,2024-07-17
LOAN0000584,CUST045516,ACC0045112,"Home Loan",3016630.24,16.71,48,Defaulted,2022-01-08
LOAN0000585,CUST085388,ACC0089281,"Business Loan",2876187.90,16.96,12,Active,2023-12-13
LOAN0000586,CUST076797,ACC0103970,"Business Loan",4050750.08,6.35,120,Defaulted,2023-09-25
LOAN0000587,CUST092914,ACC0114078,"Business Loan",105712.57,11.58,0,Pending,2023-12-06
LOAN0000588,CUST030872,ACC0066466,"Business Loan",3852687.96,11.25,60,Defaulted,2025-05-20
LOAN0000589,CUST045679,ACC0105100,"Home Loan",1845423.59,7.47,84,Unknown,2025-04-17
LOAN0000590,CUST050205,ACC0080931,"Personal Loan",1181239.04,11.37,12,Unknown,2023-12-08
LOAN0000591,CUST016556,ACC0116038,"Education Loan",4526149.30,17.33,36,Closed,2022-07-19
LOAN0000592,CUST026467,ACC0078990,"Education Loan",2416979.44,9.81,84,Active,2023-07-21
LOAN0000593,CUST029308,ACC0093773,"Car Loan",3974415.08,10.40,0,Defaulted,2022-09-13
LOAN0000594,CUST055323,ACC0125240,"Car Loan",4484330.60,9.29,120,Defaulted,2023-11-13
LOAN0000595,CUST076886,ACC0074554,"Personal Loan",3358646.32,11.04,60,Unknown,2023-01-10
LOAN0000596,CUST013922,ACC0035368,"Car Loan",3630377.61,12.21,60,Active,2023-12-02
LOAN0000597,CUST031833,ACC0079414,"Car Loan",1593982.95,13.72,120,Unknown,2025-06-23
LOAN0000598,CUST078968,ACC0017335,"Home Loan",2977511.33,17.34,12,Closed,2023-03-24
LOAN0000599,CUST093715,ACC0115289,"Home Loan",86978.26,7.19,120,Active,2024-08-12
LOAN0000600,CUST084311,ACC0113469,"Personal Loan",4785070.34,10.19,0,Unknown,2023-03-30
LOAN0000601,CUST071355,ACC0057837,"Home Loan",2649137.23,11.29,48,Unknown,2024-05-08
LOAN0000602,CUST037350,ACC0082349,"Car Loan",2512326.64,8.28,36,Active,2022-10-14
LOAN0000603,CUST042427,ACC0043373,"Personal Loan",4175066.80,12.20,36,Unknown,2024-05-15
LOAN0000604,CUST066876,ACC0031764,"Education Loan",1215178.01,12.49,12,Closed,2022-06-03
LOAN0000605,CUST045315,ACC0103082,"Business Loan",4798751.31,17.42,84,Active,2022-03-03
LOAN0000606,CUST025955,ACC0035826,"Business Loan",3901722.32,11.42,12,Pending,2022-08-11
LOAN0000607,CUST058584,ACC0012770,"Business Loan",1223572.81,10.00,36,Defaulted,2024-05-23
LOAN0000608,CUST077676,ACC0086126,"Education Loan",3961764.65,14.81,84,Active,2024-08-31
LOAN0000609,CUST024871,ACC0048140,"Home Loan",4151583.51,10.00,48,Pending,2025-02-20
LOAN0000610,CUST087971,ACC0063278,"Home Loan",4104136.60,15.99,12,Pending,2023-06-04
LOAN0000611,CUST032852,ACC0096080,"Personal Loan",2613756.13,13.65,36,Defaulted,2022-03-24
LOAN0000612,CUST070819,ACC0048032,"Personal Loan",3715027.98,9.59,84,Pending,2023-02-07
LOAN0000613,CUST091802,ACC0064016,"Business Loan",1059483.91,12.56,60,Unknown,2025-03-27
LOAN0000614,CUST054995,ACC0051822,"Car Loan",1480933.08,9.77,60,Pending,2024-04-06
LOAN0000615,CUST022349,ACC0064223,"Personal Loan",2758852.95,7.73,0,Pending,2023-11-16
LOAN0000616,CUST030300,ACC0093382,"Personal Loan",3788227.68,17.18,12,Closed,2025-01-30
LOAN0000617,CUST005030,ACC0004419,"Education Loan",4925504.26,8.07,84,Active,2025-11-25
LOAN0000618,CUST013456,ACC0060975,"Car Loan",2955283.36,0.00,120,Unknown,2025-02-06
LOAN0000619,CUST066675,ACC0026683,"Personal Loan",1931223.43,11.05,0,Active,2025-01-26
LOAN0000620,CUST004438,ACC0036263,"Car Loan",117246.51,17.72,12,Active,2022-05-18
LOAN0000621,CUST010344,ACC0116980,"Car Loan",1186416.33,15.89,120,Active,2022-10-14
LOAN0000622,CUST093581,ACC0089079,"Business Loan",639801.31,12.61,48,Defaulted,2023-09-23
LOAN0000623,CUST063334,ACC0101894,"Home Loan",4603756.23,12.26,0,Active,2023-01-19
LOAN0000624,CUST053134,ACC0064822,"Business Loan",2708007.32,16.63,120,Active,2022-04-23
LOAN0000625,CUST033890,ACC0059027,"Education Loan",2237678.76,13.11,60,Unknown,2024-04-05
LOAN0000626,CUST092214,ACC0045958,"Car Loan",2171756.37,14.59,0,Defaulted,2025-02-07
LOAN0000627,CUST080757,ACC0060334,"Home Loan",2950428.06,17.37,60,Closed,2022-10-03
LOAN0000628,CUST034733,ACC0117742,"Car Loan",4609497.09,0.00,48,Active,2022-09-16
LOAN0000629,CUST017705,ACC0119954,"Personal Loan",3680946.11,17.69,48,Closed,2025-03-20
LOAN0000630,CUST024697,ACC0109504,"Personal Loan",3978419.34,6.73,48,Active,2025-03-14
LOAN0000631,CUST004116,ACC0112627,"Personal Loan",850456.13,12.22,0,Active,2022-10-28
LOAN0000632,CUST088964,ACC0104171,"Personal Loan",951005.69,6.23,0,Defaulted,2022-11-25
LOAN0000633,CUST013260,ACC0092183,"Car Loan",4350134.22,10.18,0,Active,2022-05-17
LOAN0000634,CUST001080,ACC0023320,"Business Loan",3756934.29,14.00,0,Pending,2024-05-23
LOAN0000635,CUST039258,ACC0128475,"Car Loan",4438931.10,9.02,36,Pending,2022-05-31
LOAN0000636,CUST057525,ACC0002302,"Education Loan",4131152.03,17.33,60,Closed,2025-11-16
LOAN0000637,CUST049033,ACC0076903,"Education Loan",4826743.33,6.31,0,Defaulted,2024-10-15
LOAN0000638,CUST040345,ACC0063748,"Business Loan",1510446.46,12.73,0,Defaulted,2025-05-12
LOAN0000639,CUST027422,ACC0104817,"Personal Loan",1630694.61,7.88,12,Active,2022-12-29
LOAN0000640,CUST048194,ACC0067111,"Personal Loan",560914.22,7.57,60,Pending,2025-01-27
LOAN0000641,CUST020727,ACC0041817,"Business Loan",557289.64,10.08,0,Closed,2025-06-18
LOAN0000642,CUST018222,ACC0066783,"Personal Loan",3936915.62,7.62,0,Closed,2025-01-06
LOAN0000643,CUST096459,ACC0115263,"Personal Loan",4731815.29,10.55,84,Pending,2025-08-03
LOAN0000644,CUST041727,ACC0070124,"Car Loan",4336181.70,7.84,48,Pending,2024-10-12
LOAN0000645,CUST017760,ACC0001319,"Education Loan",776765.47,12.26,120,Active,2024-05-12
LOAN0000646,CUST052178,ACC0111297,"Business Loan",3096374.90,15.58,84,Closed,2025-11-14
LOAN0000647,CUST061949,ACC0054573,"Personal Loan",1454552.04,6.24,120,Active,2024-04-29
LOAN0000648,CUST082615,ACC0031678,"Business Loan",NULL,12.00,60,Unknown,2024-04-26
LOAN0000649,CUST052081,ACC0113947,"Business Loan",2597310.18,17.62,12,Closed,2025-10-17
LOAN0000650,CUST004736,ACC0007012,"Business Loan",3187389.54,11.47,12,Unknown,2022-03-28
LOAN0000651,CUST050110,ACC0111578,"Home Loan",4127523.46,17.57,120,Active,2023-09-24
LOAN0000652,CUST019601,ACC0006827,"Car Loan",2855151.41,17.38,48,Closed,2023-02-24
LOAN0000653,CUST020757,ACC0086294,"Business Loan",1501170.66,14.56,24,Closed,2025-09-19
LOAN0000654,CUST055178,ACC0049309,"Home Loan",712482.94,12.99,0,Closed,2022-02-01
LOAN0000655,CUST086281,ACC0126399,"Car Loan",2591024.74,16.43,120,Defaulted,2022-08-26
LOAN0000656,CUST086955,ACC0001658,"Personal Loan",349082.28,12.18,48,Pending,2025-09-24
LOAN0000657,CUST024512,ACC0088115,"Car Loan",2196716.26,9.98,12,Pending,2024-02-22
LOAN0000658,CUST084858,ACC0066966,"Education Loan",864880.12,7.41,48,Unknown,2024-04-01
LOAN0000659,CUST038881,ACC0092798,"Car Loan",3876348.74,9.76,24,Pending,2022-02-26
LOAN0000660,CUST009025,ACC0111671,"Car Loan",4898190.88,17.02,24,Unknown,2024-08-16
LOAN0000661,CUST070764,ACC0040458,"Home Loan",2476968.38,14.76,0,Pending,2023-01-31
LOAN0000662,CUST025081,ACC0016364,"Car Loan",4511457.13,15.71,36,Active,2025-11-27
LOAN0000663,CUST015932,ACC0050491,"Home Loan",4546411.20,14.54,48,Defaulted,2024-03-20
LOAN0000664,CUST034367,ACC0080387,"Home Loan",NULL,9.67,12,Defaulted,2024-05-16
LOAN0000665,CUST056268,ACC0094400,"Personal Loan",462147.59,16.26,48,Active,2025-06-07
LOAN0000666,CUST063019,ACC0113257,"Car Loan",915666.22,16.86,48,Active,2022-09-19
LOAN0000667,CUST025593,ACC0086392,"Car Loan",4219869.67,7.46,12,Active,2023-07-23
LOAN0000668,CUST002008,ACC0070427,"Education Loan",1011276.02,7.22,12,Defaulted,2025-04-04
LOAN0000669,CUST057720,ACC0096137,"Car Loan",3556256.33,16.16,24,Pending,2022-12-14
LOAN0000670,CUST030471,ACC0107778,"Business Loan",1972896.44,10.08,48,Active,2025-06-24
LOAN0000671,CUST045405,ACC0034537,"Education Loan",2657492.00,17.55,60,Unknown,2025-02-16
LOAN0000672,CUST084611,ACC0084097,"Car Loan",4366218.89,16.44,36,Active,2024-09-04
LOAN0000673,CUST049050,ACC0082676,"Home Loan",4089135.11,11.04,60,Active,2024-05-03
LOAN0000674,CUST083874,ACC0120665,"Personal Loan",3656191.26,11.22,120,Pending,2023-03-22
LOAN0000675,CUST013791,ACC0098095,"Home Loan",2615731.35,7.09,84,Active,2025-02-08
LOAN0000676,CUST098061,ACC0034953,"Home Loan",3737215.22,14.52,84,Closed,2025-08-06
LOAN0000677,CUST055739,ACC0029266,"Education Loan",1726305.48,16.60,24,Pending,2025-05-17
LOAN0000678,CUST033360,ACC0062027,"Business Loan",4731695.28,12.25,0,Pending,2023-08-07
LOAN0000679,CUST047166,ACC0059058,"Education Loan",1977217.62,14.12,24,Unknown,2022-01-25
LOAN0000680,CUST098176,ACC0080247,"Business Loan",1164836.01,10.50,12,Active,2022-03-28
LOAN0000681,CUST091180,ACC0063479,"Car Loan",1693224.31,6.58,60,Defaulted,2025-04-29
LOAN0000682,CUST058002,ACC0038042,"Business Loan",2095532.03,17.28,48,Active,2023-07-29
LOAN0000683,CUST054960,ACC0017055,"Home Loan",3256151.13,9.78,12,Closed,2024-07-20
LOAN0000684,CUST040924,ACC0085469,"Education Loan",3278813.47,11.84,120,Unknown,2023-07-27
LOAN0000685,CUST083333,ACC0080988,"Home Loan",631658.84,11.10,84,Active,2022-05-03
LOAN0000686,CUST041483,ACC0029258,"Car Loan",2527238.77,13.81,120,Pending,2025-06-09
LOAN0000687,CUST066575,ACC0000324,"Education Loan",651939.06,10.28,60,Closed,2023-03-25
LOAN0000688,CUST005781,ACC0073561,"Personal Loan",3424072.41,7.47,0,Pending,2023-12-20
LOAN0000689,CUST005095,ACC0037974,"Car Loan",4860013.72,7.99,12,Active,2025-12-02
LOAN0000690,CUST010986,ACC0052986,"Car Loan",3121897.84,9.19,48,Unknown,2025-10-16
LOAN0000691,CUST008211,ACC0059902,"Car Loan",1862395.40,8.19,120,Unknown,2022-03-22
LOAN0000692,CUST001654,ACC0015778,"Business Loan",2913676.09,8.65,120,Active,2025-03-16
LOAN0000693,CUST093650,ACC0055970,"Home Loan",4482865.26,13.92,12,Pending,2025-09-16
LOAN0000694,CUST002484,ACC0015540,"Business Loan",792493.82,7.60,36,Closed,2024-03-01
LOAN0000695,CUST072213,ACC0040047,"Personal Loan",462516.92,11.74,48,Closed,2025-03-30
LOAN0000696,CUST088477,ACC0063397,"Education Loan",1897798.42,6.21,120,Closed,2024-02-10
LOAN0000697,CUST025796,ACC0054396,"Personal Loan",4280130.38,14.76,24,Active,2023-04-01
LOAN0000698,CUST024146,ACC0040834,"Business Loan",1839896.81,14.53,120,Closed,2025-01-11
LOAN0000699,CUST079886,ACC0043798,"Business Loan",1296436.43,16.36,48,Active,2022-12-15
LOAN0000700,CUST020704,ACC0047987,"Car Loan",3095039.78,17.54,60,Active,2025-08-29
LOAN0000701,CUST069657,ACC0108588,"Personal Loan",918405.27,10.80,24,Unknown,2023-07-07
LOAN0000702,CUST045387,ACC0041680,"Personal Loan",4321454.42,16.93,84,Pending,2023-06-08
LOAN0000703,CUST020520,ACC0035109,"Education Loan",689425.50,6.65,60,Defaulted,2022-02-11
LOAN0000704,CUST013317,ACC0074998,"Car Loan",3546792.16,14.62,84,Active,2025-06-18
LOAN0000705,CUST056821,ACC0040045,"Education Loan",2741456.83,13.84,24,Defaulted,2023-06-23
LOAN0000706,CUST068359,ACC0078151,"Car Loan",4699055.62,16.21,36,Active,2023-07-27
LOAN0000707,CUST095265,ACC0085354,"Personal Loan",1074427.53,17.76,36,Active,2025-09-22
LOAN0000708,CUST047170,ACC0078032,"Education Loan",3587832.16,7.74,0,Closed,2023-08-03
LOAN0000709,CUST053162,ACC0107882,"Home Loan",2428979.04,16.11,0,Active,2024-10-28
LOAN0000710,CUST004660,ACC0005094,"Business Loan",226803.62,8.11,120,Active,2023-11-24
LOAN0000711,CUST059482,ACC0095252,"Home Loan",NULL,7.80,0,Unknown,2025-12-26
LOAN0000712,CUST051836,ACC0024767,"Car Loan",1508775.06,16.11,0,Closed,2024-11-11
LOAN0000713,CUST046202,ACC0075580,"Home Loan",2891734.81,15.10,48,Closed,2022-05-20
LOAN0000714,CUST025319,ACC0009388,"Education Loan",NULL,9.58,12,Unknown,2025-06-22
LOAN0000715,CUST056221,ACC0005758,"Business Loan",2117007.54,12.63,36,Active,2022-09-11
LOAN0000716,CUST054062,ACC0013848,"Personal Loan",143678.16,7.24,36,Active,2023-04-05
LOAN0000717,CUST040383,ACC0012827,"Home Loan",4880639.69,9.32,60,Pending,2022-07-25
LOAN0000718,CUST005381,ACC0023284,"Home Loan",4569517.60,15.05,0,Closed,2024-10-09
LOAN0000719,CUST065329,ACC0015803,"Personal Loan",3646981.90,16.72,24,Active,2022-04-05
LOAN0000720,CUST028760,ACC0097130,"Education Loan",4539328.32,8.93,0,Active,2024-07-02
LOAN0000721,CUST058925,ACC0064024,"Car Loan",3684216.57,12.71,60,Unknown,2025-03-08
LOAN0000722,CUST075903,ACC0052070,"Business Loan",NULL,13.98,120,Unknown,2022-01-27
LOAN0000723,CUST090444,ACC0116787,"Business Loan",3115891.80,10.19,12,Pending,2025-10-07
LOAN0000724,CUST072644,ACC0109146,"Home Loan",3547518.70,11.63,0,Pending,2022-03-30
LOAN0000725,CUST039521,ACC0052029,"Education Loan",2283921.25,8.63,0,Active,2023-09-15
LOAN0000726,CUST050776,ACC0125826,"Education Loan",3351891.05,15.34,120,Active,2023-04-04
LOAN0000727,CUST003106,ACC0075507,"Business Loan",2793648.58,16.98,120,Active,2022-03-12
LOAN0000728,CUST073321,ACC0003708,"Car Loan",2409976.68,9.81,84,Closed,2024-03-13
LOAN0000729,CUST010683,ACC0019527,"Home Loan",2050251.76,12.88,60,Active,2024-12-31
LOAN0000730,CUST001116,ACC0018793,"Car Loan",1842582.28,12.61,48,Pending,2022-09-19
LOAN0000731,CUST007215,ACC0058130,"Home Loan",1278807.04,15.20,12,Unknown,2022-03-23
LOAN0000732,CUST025553,ACC0036376,"Education Loan",2935635.99,14.84,12,Pending,2022-03-30
LOAN0000733,CUST089193,ACC0086313,"Education Loan",3615640.49,12.61,0,Pending,2025-02-18
LOAN0000734,CUST030820,ACC0072913,"Business Loan",3439522.71,11.74,0,Closed,2025-04-19
LOAN0000735,CUST049553,ACC0109985,"Education Loan",2191036.83,12.34,12,Defaulted,2025-07-25
LOAN0000736,CUST032770,ACC0018782,"Car Loan",1741160.98,11.98,120,Pending,2025-10-12
LOAN0000737,CUST062859,ACC0100617,"Home Loan",3744231.03,8.25,0,Pending,2023-03-01
LOAN0000738,CUST059903,ACC0022334,"Home Loan",2544718.25,6.31,0,Unknown,2024-12-07
LOAN0000739,CUST005651,ACC0002465,"Car Loan",806519.68,15.11,60,Active,2025-07-02
LOAN0000740,CUST004675,ACC0106040,"Education Loan",4258700.34,8.13,48,Defaulted,2022-11-03
LOAN0000741,CUST054235,ACC0042072,"Home Loan",1105994.81,6.08,0,Pending,2022-12-27
LOAN0000742,CUST052022,ACC0055393,"Car Loan",342063.62,13.88,24,Defaulted,2022-05-18
LOAN0000743,CUST023588,ACC0113194,"Car Loan",2858296.36,11.15,48,Unknown,2022-12-08
LOAN0000744,CUST099142,ACC0065208,"Personal Loan",3713150.69,9.89,0,Closed,2024-06-24
LOAN0000745,CUST083754,ACC0100180,"Business Loan",1825396.32,10.15,120,Active,2023-02-23
LOAN0000746,CUST063995,ACC0118793,"Car Loan",2409020.34,11.02,24,Active,2023-10-03
LOAN0000747,CUST007580,ACC0021073,"Personal Loan",2089950.59,7.14,120,Pending,2022-04-02
LOAN0000748,CUST063326,ACC0041297,"Car Loan",1866119.66,0.00,0,Active,2022-05-17
LOAN0000749,CUST084938,ACC0086589,"Car Loan",3393581.98,7.19,60,Active,2025-08-18
LOAN0000750,CUST072716,ACC0015271,"Car Loan",598121.73,7.14,60,Pending,2025-08-31
LOAN0000751,CUST045653,ACC0028880,"Business Loan",445548.84,15.49,36,Active,2022-06-19
LOAN0000752,CUST085024,ACC0029231,"Home Loan",2347188.18,8.41,48,Closed,2023-07-13
LOAN0000753,CUST056575,ACC0122964,"Home Loan",4842013.86,6.13,48,Defaulted,2022-03-24
LOAN0000754,CUST024063,ACC0080634,"Education Loan",3274557.14,11.56,36,Pending,2025-07-01
LOAN0000755,CUST005889,ACC0072323,"Personal Loan",4826348.12,17.31,12,Pending,2024-01-28
LOAN0000756,CUST061317,ACC0059511,"Education Loan",2107118.62,15.55,48,Active,2024-07-10
LOAN0000757,CUST029254,ACC0111366,"Car Loan",NULL,11.21,24,Closed,2024-10-07
LOAN0000758,CUST077912,ACC0075714,"Home Loan",4780810.33,16.74,12,Active,2025-07-27
LOAN0000759,CUST051943,ACC0017710,"Personal Loan",1539276.30,6.43,60,Closed,2023-07-10
LOAN0000760,CUST039879,ACC0107393,"Education Loan",2014178.71,13.78,0,Pending,2024-11-11
LOAN0000761,CUST003714,ACC0081079,"Car Loan",4427170.16,11.82,24,Pending,2023-02-24
LOAN0000762,CUST046422,ACC0073074,"Home Loan",3451510.52,16.48,36,Pending,2023-06-16
LOAN0000763,CUST080046,ACC0052456,"Car Loan",1641947.34,7.02,12,Closed,2023-12-13
LOAN0000764,CUST034301,ACC0096907,"Business Loan",464913.59,13.07,84,Active,2025-04-11
LOAN0000765,CUST063666,ACC0017733,"Education Loan",2715219.96,16.71,48,Pending,2022-08-04
LOAN0000766,CUST014648,ACC0120585,"Personal Loan",3853955.11,10.50,60,Active,2025-07-22
LOAN0000767,CUST006613,ACC0045715,"Personal Loan",4186514.27,10.88,48,Unknown,2024-11-10
LOAN0000768,CUST041944,ACC0040885,"Personal Loan",525585.97,7.09,24,Active,2024-03-03
LOAN0000769,CUST073782,ACC0107840,"Business Loan",2511197.60,7.28,36,Closed,2023-11-22
LOAN0000770,CUST023182,ACC0115330,"Home Loan",1371447.46,10.94,0,Active,2022-10-02
LOAN0000771,CUST097389,ACC0072487,"Car Loan",77340.65,6.32,12,Unknown,2023-07-31
LOAN0000772,CUST091380,ACC0088350,"Education Loan",607287.71,11.32,36,Defaulted,2025-12-07
LOAN0000773,CUST058778,ACC0121706,"Business Loan",2582000.20,7.69,48,Pending,2024-02-23
LOAN0000774,CUST073244,ACC0123742,"Home Loan",2348683.72,6.06,0,Closed,2025-05-10
LOAN0000775,CUST080758,ACC0007688,"Education Loan",2760570.70,7.65,120,Active,2024-09-06
LOAN0000776,CUST058871,ACC0012924,"Home Loan",176996.25,12.84,120,Active,2024-09-18
LOAN0000777,CUST053436,ACC0034179,"Personal Loan",1477017.37,14.85,36,Active,2023-05-07
LOAN0000778,CUST029568,ACC0068728,"Business Loan",2559389.13,7.03,0,Active,2022-10-21
LOAN0000779,CUST018156,ACC0014912,"Education Loan",4784865.41,15.96,84,Active,2025-11-27
LOAN0000780,CUST083372,ACC0121124,"Business Loan",1943644.23,10.33,84,Active,2022-09-27
LOAN0000781,CUST032027,ACC0104546,"Business Loan",4259280.47,9.02,0,Closed,2023-01-03
LOAN0000782,CUST003152,ACC0026680,"Education Loan",3668448.11,15.32,0,Active,2024-10-13
LOAN0000783,CUST063964,ACC0010937,"Education Loan",2018470.36,7.15,120,Active,2025-08-09
LOAN0000784,CUST092507,ACC0079291,"Personal Loan",727829.46,9.88,0,Defaulted,2023-08-04
LOAN0000785,CUST034391,ACC0006869,"Car Loan",1607939.15,16.08,48,Closed,2023-12-23
LOAN0000786,CUST098720,ACC0003273,"Education Loan",3583079.89,13.87,48,Active,2024-03-17
LOAN0000787,CUST041455,ACC0067225,"Education Loan",3695187.28,13.60,60,Defaulted,2024-06-13
LOAN0000788,CUST085224,ACC0122392,"Home Loan",2109461.33,8.73,36,Active,2025-07-30
LOAN0000789,CUST085662,ACC0106421,"Business Loan",1973193.46,11.37,48,Active,2023-09-09
LOAN0000790,CUST049806,ACC0089424,"Personal Loan",320302.49,16.66,60,Unknown,2025-06-14
LOAN0000791,CUST091920,ACC0070122,"Personal Loan",4544811.04,9.01,0,Active,2025-10-27
LOAN0000792,CUST075467,ACC0018856,"Business Loan",274408.95,6.91,0,Unknown,2024-03-07
LOAN0000793,CUST052078,ACC0082602,"Business Loan",189863.93,16.69,24,Unknown,2025-04-17
LOAN0000794,CUST054580,ACC0066866,"Home Loan",598150.76,8.78,0,Unknown,2025-04-16
LOAN0000795,CUST075562,ACC0129581,"Home Loan",305258.33,11.94,120,Active,2022-06-23
LOAN0000796,CUST031844,ACC0126324,"Car Loan",4052819.62,10.21,36,Pending,2024-12-05
LOAN0000797,CUST024752,ACC0077556,"Home Loan",1391565.86,6.75,12,Closed,2023-05-22
LOAN0000798,CUST032589,ACC0029840,"Business Loan",2433650.60,14.09,84,Active,2022-08-09
LOAN0000799,CUST089299,ACC0037050,"Personal Loan",3531679.74,16.43,60,Active,2022-11-08
LOAN0000800,CUST029808,ACC0037573,"Personal Loan",3216372.79,10.53,60,Active,2022-03-19
LOAN0000801,CUST013615,ACC0018886,"Personal Loan",1641778.76,16.59,24,Active,2022-12-18
LOAN0000802,CUST023256,ACC0046831,"Car Loan",445387.12,9.59,0,Unknown,2024-12-19
LOAN0000803,CUST026801,ACC0037558,"Education Loan",238482.13,7.76,120,Defaulted,2024-11-08
LOAN0000804,CUST028202,ACC0053647,"Home Loan",1893902.85,16.94,120,Closed,2023-08-29
LOAN0000805,CUST059775,ACC0015613,"Education Loan",2678452.30,9.18,0,Active,2025-10-27
LOAN0000806,CUST007004,ACC0020403,"Education Loan",3848313.26,10.01,12,Pending,2022-09-05
LOAN0000807,CUST071804,ACC0079231,"Education Loan",1520388.25,6.96,84,Unknown,2025-03-13
LOAN0000808,CUST086447,ACC0041823,"Home Loan",4865762.19,14.46,84,Pending,2024-05-06
LOAN0000809,CUST098074,ACC0113243,"Personal Loan",1217997.72,17.06,0,Active,2023-08-13
LOAN0000810,CUST087079,ACC0043300,"Personal Loan",1850029.21,11.59,84,Defaulted,2025-11-19
LOAN0000811,CUST008599,ACC0042694,"Car Loan",3022242.62,17.30,84,Active,2024-12-19
LOAN0000812,CUST065803,ACC0119343,"Education Loan",1493662.07,11.59,36,Defaulted,2022-12-06
LOAN0000813,CUST025715,ACC0016101,"Home Loan",3086864.25,14.60,84,Closed,2022-10-01
LOAN0000814,CUST044511,ACC0093118,"Car Loan",4386930.19,15.89,36,Closed,2024-01-11
LOAN0000815,CUST001462,ACC0061964,"Car Loan",3571347.41,8.12,12,Active,2023-04-24
LOAN0000816,CUST000067,ACC0101260,"Business Loan",120534.92,17.69,24,Unknown,2022-10-24
LOAN0000817,CUST018372,ACC0060579,"Education Loan",2109127.25,9.95,24,Active,2025-12-13
LOAN0000818,CUST095505,ACC0011571,"Education Loan",1790995.61,15.05,0,Active,2022-06-15
LOAN0000819,CUST080408,ACC0106919,"Personal Loan",1733361.00,10.79,120,Unknown,2025-05-26
LOAN0000820,CUST032924,ACC0100218,"Car Loan",4356728.55,9.72,48,Unknown,2024-09-14
LOAN0000821,CUST010372,ACC0033784,"Education Loan",4935230.81,15.31,0,Active,2025-06-12
LOAN0000822,CUST036848,ACC0068409,"Personal Loan",288730.26,15.63,24,Unknown,2025-03-18
LOAN0000823,CUST039831,ACC0108292,"Car Loan",2667428.23,12.29,84,Active,2025-09-07
LOAN0000824,CUST080417,ACC0052175,"Personal Loan",2376441.40,17.58,12,Unknown,2023-10-12
LOAN0000825,CUST003660,ACC0041858,"Education Loan",2833280.84,8.28,36,Defaulted,2025-03-22
LOAN0000826,CUST006362,ACC0062392,"Personal Loan",1399598.61,12.33,120,Unknown,2022-12-24
LOAN0000827,CUST041439,ACC0027366,"Home Loan",1390458.89,15.62,0,Unknown,2025-01-12
LOAN0000828,CUST071102,ACC0086741,"Car Loan",4726796.02,8.03,84,Closed,2022-04-26
LOAN0000829,CUST040989,ACC0093632,"Car Loan",668162.21,12.80,0,Pending,2024-12-17
LOAN0000830,CUST058305,ACC0068870,"Business Loan",3820763.36,16.58,24,Active,2023-01-04
LOAN0000831,CUST037045,ACC0051769,"Home Loan",815226.82,0.00,36,Defaulted,2023-11-13
LOAN0000832,CUST007596,ACC0112326,"Home Loan",4914410.10,10.13,0,Closed,2025-09-20
LOAN0000833,CUST056094,ACC0126534,"Education Loan",2197987.74,14.04,84,Pending,2025-12-15
LOAN0000834,CUST016345,ACC0074544,"Personal Loan",717476.66,17.66,0,Defaulted,2024-11-07
LOAN0000835,CUST048217,ACC0055768,"Education Loan",3467964.72,16.57,48,Active,2025-11-22
LOAN0000836,CUST007468,ACC0007500,"Car Loan",4665568.72,8.70,0,Active,2024-11-19
LOAN0000837,CUST062287,ACC0049181,"Personal Loan",NULL,12.38,60,Unknown,2025-11-04
LOAN0000838,CUST009101,ACC0086868,"Business Loan",1429913.57,7.72,36,Active,2024-07-21
LOAN0000839,CUST066166,ACC0124945,"Home Loan",1447413.14,8.01,36,Active,2025-02-01
LOAN0000840,CUST017475,ACC0015103,"Business Loan",502617.64,7.73,60,Closed,2023-12-19
LOAN0000841,CUST038440,ACC0121431,"Personal Loan",1155848.40,9.13,84,Active,2024-10-09
LOAN0000842,CUST066046,ACC0040101,"Personal Loan",1640353.55,15.50,24,Active,2022-12-25
LOAN0000843,CUST098013,ACC0061338,"Personal Loan",2643383.01,13.19,0,Active,2023-05-15
LOAN0000844,CUST011428,ACC0116928,"Business Loan",2501805.99,8.03,84,Unknown,2024-03-01
LOAN0000845,CUST047869,ACC0077605,"Personal Loan",2205906.81,13.48,60,Unknown,2025-08-04
LOAN0000846,CUST059555,ACC0036703,"Home Loan",3441274.88,0.00,24,Active,2025-09-09
LOAN0000847,CUST033079,ACC0105259,"Car Loan",4268381.48,16.17,0,Unknown,2024-11-20
LOAN0000848,CUST015459,ACC0059665,"Car Loan",82118.85,6.83,48,Unknown,2022-09-04
LOAN0000849,CUST001466,ACC0100326,"Home Loan",2273319.87,9.03,60,Defaulted,2023-02-22
LOAN0000850,CUST002975,ACC0117841,"Personal Loan",2398695.71,14.42,36,Active,2024-11-19
LOAN0000851,CUST080818,ACC0024181,"Business Loan",1875263.59,10.11,12,Pending,2024-06-22
LOAN0000852,CUST038827,ACC0058064,"Education Loan",328771.87,17.93,36,Active,2025-06-26
LOAN0000853,CUST072295,ACC0108199,"Car Loan",2747495.50,11.23,120,Defaulted,2025-06-29
LOAN0000854,CUST045864,ACC0073934,"Business Loan",570424.94,17.70,36,Active,2022-08-28
LOAN0000855,CUST059182,ACC0094543,"Car Loan",1201777.95,10.14,60,Unknown,2025-02-25
LOAN0000856,CUST057773,ACC0080933,"Business Loan",1462783.81,16.94,36,Active,2025-06-28
LOAN0000857,CUST009061,ACC0116464,"Business Loan",3210164.34,8.48,84,Defaulted,2022-06-02
LOAN0000858,CUST094712,ACC0018663,"Personal Loan",2708330.87,7.14,120,Defaulted,2025-07-26
LOAN0000859,CUST047117,ACC0073616,"Car Loan",4113201.89,13.07,60,Active,2025-07-03
LOAN0000860,CUST020298,ACC0021468,"Car Loan",1849522.63,8.43,84,Unknown,2024-01-13
LOAN0000861,CUST040240,ACC0019147,"Home Loan",849258.78,13.87,12,Active,2024-05-16
LOAN0000862,CUST097632,ACC0078809,"Business Loan",2887284.09,7.23,0,Closed,2025-04-15
LOAN0000863,CUST020344,ACC0017118,"Personal Loan",273964.61,7.00,0,Unknown,2025-05-24
LOAN0000864,CUST033891,ACC0089221,"Business Loan",4978703.55,7.78,0,Pending,2022-02-20
LOAN0000865,CUST048084,ACC0048990,"Car Loan",3277366.39,13.03,0,Active,2024-06-22
LOAN0000866,CUST000270,ACC0095056,"Education Loan",4675567.42,13.84,36,Defaulted,2023-05-26
LOAN0000867,CUST061533,ACC0099195,"Education Loan",4764038.00,17.66,60,Closed,2025-10-31
LOAN0000868,CUST057306,ACC0077466,"Home Loan",2481442.94,17.20,84,Closed,2022-01-22
LOAN0000869,CUST099956,ACC0061855,"Home Loan",2818955.08,8.58,36,Pending,2022-05-06
LOAN0000870,CUST007670,ACC0075727,"Car Loan",4674774.43,7.57,36,Unknown,2022-03-30
LOAN0000871,CUST011213,ACC0099147,"Car Loan",2938440.65,13.50,84,Defaulted,2022-02-08
LOAN0000872,CUST087966,ACC0068910,"Education Loan",2367072.94,8.68,84,Pending,2022-03-05
LOAN0000873,CUST024680,ACC0003729,"Business Loan",2786082.43,6.69,120,Pending,2022-04-14
LOAN0000874,CUST010512,ACC0015494,"Business Loan",2948048.95,10.80,48,Unknown,2024-07-22
LOAN0000875,CUST090957,ACC0004081,"Education Loan",372678.51,16.12,60,Pending,2023-01-23
LOAN0000876,CUST091236,ACC0116463,"Home Loan",4666100.91,6.28,84,Active,2024-04-08
LOAN0000877,CUST076961,ACC0005778,"Personal Loan",4008039.31,6.73,120,Pending,2025-03-14
LOAN0000878,CUST076043,ACC0047553,"Home Loan",2061058.64,17.02,84,Active,2022-10-10
LOAN0000879,CUST033882,ACC0008047,"Home Loan",3159436.56,8.54,84,Pending,2022-02-11
LOAN0000880,CUST008941,ACC0100000,"Car Loan",1476280.09,11.31,36,Defaulted,2024-12-06
LOAN0000881,CUST038713,ACC0077142,"Education Loan",143427.52,16.83,0,Defaulted,2022-04-04
LOAN0000882,CUST029101,ACC0088564,"Personal Loan",2634912.88,15.73,60,Active,2023-03-30
LOAN0000883,CUST074854,ACC0027223,"Home Loan",4976089.78,17.03,84,Defaulted,2023-11-19
LOAN0000884,CUST025257,ACC0020543,"Home Loan",2412299.45,14.03,120,Unknown,2022-01-11
LOAN0000885,CUST040238,ACC0123525,"Personal Loan",2170732.94,11.91,0,Defaulted,2022-02-10
LOAN0000886,CUST083852,ACC0071128,"Home Loan",4936659.35,10.22,24,Closed,2022-05-31
LOAN0000887,CUST037944,ACC0080069,"Home Loan",833891.11,6.56,60,Active,2023-11-07
LOAN0000888,CUST078498,ACC0098107,"Car Loan",3174006.54,11.96,84,Pending,2023-06-24
LOAN0000889,CUST004196,ACC0001339,"Personal Loan",349012.02,7.14,84,Pending,2022-04-27
LOAN0000890,CUST061320,ACC0031656,"Education Loan",2606513.19,14.27,0,Active,2022-09-04
LOAN0000891,CUST008752,ACC0069857,"Education Loan",2087650.33,13.55,0,Defaulted,2022-01-24
LOAN0000892,CUST027673,ACC0063618,"Personal Loan",4762100.30,13.58,36,Unknown,2022-03-02
LOAN0000893,CUST083593,ACC0021755,"Home Loan",1716739.48,14.62,48,Active,2023-04-03
LOAN0000894,CUST082436,ACC0088695,"Personal Loan",135309.47,15.55,48,Defaulted,2025-01-27
LOAN0000895,CUST014010,ACC0115721,"Education Loan",1632872.07,13.27,12,Pending,2025-05-12
LOAN0000896,CUST044687,ACC0035955,"Car Loan",132262.25,15.41,60,Defaulted,2023-02-05
LOAN0000897,CUST079481,ACC0115907,"Car Loan",3182550.31,8.85,48,Active,2025-07-22
LOAN0000898,CUST058582,ACC0111672,"Home Loan",2951928.23,7.81,60,Pending,2023-05-16
LOAN0000899,CUST050644,ACC0013100,"Personal Loan",1008445.73,13.20,0,Unknown,2024-02-22
LOAN0000900,CUST063536,ACC0071654,"Car Loan",4647470.54,16.15,0,Active,2025-10-27
LOAN0000901,CUST001366,ACC0126058,"Education Loan",911359.83,6.43,0,Defaulted,2022-05-22
LOAN0000902,CUST058482,ACC0016062,"Education Loan",1393554.77,12.62,36,Pending,2022-07-03
LOAN0000903,CUST084460,ACC0081403,"Business Loan",4432037.63,17.96,60,Pending,2025-07-08
LOAN0000904,CUST004368,ACC0049990,"Education Loan",1200346.98,11.99,0,Unknown,2023-10-23
LOAN0000905,CUST097128,ACC0049250,"Business Loan",2965162.98,14.99,12,Defaulted,2024-08-26
LOAN0000906,CUST054179,ACC0019578,"Car Loan",4947303.63,13.70,36,Defaulted,2022-04-26
LOAN0000907,CUST094972,ACC0067393,"Education Loan",971198.96,11.32,84,Active,2024-05-30
LOAN0000908,CUST001297,ACC0080156,"Car Loan",3277390.98,10.52,60,Pending,2024-07-05
LOAN0000909,CUST085483,ACC0068793,"Car Loan",3370674.09,14.20,12,Unknown,2025-11-28
LOAN0000910,CUST027982,ACC0006905,"Home Loan",3214822.51,9.72,120,Active,2023-07-30
LOAN0000911,CUST031179,ACC0062489,"Business Loan",3023405.16,14.11,0,Active,2024-05-15
LOAN0000912,CUST022394,ACC0015002,"Business Loan",2027724.80,12.52,12,Pending,2023-11-02
LOAN0000913,CUST048084,ACC0126229,"Business Loan",4935146.98,7.60,0,Active,2024-04-30
LOAN0000914,CUST044852,ACC0009882,"Car Loan",3735330.66,11.62,24,Pending,2023-02-10
LOAN0000915,CUST015066,ACC0073864,"Home Loan",4487082.88,11.51,120,Defaulted,2023-10-30
LOAN0000916,CUST095353,ACC0065975,"Business Loan",1624581.62,25.00,120,Defaulted,2023-06-30
LOAN0000917,CUST027403,ACC0115271,"Education Loan",1944328.72,14.21,60,Defaulted,2025-12-13
LOAN0000918,CUST010762,ACC0062262,"Home Loan",2487361.13,10.58,36,Closed,2024-08-19
LOAN0000919,CUST002243,ACC0001470,"Business Loan",3967964.83,17.84,48,Closed,2023-03-05
LOAN0000920,CUST012300,ACC0110672,"Home Loan",4273118.76,10.85,24,Closed,2025-04-08
LOAN0000921,CUST086229,ACC0019989,"Education Loan",829218.43,6.58,12,Defaulted,2024-03-16
LOAN0000922,CUST093805,ACC0056214,"Business Loan",3405940.39,17.17,48,Active,2024-02-23
LOAN0000923,CUST086195,ACC0041841,"Business Loan",975873.28,10.52,24,Pending,2023-01-09
LOAN0000924,CUST093607,ACC0002334,"Education Loan",3991036.92,6.51,60,Unknown,2023-11-15
LOAN0000925,CUST079085,ACC0035437,"Car Loan",2642156.55,8.72,36,Defaulted,2025-02-11
LOAN0000926,CUST048518,ACC0035497,"Personal Loan",4011229.10,9.77,24,Active,2022-01-07
LOAN0000927,CUST081442,ACC0121139,"Personal Loan",1268739.00,9.80,48,Defaulted,2025-10-01
LOAN0000928,CUST098344,ACC0001463,"Business Loan",2477599.42,13.85,0,Closed,2023-04-07
LOAN0000929,CUST046541,ACC0088205,"Business Loan",3094274.53,12.96,120,Active,2022-05-15
LOAN0000930,CUST067425,ACC0060698,"Education Loan",4081703.11,17.77,48,Unknown,2022-12-30
LOAN0000931,CUST038804,ACC0093763,"Personal Loan",3290770.86,8.26,84,Unknown,2024-12-09
LOAN0000932,CUST022529,ACC0070067,"Business Loan",3166609.25,8.02,24,Active,2025-10-24
LOAN0000933,CUST021384,ACC0088175,"Personal Loan",2578862.95,9.72,24,Defaulted,2022-08-26
LOAN0000934,CUST098510,ACC0080568,"Home Loan",418612.39,13.54,0,Closed,2022-04-06
LOAN0000935,CUST008086,ACC0047203,"Home Loan",874006.40,17.42,12,Closed,2025-01-30
LOAN0000936,CUST021281,ACC0086440,"Home Loan",2086681.65,9.38,60,Pending,2025-11-03
LOAN0000937,CUST049242,ACC0106650,"Personal Loan",3620529.25,17.94,60,Unknown,2022-07-13
LOAN0000938,CUST020510,ACC0052076,"Personal Loan",69545.44,15.70,24,Unknown,2023-09-02
LOAN0000939,CUST099506,ACC0076123,"Education Loan",1005482.15,11.57,84,Defaulted,2022-05-18
LOAN0000940,CUST086706,ACC0007314,"Personal Loan",4287196.28,14.24,60,Active,2024-10-19
LOAN0000941,CUST056452,ACC0032960,"Personal Loan",498099.99,17.01,120,Unknown,2025-07-12
LOAN0000942,CUST075963,ACC0084933,"Business Loan",981162.79,14.53,48,Unknown,2025-09-10
LOAN0000943,CUST016827,ACC0100670,"Home Loan",3037352.24,8.67,36,Active,2022-01-06
LOAN0000944,CUST019952,ACC0029763,"Home Loan",1477186.43,16.09,84,Active,2023-01-12
LOAN0000945,CUST004812,ACC0119530,"Home Loan",522137.20,6.07,60,Closed,2023-07-26
LOAN0000946,CUST003949,ACC0021273,"Car Loan",3968333.17,13.81,0,Closed,2022-10-18
LOAN0000947,CUST006993,ACC0007663,"Personal Loan",2725550.67,7.42,24,Pending,2022-05-16
LOAN0000948,CUST012609,ACC0015533,"Car Loan",2597205.97,17.28,0,Active,2024-09-14
LOAN0000949,CUST041522,ACC0039888,"Education Loan",3737965.87,17.77,0,Active,2024-03-01
LOAN0000950,CUST017951,ACC0118390,"Home Loan",4313567.62,10.95,120,Unknown,2022-10-16
LOAN0000951,CUST045704,ACC0120404,"Home Loan",771003.50,25.00,24,Pending,2023-10-01
LOAN0000952,CUST086146,ACC0067929,"Education Loan",2074500.85,13.43,48,Defaulted,2025-05-28
LOAN0000953,CUST009283,ACC0060729,"Business Loan",1573610.62,16.86,0,Pending,2023-04-30
LOAN0000954,CUST056871,ACC0085905,"Car Loan",407475.16,6.66,24,Active,2023-03-04
LOAN0000955,CUST072300,ACC0110653,"Personal Loan",3761845.22,15.03,48,Defaulted,2024-03-31
LOAN0000956,CUST059676,ACC0041760,"Home Loan",939658.76,6.01,24,Closed,2022-04-06
LOAN0000957,CUST078730,ACC0012902,"Business Loan",2946813.66,16.49,24,Closed,2025-04-30
LOAN0000958,CUST054875,ACC0036242,"Home Loan",3796344.61,6.46,0,Pending,2022-12-27
LOAN0000959,CUST005467,ACC0119451,"Education Loan",2262425.67,16.11,84,Active,2023-06-19
LOAN0000960,CUST048940,ACC0079647,"Business Loan",2788233.34,13.65,60,Unknown,2025-06-13
LOAN0000961,CUST047121,ACC0075815,"Personal Loan",1983909.20,10.35,12,Unknown,2022-03-09
LOAN0000962,CUST096227,ACC0125987,"Business Loan",2413862.64,16.61,36,Defaulted,2024-05-11
LOAN0000963,CUST074500,ACC0034401,"Business Loan",963694.53,8.33,84,Active,2023-02-14
LOAN0000964,CUST032949,ACC0037827,"Personal Loan",4098845.75,11.82,24,Closed,2024-07-31
LOAN0000965,CUST062949,ACC0071555,"Business Loan",1259234.43,11.89,120,Unknown,2023-11-17
LOAN0000966,CUST011351,ACC0086259,"Home Loan",4312967.12,15.17,0,Unknown,2024-11-28
LOAN0000967,CUST011098,ACC0070977,"Car Loan",4658666.63,15.11,24,Closed,2022-03-31
LOAN0000968,CUST046838,ACC0014117,"Business Loan",2443726.37,14.86,12,Active,2022-07-17
LOAN0000969,CUST013663,ACC0090127,"Home Loan",2292553.62,11.44,60,Pending,2023-04-15
LOAN0000970,CUST057994,ACC0030721,"Home Loan",3761034.16,15.22,84,Unknown,2022-12-22
LOAN0000971,CUST056289,ACC0011788,"Car Loan",1728039.09,15.27,36,Pending,2022-09-12
LOAN0000972,CUST098929,ACC0093607,"Home Loan",457406.76,8.90,60,Active,2024-04-07
LOAN0000973,CUST046182,ACC0114303,"Business Loan",261134.88,17.31,120,Unknown,2022-01-31
LOAN0000974,CUST090521,ACC0089572,"Car Loan",3240501.61,9.16,12,Closed,2025-01-13
LOAN0000975,CUST096478,ACC0072641,"Business Loan",2304044.56,14.12,120,Pending,2024-11-04
LOAN0000976,CUST096319,ACC0045186,"Education Loan",1062330.44,9.63,12,Pending,2022-03-01
LOAN0000977,CUST080894,ACC0033486,"Personal Loan",1029941.95,6.63,84,Active,2025-09-16
LOAN0000978,CUST068270,ACC0068433,"Business Loan",1834505.18,10.04,0,Pending,2023-04-24
LOAN0000979,CUST059688,ACC0123728,"Personal Loan",3956970.07,9.82,12,Pending,2024-10-02
LOAN0000980,CUST051871,ACC0048636,"Car Loan",3074504.92,12.98,24,Active,2025-07-08
LOAN0000981,CUST000273,ACC0112287,"Education Loan",1179236.53,11.52,84,Unknown,2023-01-24
LOAN0000982,CUST093584,ACC0082728,"Personal Loan",2130472.20,6.62,12,Closed,2022-10-04
LOAN0000983,CUST092418,ACC0033631,"Home Loan",657498.43,11.56,0,Active,2023-07-14
LOAN0000984,CUST042234,ACC0111205,"Business Loan",2947467.66,14.16,0,Defaulted,2022-06-17
LOAN0000985,CUST030630,ACC0078132,"Personal Loan",547359.93,11.60,36,Pending,2023-02-19
LOAN0000986,CUST078014,ACC0001056,"Education Loan",NULL,11.21,0,Unknown,2023-12-05
LOAN0000987,CUST097480,ACC0090347,"Home Loan",3260460.79,12.79,84,Active,2025-10-04
LOAN0000988,CUST096132,ACC0044664,"Car Loan",4355474.85,6.99,24,Unknown,2025-03-13
LOAN0000989,CUST023866,ACC0125005,"Personal Loan",3534789.08,6.45,84,Active,2025-11-19
LOAN0000990,CUST019727,ACC0023505,"Personal Loan",644594.31,17.80,84,Pending,2025-10-20
LOAN0000991,CUST030558,ACC0012340,"Education Loan",2645298.25,14.99,0,Defaulted,2022-08-09
LOAN0000992,CUST035417,ACC0002409,"Education Loan",1007556.53,15.79,48,Closed,2024-04-16
LOAN0000993,CUST002466,ACC0038471,"Car Loan",3072846.05,7.67,0,Unknown,2025-08-13
LOAN0000994,CUST037145,ACC0106136,"Home Loan",1655226.18,10.62,24,Active,2024-12-22
LOAN0000995,CUST046845,ACC0067884,"Education Loan",997788.97,9.13,84,Defaulted,2025-06-23
LOAN0000996,CUST064120,ACC0048471,"Home Loan",1019799.35,12.52,0,Defaulted,2024-12-25
LOAN0000997,CUST065736,ACC0074936,"Business Loan",4560126.10,8.53,60,Unknown,2022-09-27
LOAN0000998,CUST035978,ACC0114461,"Home Loan",4799640.45,14.84,36,Defaulted,2024-07-14
LOAN0000999,CUST054901,ACC0014485,"Home Loan",3466729.31,6.91,0,Unknown,2024-05-20
LOAN0001000,CUST038140,ACC0118273,"Education Loan",3062550.08,6.01,0,Active,2023-10-28
