Branch_ID,Branch_Name,Emp_Count,Avg_Salary
BR0252,"Chandigarh Branch 252",30,110173.43
BR0392,"Pune Branch 392",30,85345.67
BR0543,"Surat Branch 543",22,115506.22
BR0328,"Chennai Branch 328",21,105423.46
BR0436,"Indore Branch 436",21,90568.09
BR0326,"Chennai Branch 326",20,97417.31
BR0395,"Lucknow Branch 395",20,98453.56
BR0451,"Alwar Branch 451",20,99522.93
BR0637,"Delhi Branch 637",20,76459.56
BR0751,"Pune Branch 751",20,97956.35
BR0935,"Chandigarh Branch 935",20,121484.18
BR0128,"Chandigarh Branch 128",19,95000.96
BR0423,"Lucknow Branch 423",19,105869.99
BR0502,"Delhi Branch 502",19,101407.24
BR0653,"Jodhpur Branch 653",19,109293.45
BR0747,"Kolkata Branch 747",19,95674.13
BR0928,"Kolkata Branch 928",19,115106.28
BR0057,"Surat Branch 57",18,105586.71
BR0232,"Pune Branch 232",18,79386.84
BR0284,"Chandigarh Branch 284",18,109121.74
BR0329,"Chandigarh Branch 329",18,100117.36
BR0377,"Ahmedabad Branch 377",18,99177.84
BR0437,"Pune Branch 437",18,86447.52
BR0441,"Udaipur Branch 441",18,93928.35
BR0605,"Pune Branch 605",18,91240.69
BR0608,"Alwar Branch 608",18,88064.23
BR0036,"Chennai Branch 36",17,100462.87
BR0148,"Hyderabad Branch 148",17,92206.83
BR0197,"Lucknow Branch 197",17,98374.45
BR0285,"Surat Branch 285",17,103681.95
BR0367,"Bengaluru Branch 367",17,77041.92
BR0515,"Udaipur Branch 515",17,105746.12
BR0531,"Jodhpur Branch 531",17,101977.63
BR0550,"Kota Branch 550",17,89388.96
BR0659,"Bhopal Branch 659",17,110622.70
BR0779,"Alwar Branch 779",17,97443.45
BR0801,"Pune Branch 801",17,104195.68
BR0035,"Chandigarh Branch 35",16,106758.70
BR0058,"Kota Branch 58",16,69065.42
BR0118,"Indore Branch 118",16,97835.48
BR0316,"Bhopal Branch 316",16,116311.32
BR0458,"Chennai Branch 458",16,80699.71
BR0509,"Indore Branch 509",16,108369.95
BR0522,"Lucknow Branch 522",16,87978.75
BR0534,"Bengaluru Branch 534",16,92749.13
BR0539,"Indore Branch 539",16,80927.47
BR0560,"Alwar Branch 560",16,106076.98
BR0569,"Mumbai Branch 569",16,89695.08
BR0612,"Delhi Branch 612",16,114418.53
BR0651,"Kota Branch 651",16,90077.01
BR0660,"Bhopal Branch 660",16,110596.48
BR0726,"Alwar Branch 726",16,109814.45
BR0749,"Lucknow Branch 749",16,101356.64
BR0754,"Chandigarh Branch 754",16,98669.85
BR0758,"Pune Branch 758",16,125518.14
BR0920,"Hyderabad Branch 920",16,130846.11
BR0074,"Bhopal Branch 74",15,107818.36
BR0122,"Chennai Branch 122",15,94730.95
BR0125,"Chandigarh Branch 125",15,107947.48
BR0129,"Delhi Branch 129",15,102096.08
BR0133,"Pune Branch 133",15,87817.41
BR0176,"Alwar Branch 176",15,98234.21
BR0245,"Surat Branch 245",15,87886.14
BR0257,"Alwar Branch 257",15,104405.99
BR0295,"Delhi Branch 295",15,124384.66
BR0356,"Pune Branch 356",15,98431.23
BR0360,"Delhi Branch 360",15,107460.62
BR0368,"Hyderabad Branch 368",15,97710.35
BR0546,"Udaipur Branch 546",15,107623.95
BR0602,"Jodhpur Branch 602",15,83086.18
BR0681,"Mumbai Branch 681",15,91397.01
BR0710,"Bengaluru Branch 710",15,102110.24
BR0735,"Delhi Branch 735",15,89033.74
BR0739,"Jodhpur Branch 739",15,104165.72
BR0883,"Lucknow Branch 883",15,108585.63
BR0898,"Chandigarh Branch 898",15,112733.64
BR0937,"Jodhpur Branch 937",15,123086.00
BR0945,"Bhopal Branch 945",15,120578.09
BR0954,"Kolkata Branch 954",15,91381.40
BR0955,"Kolkata Branch 955",15,86478.80
BR0960,"Lucknow Branch 960",15,104914.71
BR0009,"Surat Branch 9",14,92680.43
BR0010,"Pune Branch 10",14,97570.74
BR0051,"Chandigarh Branch 51",14,91361.24
BR0085,"Surat Branch 85",14,97567.30
BR0112,"Bhopal Branch 112",14,114772.85
BR0132,"Udaipur Branch 132",14,75762.26
BR0143,"Bhopal Branch 143",14,87394.44
BR0165,"Ahmedabad Branch 165",14,76759.52
BR0168,"Chandigarh Branch 168",14,99611.24
BR0181,"Lucknow Branch 181",14,111682.82
BR0189,"Chandigarh Branch 189",14,99319.52
BR0218,"Alwar Branch 218",14,86324.80
BR0261,"Bengaluru Branch 261",14,97069.07
BR0266,"Mumbai Branch 266",14,110596.24
BR0280,"Jaipur Branch 280",14,86534.11
BR0290,"Bengaluru Branch 290",14,89109.81
BR0299,"Lucknow Branch 299",14,99315.67
BR0302,"Chennai Branch 302",14,116645.78
BR0318,"Udaipur Branch 318",14,113331.11
BR0320,"Alwar Branch 320",14,95882.40
BR0351,"Lucknow Branch 351",14,82138.48
BR0370,"Udaipur Branch 370",14,90045.09
BR0425,"Kota Branch 425",14,96814.01
BR0434,"Hyderabad Branch 434",14,71819.16
BR0443,"Lucknow Branch 443",14,91460.74
BR0448,"Pune Branch 448",14,137137.06
BR0493,"Jodhpur Branch 493",14,90972.72
BR0504,"Jodhpur Branch 504",14,105015.04
BR0506,"Lucknow Branch 506",14,111652.45
BR0517,"Kolkata Branch 517",14,94734.88
BR0529,"Udaipur Branch 529",14,85953.51
BR0544,"Hyderabad Branch 544",14,111654.75
BR0547,"Lucknow Branch 547",14,83313.94
BR0567,"Jodhpur Branch 567",14,92268.32
BR0592,"Pune Branch 592",14,112807.05
BR0593,"Delhi Branch 593",14,101455.42
BR0603,"Delhi Branch 603",14,105001.62
BR0619,"Mumbai Branch 619",14,81993.36
BR0636,"Hyderabad Branch 636",14,92019.04
BR0645,"Jaipur Branch 645",14,90848.15
BR0657,"Jodhpur Branch 657",14,107184.67
BR0685,"Hyderabad Branch 685",14,101193.24
BR0692,"Bengaluru Branch 692",14,109169.40
BR0698,"Hyderabad Branch 698",14,86823.44
BR0708,"Indore Branch 708",14,117823.79
BR0712,"Ahmedabad Branch 712",14,73718.94
BR0722,"Kolkata Branch 722",14,98553.22
BR0736,"Udaipur Branch 736",14,96860.76
BR0767,"Ahmedabad Branch 767",14,108180.85
BR0768,"Mumbai Branch 768",14,84506.87
BR0828,"Jodhpur Branch 828",14,96759.99
BR0829,"Mumbai Branch 829",14,108200.94
BR0839,"Mumbai Branch 839",14,86759.58
BR0850,"Pune Branch 850",14,118983.49
BR0860,"Udaipur Branch 860",14,103685.58
BR0869,"Lucknow Branch 869",14,92455.14
BR0900,"Chandigarh Branch 900",14,105709.87
BR0906,"Jodhpur Branch 906",14,110293.33
BR0926,"Ahmedabad Branch 926",14,86269.72
BR0940,"Bhopal Branch 940",14,117348.87
BR0959,"Hyderabad Branch 959",14,101323.85
BR0003,"Pune Branch 3",13,102084.50
BR0004,"Pune Branch 4",13,80368.68
BR0005,"Chennai Branch 5",13,81685.24
BR0008,"Jodhpur Branch 8",13,105851.74
BR0026,"Bengaluru Branch 26",13,120911.70
BR0033,"Pune Branch 33",13,94964.16
BR0049,"Surat Branch 49",13,105310.59
BR0061,"Hyderabad Branch 61",13,117712.60
BR0075,"Surat Branch 75",13,87295.66
BR0097,"Kolkata Branch 97",13,95740.22
BR0098,"Jodhpur Branch 98",13,76319.80
BR0108,"Pune Branch 108",13,91884.08
BR0110,"Indore Branch 110",13,91223.49
BR0116,"Kota Branch 116",13,100059.48
BR0152,"Kota Branch 152",13,112320.39
BR0163,"Surat Branch 163",13,110333.83
BR0201,"Pune Branch 201",13,102511.01
BR0207,"Bengaluru Branch 207",13,89804.34
BR0235,"Pune Branch 235",13,94668.58
BR0246,"Lucknow Branch 246",13,84611.32
BR0253,"Alwar Branch 253",13,96516.04
BR0277,"Lucknow Branch 277",13,109281.62
BR0278,"Mumbai Branch 278",13,115631.81
BR0294,"Kota Branch 294",13,107222.32
BR0301,"Bhopal Branch 301",13,98393.06
BR0308,"Pune Branch 308",13,76668.55
BR0311,"Ahmedabad Branch 311",13,95581.69
BR0312,"Kolkata Branch 312",13,95946.18
BR0323,"Kota Branch 323",13,101154.82
BR0339,"Jaipur Branch 339",13,78700.58
BR0349,"Surat Branch 349",13,90011.30
BR0352,"Kolkata Branch 352",13,119354.56
BR0366,"Indore Branch 366",13,83883.39
BR0401,"Chennai Branch 401",13,94963.14
BR0438,"Delhi Branch 438",13,96012.64
BR0455,"Ahmedabad Branch 455",13,76661.38
BR0465,"Bengaluru Branch 465",13,98021.76
BR0513,"Indore Branch 513",13,101175.37
BR0523,"Alwar Branch 523",13,112457.13
BR0526,"Kolkata Branch 526",13,99068.10
BR0538,"Indore Branch 538",13,80376.07
BR0601,"Lucknow Branch 601",13,124902.77
BR0609,"Hyderabad Branch 609",13,87755.76
BR0613,"Alwar Branch 613",13,102028.03
BR0663,"Lucknow Branch 663",13,81741.38
BR0666,"Kota Branch 666",13,99898.42
BR0687,"Indore Branch 687",13,98581.26
BR0705,"Lucknow Branch 705",13,69353.46
BR0713,"Jaipur Branch 713",13,112961.94
BR0720,"Surat Branch 720",13,105812.50
BR0731,"Jaipur Branch 731",13,96508.46
BR0737,"Surat Branch 737",13,95289.75
BR0746,"Mumbai Branch 746",13,90726.67
BR0752,"Jaipur Branch 752",13,87249.66
BR0757,"Chandigarh Branch 757",13,93017.80
BR0762,"Chennai Branch 762",13,106511.53
BR0774,"Kota Branch 774",13,73887.15
BR0780,"Pune Branch 780",13,101537.23
BR0788,"Ahmedabad Branch 788",13,100222.95
BR0790,"Lucknow Branch 790",13,112671.01
BR0794,"Jaipur Branch 794",13,99235.50
BR0798,"Bengaluru Branch 798",13,100121.19
BR0808,"Jaipur Branch 808",13,93960.74
BR0823,"Chennai Branch 823",13,91225.24
BR0832,"Bhopal Branch 832",13,93023.07
BR0837,"Bhopal Branch 837",13,106236.04
BR0849,"Jaipur Branch 849",13,118286.17
BR0886,"Pune Branch 886",13,67802.79
BR0901,"Kota Branch 901",13,132696.60
BR0902,"Chandigarh Branch 902",13,102443.24
BR0903,"Pune Branch 903",13,109190.80
BR0915,"Bhopal Branch 915",13,85305.25
BR0916,"Bengaluru Branch 916",13,94277.37
BR0917,"Delhi Branch 917",13,103569.38
BR0927,"Jaipur Branch 927",13,98440.82
BR0934,"Hyderabad Branch 934",13,123385.12
BR0949,"Lucknow Branch 949",13,91673.90
BR0975,"Delhi Branch 975",13,84397.63
BR0001,"Jodhpur Branch 1",12,97629.22
BR0013,"Chennai Branch 13",12,123067.22
BR0038,"Alwar Branch 38",12,87724.05
BR0041,"Bengaluru Branch 41",12,99850.65
BR0048,"Delhi Branch 48",12,96758.66
BR0059,"Surat Branch 59",12,96770.89
BR0063,"Mumbai Branch 63",12,107134.06
BR0064,"Udaipur Branch 64",12,96917.03
BR0068,"Chandigarh Branch 68",12,108321.79
BR0080,"Delhi Branch 80",12,101572.16
BR0099,"Surat Branch 99",12,95724.71
BR0103,"Mumbai Branch 103",12,90016.33
BR0139,"Bengaluru Branch 139",12,119082.32
BR0142,"Bhopal Branch 142",12,87690.44
BR0146,"Indore Branch 146",12,87378.06
BR0153,"Kolkata Branch 153",12,94251.93
BR0169,"Hyderabad Branch 169",12,69626.06
BR0170,"Lucknow Branch 170",12,115607.29
BR0221,"Mumbai Branch 221",12,102505.87
BR0222,"Chandigarh Branch 222",12,109656.61
BR0223,"Lucknow Branch 223",12,100871.60
BR0224,"Delhi Branch 224",12,94220.25
BR0239,"Udaipur Branch 239",12,106646.67
BR0250,"Indore Branch 250",12,99679.91
BR0263,"Surat Branch 263",12,103487.97
BR0267,"Udaipur Branch 267",12,93165.42
BR0268,"Chennai Branch 268",12,104142.91
BR0272,"Chandigarh Branch 272",12,93764.01
BR0289,"Pune Branch 289",12,103253.90
BR0340,"Jaipur Branch 340",12,108946.49
BR0341,"Kolkata Branch 341",12,126282.15
BR0346,"Bengaluru Branch 346",12,114958.85
BR0347,"Indore Branch 347",12,91289.44
BR0363,"Kota Branch 363",12,86207.24
BR0369,"Ahmedabad Branch 369",12,105562.94
BR0373,"Indore Branch 373",12,109370.75
BR0376,"Hyderabad Branch 376",12,100228.15
BR0378,"Indore Branch 378",12,87206.72
BR0380,"Lucknow Branch 380",12,115724.19
BR0382,"Chennai Branch 382",12,125582.01
BR0399,"Delhi Branch 399",12,113062.84
BR0404,"Delhi Branch 404",12,99853.98
BR0406,"Bengaluru Branch 406",12,107531.06
BR0407,"Alwar Branch 407",12,84597.84
BR0439,"Lucknow Branch 439",12,116357.97
BR0442,"Jodhpur Branch 442",12,87509.37
BR0462,"Indore Branch 462",12,97612.50
BR0477,"Kolkata Branch 477",12,84394.41
BR0494,"Alwar Branch 494",12,91420.97
BR0521,"Mumbai Branch 521",12,94622.90
BR0525,"Bengaluru Branch 525",12,94905.57
BR0533,"Lucknow Branch 533",12,123338.70
BR0536,"Kolkata Branch 536",12,95727.32
BR0561,"Bengaluru Branch 561",12,121030.93
BR0566,"Ahmedabad Branch 566",12,70104.01
BR0571,"Surat Branch 571",12,116359.97
BR0572,"Kota Branch 572",12,96032.24
BR0574,"Kolkata Branch 574",12,91992.26
BR0578,"Bengaluru Branch 578",12,93322.87
BR0579,"Delhi Branch 579",12,108571.40
BR0596,"Chennai Branch 596",12,83438.56
BR0597,"Alwar Branch 597",12,105401.24
BR0599,"Ahmedabad Branch 599",12,108115.08
BR0600,"Kolkata Branch 600",12,90203.00
BR0620,"Bengaluru Branch 620",12,112572.06
BR0638,"Bengaluru Branch 638",12,83190.93
BR0641,"Surat Branch 641",12,86054.22
BR0654,"Alwar Branch 654",12,108898.77
BR0655,"Surat Branch 655",12,95414.52
BR0665,"Chandigarh Branch 665",12,79858.29
BR0670,"Hyderabad Branch 670",12,99366.81
BR0691,"Pune Branch 691",12,100424.56
BR0727,"Chandigarh Branch 727",12,100054.04
BR0732,"Alwar Branch 732",12,104639.09
BR0734,"Chennai Branch 734",12,117378.19
BR0763,"Bhopal Branch 763",12,92700.67
BR0764,"Alwar Branch 764",12,96066.52
BR0765,"Chandigarh Branch 765",12,69300.21
BR0775,"Udaipur Branch 775",12,110621.57
BR0776,"Lucknow Branch 776",12,85156.96
BR0782,"Indore Branch 782",12,78504.37
BR0783,"Jaipur Branch 783",12,84017.49
BR0793,"Udaipur Branch 793",12,105834.20
BR0803,"Kota Branch 803",12,100765.62
BR0811,"Jodhpur Branch 811",12,88212.07
BR0812,"Mumbai Branch 812",12,99530.15
BR0821,"Indore Branch 821",12,114475.35
BR0824,"Pune Branch 824",12,96633.56
BR0825,"Chandigarh Branch 825",12,109901.98
BR0835,"Chennai Branch 835",12,115844.13
BR0843,"Delhi Branch 843",12,87784.29
BR0857,"Alwar Branch 857",12,104286.55
BR0862,"Bhopal Branch 862",12,111871.35
BR0879,"Lucknow Branch 879",12,85432.90
BR0899,"Indore Branch 899",12,83479.76
BR0918,"Lucknow Branch 918",12,91771.45
BR0919,"Mumbai Branch 919",12,79643.52
BR0933,"Surat Branch 933",12,88339.25
BR0952,"Chandigarh Branch 952",12,104910.93
BR0962,"Chennai Branch 962",12,92044.40
BR0970,"Indore Branch 970",12,92803.13
BR0973,"Mumbai Branch 973",12,95193.85
BR0976,"Mumbai Branch 976",12,101623.35
BR0978,"Chandigarh Branch 978",12,95216.12
BR0984,"Alwar Branch 984",12,88794.02
BR0998,"Lucknow Branch 998",12,85218.28
BR0002,"Mumbai Branch 2",11,102018.69
BR0017,"Hyderabad Branch 17",11,77038.60
BR0053,"Chennai Branch 53",11,93573.73
BR0062,"Chennai Branch 62",11,78846.06
BR0115,"Indore Branch 115",11,93097.11
BR0126,"Delhi Branch 126",11,92516.12
BR0127,"Mumbai Branch 127",11,91923.84
BR0134,"Chandigarh Branch 134",11,85188.08
BR0149,"Alwar Branch 149",11,129837.95
BR0155,"Delhi Branch 155",11,101181.87
BR0159,"Kolkata Branch 159",11,92047.16
BR0172,"Jaipur Branch 172",11,90616.24
BR0185,"Ahmedabad Branch 185",11,88767.00
BR0188,"Indore Branch 188",11,105798.67
BR0200,"Kolkata Branch 200",11,81007.70
BR0206,"Jodhpur Branch 206",11,107027.59
BR0208,"Hyderabad Branch 208",11,100812.70
BR0210,"Delhi Branch 210",11,114550.92
BR0213,"Kota Branch 213",11,135360.31
BR0215,"Chennai Branch 215",11,88856.31
BR0217,"Bengaluru Branch 217",11,96883.22
BR0225,"Pune Branch 225",11,81558.03
BR0234,"Ahmedabad Branch 234",11,85775.29
BR0237,"Kolkata Branch 237",11,93229.90
BR0264,"Mumbai Branch 264",11,94604.35
BR0296,"Jaipur Branch 296",11,82869.44
BR0306,"Jodhpur Branch 306",11,101953.88
BR0317,"Bhopal Branch 317",11,104111.80
BR0335,"Kota Branch 335",11,94067.42
BR0337,"Kolkata Branch 337",11,107310.18
BR0338,"Bhopal Branch 338",11,95746.36
BR0342,"Ahmedabad Branch 342",11,120133.37
BR0391,"Bengaluru Branch 391",11,86039.87
BR0393,"Kota Branch 393",11,105839.86
BR0396,"Kota Branch 396",11,103214.88
BR0400,"Chandigarh Branch 400",11,113455.58
BR0403,"Jaipur Branch 403",11,82702.64
BR0413,"Delhi Branch 413",11,93360.41
BR0415,"Mumbai Branch 415",11,97301.22
BR0422,"Bhopal Branch 422",11,108843.59
BR0427,"Bengaluru Branch 427",11,100644.02
BR0445,"Udaipur Branch 445",11,98897.66
BR0450,"Alwar Branch 450",11,113342.53
BR0474,"Chandigarh Branch 474",11,99900.00
BR0480,"Bhopal Branch 480",11,120103.62
BR0488,"Alwar Branch 488",11,109868.33
BR0500,"Surat Branch 500",11,104882.30
BR0514,"Alwar Branch 514",11,91129.15
BR0520,"Alwar Branch 520",11,120245.08
BR0541,"Jodhpur Branch 541",11,69576.52
BR0542,"Alwar Branch 542",11,80708.71
BR0562,"Kolkata Branch 562",11,85598.20
BR0581,"Chennai Branch 581",11,91203.07
BR0586,"Pune Branch 586",11,86498.89
BR0589,"Mumbai Branch 589",11,81369.89
BR0595,"Lucknow Branch 595",11,116368.05
BR0604,"Mumbai Branch 604",11,90764.56
BR0622,"Lucknow Branch 622",11,121029.96
BR0626,"Lucknow Branch 626",11,97253.15
BR0634,"Bhopal Branch 634",11,90376.54
BR0648,"Ahmedabad Branch 648",11,130547.06
BR0649,"Kolkata Branch 649",11,81638.80
BR0668,"Jodhpur Branch 668",11,86113.74
BR0675,"Surat Branch 675",11,125535.50
BR0680,"Indore Branch 680",11,112871.01
BR0686,"Ahmedabad Branch 686",11,82112.24
BR0721,"Jaipur Branch 721",11,98364.06
BR0724,"Delhi Branch 724",11,94163.50
BR0733,"Kolkata Branch 733",11,94319.14
BR0761,"Indore Branch 761",11,86996.96
BR0778,"Ahmedabad Branch 778",11,102502.86
BR0789,"Indore Branch 789",11,100612.16
BR0804,"Chandigarh Branch 804",11,120772.39
BR0810,"Mumbai Branch 810",11,83784.46
BR0813,"Mumbai Branch 813",11,102742.15
BR0814,"Alwar Branch 814",11,99017.85
BR0819,"Pune Branch 819",11,107224.09
BR0827,"Alwar Branch 827",11,87706.29
BR0833,"Alwar Branch 833",11,110474.58
BR0840,"Jaipur Branch 840",11,115895.97
BR0844,"Udaipur Branch 844",11,111386.08
BR0848,"Ahmedabad Branch 848",11,108121.70
BR0851,"Surat Branch 851",11,90604.21
BR0865,"Lucknow Branch 865",11,114481.36
BR0872,"Pune Branch 872",11,95665.30
BR0877,"Chandigarh Branch 877",11,101091.28
BR0878,"Kolkata Branch 878",11,85966.33
BR0881,"Udaipur Branch 881",11,73825.17
BR0885,"Chennai Branch 885",11,111715.10
BR0888,"Udaipur Branch 888",11,113315.85
BR0893,"Delhi Branch 893",11,112983.25
BR0895,"Hyderabad Branch 895",11,83439.45
BR0896,"Kolkata Branch 896",11,97975.55
BR0905,"Ahmedabad Branch 905",11,99755.78
BR0910,"Hyderabad Branch 910",11,99710.78
BR0911,"Delhi Branch 911",11,103023.40
BR0921,"Surat Branch 921",11,80346.01
BR0922,"Bengaluru Branch 922",11,73912.81
BR0923,"Ahmedabad Branch 923",11,99814.18
BR0931,"Chandigarh Branch 931",11,104893.04
BR0932,"Kota Branch 932",11,88761.28
BR0944,"Surat Branch 944",11,115777.33
BR0966,"Delhi Branch 966",11,93696.63
BR0968,"Kolkata Branch 968",11,89068.52
BR0979,"Delhi Branch 979",11,84110.53
BR0982,"Udaipur Branch 982",11,120136.37
BR0987,"Chennai Branch 987",11,98059.25
BR0993,"Chandigarh Branch 993",11,92288.79
BR1000,"Delhi Branch 1000",11,101725.61
BR0023,"Mumbai Branch 23",10,113653.95
BR0028,"Indore Branch 28",10,107831.27
BR0032,"Kota Branch 32",10,111514.43
BR0039,"Jaipur Branch 39",10,97223.74
BR0052,"Surat Branch 52",10,84448.14
BR0077,"Kolkata Branch 77",10,86463.89
BR0093,"Chennai Branch 93",10,74820.16
BR0095,"Chandigarh Branch 95",10,99297.40
BR0100,"Kolkata Branch 100",10,126149.72
BR0119,"Jodhpur Branch 119",10,98694.28
BR0136,"Bengaluru Branch 136",10,94642.35
BR0145,"Kota Branch 145",10,124260.05
BR0151,"Alwar Branch 151",10,101311.60
BR0166,"Mumbai Branch 166",10,89717.38
BR0167,"Jaipur Branch 167",10,112341.73
BR0173,"Indore Branch 173",10,86118.68
BR0175,"Kolkata Branch 175",10,116049.06
BR0179,"Bengaluru Branch 179",10,102368.28
BR0184,"Delhi Branch 184",10,85243.37
BR0191,"Jodhpur Branch 191",10,106031.87
BR0199,"Udaipur Branch 199",10,105695.04
BR0229,"Mumbai Branch 229",10,100551.43
BR0231,"Alwar Branch 231",10,97939.91
BR0233,"Jodhpur Branch 233",10,115727.90
BR0248,"Surat Branch 248",10,106315.53
BR0259,"Kolkata Branch 259",10,65652.26
BR0260,"Indore Branch 260",10,88043.46
BR0265,"Kolkata Branch 265",10,82483.60
BR0269,"Pune Branch 269",10,106283.73
BR0275,"Ahmedabad Branch 275",10,91014.24
BR0276,"Mumbai Branch 276",10,114955.37
BR0288,"Delhi Branch 288",10,106207.35
BR0297,"Kolkata Branch 297",10,81968.50
BR0298,"Hyderabad Branch 298",10,88221.60
BR0300,"Bhopal Branch 300",10,122548.52
BR0304,"Jodhpur Branch 304",10,78857.19
BR0307,"Surat Branch 307",10,98280.18
BR0314,"Alwar Branch 314",10,79959.43
BR0315,"Chennai Branch 315",10,112483.13
BR0333,"Indore Branch 333",10,95533.20
BR0348,"Delhi Branch 348",10,105983.87
BR0357,"Hyderabad Branch 357",10,81488.02
BR0361,"Delhi Branch 361",10,101266.41
BR0371,"Kota Branch 371",10,96798.17
BR0372,"Jodhpur Branch 372",10,88407.25
BR0374,"Udaipur Branch 374",10,102085.20
BR0381,"Bengaluru Branch 381",10,88604.54
BR0383,"Chennai Branch 383",10,139269.42
BR0389,"Ahmedabad Branch 389",10,71017.72
BR0390,"Bhopal Branch 390",10,94130.43
BR0397,"Chandigarh Branch 397",10,102657.75
BR0416,"Udaipur Branch 416",10,109809.31
BR0424,"Udaipur Branch 424",10,112684.39
BR0429,"Alwar Branch 429",10,109857.57
BR0453,"Jaipur Branch 453",10,113943.06
BR0454,"Chandigarh Branch 454",10,83700.13
BR0459,"Indore Branch 459",10,86419.63
BR0487,"Jodhpur Branch 487",10,98168.18
BR0489,"Indore Branch 489",10,125081.87
BR0491,"Bhopal Branch 491",10,111876.67
BR0518,"Indore Branch 518",10,109749.66
BR0545,"Bhopal Branch 545",10,89362.82
BR0548,"Chennai Branch 548",10,105828.19
BR0551,"Hyderabad Branch 551",10,108290.77
BR0553,"Jodhpur Branch 553",10,107171.49
BR0555,"Udaipur Branch 555",10,94080.46
BR0557,"Udaipur Branch 557",10,83790.83
BR0563,"Pune Branch 563",10,123543.75
BR0580,"Delhi Branch 580",10,91340.60
BR0583,"Udaipur Branch 583",10,127986.16
BR0587,"Indore Branch 587",10,112106.85
BR0588,"Udaipur Branch 588",10,76225.30
BR0607,"Jodhpur Branch 607",10,99561.20
BR0615,"Lucknow Branch 615",10,101182.69
BR0616,"Ahmedabad Branch 616",10,85206.70
BR0625,"Bengaluru Branch 625",10,91022.45
BR0630,"Delhi Branch 630",10,108573.40
BR0639,"Ahmedabad Branch 639",10,67924.28
BR0640,"Alwar Branch 640",10,119637.39
BR0643,"Mumbai Branch 643",10,89514.19
BR0644,"Kota Branch 644",10,129233.89
BR0664,"Surat Branch 664",10,96812.77
BR0669,"Kota Branch 669",10,90748.86
BR0673,"Bhopal Branch 673",10,91212.67
BR0694,"Chennai Branch 694",10,90107.04
BR0702,"Jodhpur Branch 702",10,63750.44
BR0703,"Udaipur Branch 703",10,105012.12
BR0707,"Chandigarh Branch 707",10,93392.71
BR0711,"Udaipur Branch 711",10,123720.63
BR0716,"Surat Branch 716",10,105272.61
BR0728,"Bhopal Branch 728",10,102714.86
BR0729,"Hyderabad Branch 729",10,112925.30
BR0748,"Kolkata Branch 748",10,111080.07
BR0759,"Alwar Branch 759",10,114620.94
BR0771,"Surat Branch 771",10,89735.18
BR0773,"Chennai Branch 773",10,103551.46
BR0777,"Bhopal Branch 777",10,88172.38
BR0786,"Delhi Branch 786",10,86631.89
BR0816,"Mumbai Branch 816",10,68161.50
BR0842,"Indore Branch 842",10,104577.60
BR0861,"Kolkata Branch 861",10,107289.85
BR0880,"Hyderabad Branch 880",10,100076.72
BR0943,"Ahmedabad Branch 943",10,105806.67
BR0963,"Lucknow Branch 963",10,131491.21
BR0967,"Ahmedabad Branch 967",10,86369.49
BR0969,"Hyderabad Branch 969",10,66050.72
BR0980,"Bengaluru Branch 980",10,94739.99
BR0986,"Indore Branch 986",10,71850.46
BR0988,"Kolkata Branch 988",10,100194.02
BR0991,"Pune Branch 991",10,85083.43
BR0999,"Jaipur Branch 999",10,89160.45
BR0037,"Lucknow Branch 37",9,87824.10
BR0040,"Ahmedabad Branch 40",9,78620.54
BR0043,"Chennai Branch 43",9,77877.86
BR0056,"Alwar Branch 56",9,114730.35
BR0065,"Hyderabad Branch 65",9,99651.56
BR0066,"Ahmedabad Branch 66",9,117720.77
BR0069,"Alwar Branch 69",9,100705.32
BR0081,"Ahmedabad Branch 81",9,118317.66
BR0089,"Alwar Branch 89",9,98983.43
BR0091,"Bhopal Branch 91",9,92372.61
BR0094,"Hyderabad Branch 94",9,109650.64
BR0102,"Surat Branch 102",9,86652.26
BR0121,"Indore Branch 121",9,82133.02
BR0124,"Surat Branch 124",9,97515.35
BR0140,"Pune Branch 140",9,120284.95
BR0147,"Alwar Branch 147",9,108471.53
BR0157,"Bhopal Branch 157",9,78422.74
BR0161,"Surat Branch 161",9,95207.73
BR0171,"Bengaluru Branch 171",9,88458.10
BR0182,"Udaipur Branch 182",9,99986.36
BR0193,"Udaipur Branch 193",9,131472.06
BR0194,"Surat Branch 194",9,79900.69
BR0196,"Chandigarh Branch 196",9,124463.06
BR0214,"Chandigarh Branch 214",9,107965.23
BR0230,"Delhi Branch 230",9,111032.35
BR0240,"Ahmedabad Branch 240",9,80171.61
BR0243,"Bengaluru Branch 243",9,68548.42
BR0244,"Surat Branch 244",9,111716.23
BR0279,"Kota Branch 279",9,103784.91
BR0283,"Alwar Branch 283",9,114403.93
BR0291,"Kolkata Branch 291",9,79693.90
BR0319,"Kota Branch 319",9,108687.25
BR0325,"Udaipur Branch 325",9,140962.03
BR0336,"Bhopal Branch 336",9,114056.79
BR0344,"Kolkata Branch 344",9,100116.35
BR0353,"Jodhpur Branch 353",9,88492.07
BR0364,"Delhi Branch 364",9,74240.50
BR0379,"Hyderabad Branch 379",9,87105.40
BR0410,"Mumbai Branch 410",9,63926.15
BR0411,"Bhopal Branch 411",9,104264.69
BR0412,"Kolkata Branch 412",9,116690.22
BR0418,"Chennai Branch 418",9,99409.82
BR0428,"Mumbai Branch 428",9,137059.52
BR0430,"Kota Branch 430",9,90744.87
BR0431,"Lucknow Branch 431",9,105389.30
BR0457,"Hyderabad Branch 457",9,82675.89
BR0463,"Indore Branch 463",9,115829.85
BR0466,"Alwar Branch 466",9,114522.58
BR0467,"Kota Branch 467",9,84230.39
BR0471,"Jaipur Branch 471",9,92330.28
BR0472,"Chennai Branch 472",9,105088.04
BR0482,"Ahmedabad Branch 482",9,105968.18
BR0490,"Lucknow Branch 490",9,100772.84
BR0492,"Ahmedabad Branch 492",9,79586.48
BR0497,"Mumbai Branch 497",9,87228.37
BR0499,"Surat Branch 499",9,109475.72
BR0501,"Pune Branch 501",9,117667.55
BR0511,"Delhi Branch 511",9,111003.96
BR0516,"Ahmedabad Branch 516",9,94255.62
BR0535,"Lucknow Branch 535",9,116613.69
BR0537,"Bengaluru Branch 537",9,91717.18
BR0549,"Indore Branch 549",9,89237.99
BR0570,"Lucknow Branch 570",9,98998.72
BR0585,"Jaipur Branch 585",9,109500.35
BR0610,"Delhi Branch 610",9,88462.23
BR0614,"Bhopal Branch 614",9,78356.06
BR0618,"Surat Branch 618",9,63086.84
BR0621,"Lucknow Branch 621",9,122104.13
BR0632,"Mumbai Branch 632",9,115193.39
BR0646,"Udaipur Branch 646",9,105976.95
BR0682,"Chandigarh Branch 682",9,79201.05
BR0706,"Kota Branch 706",9,86829.88
BR0709,"Kota Branch 709",9,116220.07
BR0714,"Jaipur Branch 714",9,105273.85
BR0717,"Bengaluru Branch 717",9,95244.27
BR0719,"Indore Branch 719",9,68500.86
BR0723,"Ahmedabad Branch 723",9,144315.06
BR0725,"Pune Branch 725",9,71372.06
BR0738,"Bhopal Branch 738",9,126725.45
BR0760,"Chennai Branch 760",9,101324.89
BR0785,"Kota Branch 785",9,109873.60
BR0802,"Lucknow Branch 802",9,102415.98
BR0806,"Hyderabad Branch 806",9,73069.66
BR0807,"Jaipur Branch 807",9,91124.48
BR0820,"Alwar Branch 820",9,124013.38
BR0830,"Pune Branch 830",9,73606.06
BR0856,"Ahmedabad Branch 856",9,117909.07
BR0859,"Kolkata Branch 859",9,108189.43
BR0863,"Pune Branch 863",9,94943.80
BR0866,"Chandigarh Branch 866",9,85980.57
BR0868,"Hyderabad Branch 868",9,104891.28
BR0870,"Udaipur Branch 870",9,103998.17
BR0887,"Mumbai Branch 887",9,97777.47
BR0890,"Indore Branch 890",9,110819.53
BR0897,"Alwar Branch 897",9,114593.16
BR0909,"Chennai Branch 909",9,87898.37
BR0912,"Jaipur Branch 912",9,126859.19
BR0924,"Udaipur Branch 924",9,108460.99
BR0929,"Udaipur Branch 929",9,119279.25
BR0930,"Delhi Branch 930",9,91787.55
BR0936,"Jodhpur Branch 936",9,119537.56
BR0942,"Mumbai Branch 942",9,107152.35
BR0953,"Kolkata Branch 953",9,106629.66
BR0964,"Chennai Branch 964",9,107229.23
BR0977,"Mumbai Branch 977",9,102686.53
BR0994,"Jodhpur Branch 994",9,95400.69
BR0006,"Jaipur Branch 6",8,128592.74
BR0007,"Indore Branch 7",8,84097.92
BR0018,"Kota Branch 18",8,99016.90
BR0019,"Indore Branch 19",8,127365.91
BR0022,"Chandigarh Branch 22",8,108811.72
BR0030,"Jodhpur Branch 30",8,139520.16
BR0031,"Hyderabad Branch 31",8,99596.14
BR0034,"Chennai Branch 34",8,67149.32
BR0042,"Pune Branch 42",8,94653.13
BR0044,"Udaipur Branch 44",8,119505.45
BR0054,"Hyderabad Branch 54",8,85674.80
BR0055,"Kota Branch 55",8,120730.35
BR0072,"Jaipur Branch 72",8,76750.95
BR0073,"Hyderabad Branch 73",8,85902.38
BR0088,"Surat Branch 88",8,91742.43
BR0104,"Chandigarh Branch 104",8,127677.43
BR0106,"Chandigarh Branch 106",8,80761.13
BR0109,"Delhi Branch 109",8,107266.54
BR0113,"Chandigarh Branch 113",8,110259.91
BR0117,"Surat Branch 117",8,54556.66
BR0123,"Kota Branch 123",8,88482.75
BR0130,"Indore Branch 130",8,128142.25
BR0158,"Udaipur Branch 158",8,102795.12
BR0160,"Mumbai Branch 160",8,87857.44
BR0162,"Mumbai Branch 162",8,113771.49
BR0174,"Jodhpur Branch 174",8,105683.20
BR0177,"Lucknow Branch 177",8,110983.69
BR0183,"Mumbai Branch 183",8,101074.90
BR0190,"Bhopal Branch 190",8,78991.71
BR0192,"Ahmedabad Branch 192",8,107710.18
BR0202,"Ahmedabad Branch 202",8,76442.86
BR0203,"Ahmedabad Branch 203",8,103827.75
BR0204,"Delhi Branch 204",8,116999.79
BR0209,"Indore Branch 209",8,140126.50
BR0211,"Ahmedabad Branch 211",8,75917.07
BR0228,"Jodhpur Branch 228",8,135790.16
BR0238,"Ahmedabad Branch 238",8,83665.38
BR0242,"Chandigarh Branch 242",8,126440.12
BR0255,"Alwar Branch 255",8,119426.93
BR0262,"Delhi Branch 262",8,47170.41
BR0273,"Udaipur Branch 273",8,97024.10
BR0281,"Bhopal Branch 281",8,131692.69
BR0292,"Ahmedabad Branch 292",8,92538.92
BR0313,"Udaipur Branch 313",8,108229.60
BR0324,"Lucknow Branch 324",8,82311.24
BR0345,"Delhi Branch 345",8,90922.20
BR0350,"Jaipur Branch 350",8,93290.82
BR0359,"Jaipur Branch 359",8,124552.86
BR0362,"Delhi Branch 362",8,116059.17
BR0365,"Surat Branch 365",8,115656.28
BR0375,"Mumbai Branch 375",8,113286.02
BR0384,"Hyderabad Branch 384",8,90494.46
BR0388,"Chandigarh Branch 388",8,90678.73
BR0409,"Hyderabad Branch 409",8,88972.48
BR0435,"Pune Branch 435",8,103705.45
BR0440,"Lucknow Branch 440",8,92520.72
BR0460,"Pune Branch 460",8,111568.61
BR0461,"Delhi Branch 461",8,104546.32
BR0468,"Chandigarh Branch 468",8,104113.35
BR0469,"Lucknow Branch 469",8,81324.59
BR0475,"Pune Branch 475",8,84228.01
BR0481,"Chandigarh Branch 481",8,95212.69
BR0483,"Chennai Branch 483",8,105118.32
BR0485,"Ahmedabad Branch 485",8,106955.92
BR0495,"Alwar Branch 495",8,121651.14
BR0503,"Bengaluru Branch 503",8,96249.19
BR0505,"Udaipur Branch 505",8,96795.66
BR0507,"Surat Branch 507",8,76768.62
BR0508,"Udaipur Branch 508",8,89750.99
BR0524,"Lucknow Branch 524",8,75733.36
BR0530,"Jodhpur Branch 530",8,97653.35
BR0540,"Indore Branch 540",8,107944.80
BR0558,"Lucknow Branch 558",8,92783.38
BR0559,"Pune Branch 559",8,91418.53
BR0564,"Hyderabad Branch 564",8,79565.16
BR0576,"Jaipur Branch 576",8,111353.87
BR0577,"Indore Branch 577",8,123289.38
BR0590,"Chandigarh Branch 590",8,88958.29
BR0591,"Lucknow Branch 591",8,128782.15
BR0617,"Indore Branch 617",8,118833.02
BR0627,"Bhopal Branch 627",8,106251.02
BR0629,"Lucknow Branch 629",8,94977.19
BR0635,"Surat Branch 635",8,116485.59
BR0652,"Kolkata Branch 652",8,98547.94
BR0658,"Bhopal Branch 658",8,99760.54
BR0676,"Mumbai Branch 676",8,115729.85
BR0678,"Udaipur Branch 678",8,65874.24
BR0688,"Alwar Branch 688",8,85389.48
BR0695,"Delhi Branch 695",8,87038.39
BR0696,"Kolkata Branch 696",8,95543.00
BR0697,"Jaipur Branch 697",8,102050.21
BR0718,"Lucknow Branch 718",8,86705.53
BR0750,"Kota Branch 750",8,117316.10
BR0772,"Surat Branch 772",8,71049.29
BR0781,"Kota Branch 781",8,118162.72
BR0784,"Delhi Branch 784",8,90528.54
BR0787,"Kolkata Branch 787",8,102597.90
BR0817,"Indore Branch 817",8,110471.47
BR0831,"Chandigarh Branch 831",8,79459.88
BR0836,"Hyderabad Branch 836",8,108020.41
BR0841,"Kota Branch 841",8,87323.49
BR0845,"Hyderabad Branch 845",8,114845.70
BR0846,"Kota Branch 846",8,90774.48
BR0847,"Lucknow Branch 847",8,90789.80
BR0855,"Kolkata Branch 855",8,95674.35
BR0858,"Bengaluru Branch 858",8,88265.06
BR0882,"Lucknow Branch 882",8,93011.13
BR0884,"Chennai Branch 884",8,88136.14
BR0891,"Lucknow Branch 891",8,109525.09
BR0892,"Bengaluru Branch 892",8,75373.28
BR0908,"Jaipur Branch 908",8,73977.46
BR0939,"Delhi Branch 939",8,111978.09
BR0941,"Ahmedabad Branch 941",8,92263.78
BR0951,"Alwar Branch 951",8,114076.12
BR0956,"Mumbai Branch 956",8,81078.85
BR0957,"Pune Branch 957",8,95894.76
BR0971,"Chennai Branch 971",8,52979.03
BR0983,"Kolkata Branch 983",8,101696.63
BR0989,"Indore Branch 989",8,113447.09
BR0995,"Kolkata Branch 995",8,111177.92
BR0996,"Indore Branch 996",8,87274.45
BR0997,"Indore Branch 997",8,68575.24
BR0011,"Bengaluru Branch 11",7,101029.07
BR0014,"Surat Branch 14",7,115428.54
BR0015,"Surat Branch 15",7,114860.76
BR0027,"Alwar Branch 27",7,93648.07
BR0045,"Kota Branch 45",7,109120.16
BR0046,"Bengaluru Branch 46",7,120143.38
BR0060,"Chennai Branch 60",7,107143.08
BR0076,"Kota Branch 76",7,111963.35
BR0086,"Ahmedabad Branch 86",7,66906.11
BR0090,"Lucknow Branch 90",7,105940.61
BR0092,"Mumbai Branch 92",7,70447.76
BR0096,"Indore Branch 96",7,76514.53
BR0107,"Chandigarh Branch 107",7,97290.36
BR0114,"Lucknow Branch 114",7,100260.74
BR0120,"Delhi Branch 120",7,123080.29
BR0135,"Ahmedabad Branch 135",7,111236.97
BR0137,"Indore Branch 137",7,118502.65
BR0141,"Udaipur Branch 141",7,97867.64
BR0156,"Kolkata Branch 156",7,89661.52
BR0187,"Udaipur Branch 187",7,99014.02
BR0198,"Bhopal Branch 198",7,77695.74
BR0212,"Kota Branch 212",7,89463.73
BR0216,"Bengaluru Branch 216",7,63031.69
BR0220,"Jodhpur Branch 220",7,62570.55
BR0227,"Lucknow Branch 227",7,90170.35
BR0236,"Chandigarh Branch 236",7,119593.49
BR0247,"Bhopal Branch 247",7,62894.03
BR0249,"Chennai Branch 249",7,101817.43
BR0251,"Jaipur Branch 251",7,118349.56
BR0282,"Delhi Branch 282",7,91914.94
BR0287,"Jaipur Branch 287",7,115005.83
BR0293,"Jodhpur Branch 293",7,71809.87
BR0321,"Pune Branch 321",7,66846.95
BR0327,"Mumbai Branch 327",7,121150.55
BR0332,"Bhopal Branch 332",7,108285.10
BR0334,"Pune Branch 334",7,136683.90
BR0355,"Udaipur Branch 355",7,99054.80
BR0385,"Kota Branch 385",7,49540.56
BR0386,"Chennai Branch 386",7,89679.03
BR0394,"Surat Branch 394",7,110413.13
BR0402,"Chandigarh Branch 402",7,103265.58
BR0417,"Jodhpur Branch 417",7,108321.68
BR0419,"Lucknow Branch 419",7,82925.65
BR0421,"Lucknow Branch 421",7,87771.69
BR0432,"Alwar Branch 432",7,122328.89
BR0433,"Mumbai Branch 433",7,107120.02
BR0444,"Surat Branch 444",7,105094.67
BR0446,"Udaipur Branch 446",7,89283.37
BR0447,"Ahmedabad Branch 447",7,120164.68
BR0452,"Jodhpur Branch 452",7,69939.72
BR0456,"Kolkata Branch 456",7,117876.83
BR0478,"Alwar Branch 478",7,115065.61
BR0479,"Jodhpur Branch 479",7,100845.55
BR0484,"Bengaluru Branch 484",7,56026.45
BR0486,"Kota Branch 486",7,109027.40
BR0496,"Udaipur Branch 496",7,122812.48
BR0510,"Delhi Branch 510",7,62805.55
BR0532,"Alwar Branch 532",7,104708.85
BR0565,"Bhopal Branch 565",7,100430.83
BR0568,"Chandigarh Branch 568",7,125706.48
BR0582,"Jodhpur Branch 582",7,98752.23
BR0623,"Jodhpur Branch 623",7,100252.66
BR0624,"Lucknow Branch 624",7,98049.72
BR0628,"Bhopal Branch 628",7,116744.92
BR0650,"Ahmedabad Branch 650",7,68423.54
BR0662,"Indore Branch 662",7,112927.58
BR0677,"Jodhpur Branch 677",7,118162.75
BR0684,"Hyderabad Branch 684",7,116757.56
BR0690,"Bhopal Branch 690",7,129843.65
BR0699,"Pune Branch 699",7,114893.16
BR0700,"Bengaluru Branch 700",7,134930.56
BR0701,"Bengaluru Branch 701",7,100744.48
BR0742,"Kota Branch 742",7,124035.95
BR0743,"Jaipur Branch 743",7,92222.98
BR0753,"Bengaluru Branch 753",7,105945.36
BR0755,"Udaipur Branch 755",7,112558.27
BR0756,"Chennai Branch 756",7,99997.90
BR0766,"Udaipur Branch 766",7,136425.02
BR0770,"Mumbai Branch 770",7,107919.77
BR0791,"Chennai Branch 791",7,76246.13
BR0792,"Chennai Branch 792",7,82338.55
BR0796,"Surat Branch 796",7,72227.44
BR0800,"Ahmedabad Branch 800",7,83493.46
BR0805,"Jaipur Branch 805",7,113364.64
BR0809,"Kolkata Branch 809",7,110519.03
BR0815,"Kolkata Branch 815",7,125917.97
BR0822,"Ahmedabad Branch 822",7,109291.16
BR0838,"Pune Branch 838",7,105360.06
BR0871,"Kolkata Branch 871",7,113778.69
BR0889,"Hyderabad Branch 889",7,126700.21
BR0894,"Udaipur Branch 894",7,136780.29
BR0904,"Hyderabad Branch 904",7,87818.03
BR0907,"Alwar Branch 907",7,111635.18
BR0913,"Lucknow Branch 913",7,88702.77
BR0914,"Indore Branch 914",7,105650.07
BR0925,"Hyderabad Branch 925",7,52966.12
BR0948,"Kota Branch 948",7,116794.01
BR0958,"Hyderabad Branch 958",7,94670.59
BR0021,"Kolkata Branch 21",6,129689.77
BR0024,"Jaipur Branch 24",6,116325.74
BR0029,"Lucknow Branch 29",6,93465.41
BR0050,"Ahmedabad Branch 50",6,96112.34
BR0078,"Ahmedabad Branch 78",6,85278.01
BR0079,"Surat Branch 79",6,107164.00
BR0083,"Surat Branch 83",6,93404.58
BR0087,"Bengaluru Branch 87",6,120915.81
BR0111,"Surat Branch 111",6,123211.37
BR0131,"Udaipur Branch 131",6,98355.05
BR0138,"Mumbai Branch 138",6,91643.57
BR0150,"Surat Branch 150",6,130526.09
BR0154,"Mumbai Branch 154",6,90209.48
BR0180,"Udaipur Branch 180",6,130937.92
BR0186,"Pune Branch 186",6,101308.92
BR0205,"Pune Branch 205",6,80261.94
BR0219,"Ahmedabad Branch 219",6,80879.97
BR0274,"Ahmedabad Branch 274",6,72806.31
BR0303,"Indore Branch 303",6,75938.92
BR0305,"Jodhpur Branch 305",6,95090.05
BR0309,"Alwar Branch 309",6,75156.30
BR0322,"Chandigarh Branch 322",6,99846.70
BR0331,"Kolkata Branch 331",6,109696.49
BR0343,"Indore Branch 343",6,132163.99
BR0354,"Bhopal Branch 354",6,81952.22
BR0358,"Lucknow Branch 358",6,107520.12
BR0398,"Bengaluru Branch 398",6,67125.34
BR0408,"Delhi Branch 408",6,66209.86
BR0420,"Surat Branch 420",6,128633.81
BR0470,"Kolkata Branch 470",6,129422.22
BR0476,"Delhi Branch 476",6,126709.24
BR0512,"Jaipur Branch 512",6,98256.03
BR0519,"Chandigarh Branch 519",6,79146.45
BR0528,"Hyderabad Branch 528",6,57629.09
BR0554,"Chennai Branch 554",6,91873.00
BR0573,"Bhopal Branch 573",6,85957.49
BR0575,"Bengaluru Branch 575",6,119032.82
BR0584,"Mumbai Branch 584",6,127226.84
BR0594,"Jodhpur Branch 594",6,70854.44
BR0633,"Kota Branch 633",6,87082.31
BR0642,"Kolkata Branch 642",6,68696.40
BR0661,"Hyderabad Branch 661",6,89458.71
BR0667,"Jodhpur Branch 667",6,92273.98
BR0671,"Alwar Branch 671",6,101361.90
BR0672,"Bengaluru Branch 672",6,74924.93
BR0674,"Surat Branch 674",6,57029.27
BR0704,"Alwar Branch 704",6,82284.11
BR0715,"Chennai Branch 715",6,122201.33
BR0730,"Pune Branch 730",6,106929.68
BR0741,"Bhopal Branch 741",6,91208.83
BR0744,"Chandigarh Branch 744",6,98852.61
BR0769,"Jodhpur Branch 769",6,59706.88
BR0818,"Indore Branch 818",6,100501.74
BR0834,"Indore Branch 834",6,82613.40
BR0853,"Jodhpur Branch 853",6,98547.57
BR0854,"Pune Branch 854",6,107772.79
BR0874,"Jaipur Branch 874",6,144279.94
BR0875,"Bengaluru Branch 875",6,115121.42
BR0938,"Ahmedabad Branch 938",6,107741.49
BR0947,"Pune Branch 947",6,120146.00
BR0972,"Jaipur Branch 972",6,76879.09
BR0981,"Mumbai Branch 981",6,100207.30
BR0990,"Jodhpur Branch 990",6,91689.66
BR0016,"Jodhpur Branch 16",5,93516.98
BR0020,"Kota Branch 20",5,77829.98
BR0025,"Mumbai Branch 25",5,86211.17
BR0047,"Bengaluru Branch 47",5,125201.63
BR0070,"Jodhpur Branch 70",5,110509.51
BR0101,"Chandigarh Branch 101",5,109015.04
BR0164,"Jodhpur Branch 164",5,89205.92
BR0178,"Udaipur Branch 178",5,125156.88
BR0195,"Hyderabad Branch 195",5,76353.80
BR0226,"Pune Branch 226",5,112581.90
BR0241,"Surat Branch 241",5,94693.75
BR0256,"Chandigarh Branch 256",5,83153.39
BR0270,"Chennai Branch 270",5,113948.56
BR0310,"Kolkata Branch 310",5,110145.36
BR0387,"Jaipur Branch 387",5,97304.24
BR0426,"Chandigarh Branch 426",5,116071.80
BR0464,"Bengaluru Branch 464",5,67989.19
BR0473,"Bengaluru Branch 473",5,68241.28
BR0498,"Kota Branch 498",5,98286.13
BR0527,"Alwar Branch 527",5,90728.19
BR0552,"Mumbai Branch 552",5,80500.71
BR0556,"Kota Branch 556",5,89927.09
BR0598,"Surat Branch 598",5,131003.02
BR0647,"Chandigarh Branch 647",5,115476.34
BR0656,"Mumbai Branch 656",5,89484.09
BR0683,"Kolkata Branch 683",5,83149.99
BR0689,"Udaipur Branch 689",5,82861.08
BR0693,"Delhi Branch 693",5,97577.77
BR0745,"Surat Branch 745",5,115998.58
BR0795,"Jaipur Branch 795",5,110481.60
BR0799,"Lucknow Branch 799",5,116233.85
BR0867,"Jaipur Branch 867",5,110642.06
BR0876,"Lucknow Branch 876",5,90584.24
BR0946,"Bengaluru Branch 946",5,100465.97
BR0950,"Ahmedabad Branch 950",5,86032.04
BR0965,"Bhopal Branch 965",5,104823.66
BR0985,"Jodhpur Branch 985",5,83029.35
BR0012,"Indore Branch 12",4,93924.53
BR0071,"Lucknow Branch 71",4,86097.83
BR0082,"Ahmedabad Branch 82",4,99729.44
BR0084,"Mumbai Branch 84",4,116480.77
BR0144,"Bengaluru Branch 144",4,93380.84
BR0254,"Kota Branch 254",4,129388.14
BR0271,"Kolkata Branch 271",4,143050.76
BR0286,"Bengaluru Branch 286",4,69817.20
BR0414,"Ahmedabad Branch 414",4,121781.78
BR0611,"Kota Branch 611",4,128614.87
BR0631,"Indore Branch 631",4,106747.10
BR0679,"Delhi Branch 679",4,91922.40
BR0740,"Chennai Branch 740",4,122329.64
BR0826,"Chandigarh Branch 826",4,58045.22
BR0852,"Jaipur Branch 852",4,57608.83
BR0864,"Alwar Branch 864",4,87366.51
BR0961,"Lucknow Branch 961",4,123993.03
BR0974,"Chennai Branch 974",4,79278.98
BR0992,"Hyderabad Branch 992",4,157292.75
BR0105,"Chandigarh Branch 105",3,102186.27
BR0258,"Alwar Branch 258",3,101224.58
BR0405,"Lucknow Branch 405",3,138635.58
BR0606,"Surat Branch 606",3,58794.93
BR0797,"Bengaluru Branch 797",3,81892.48
BR0873,"Delhi Branch 873",3,75332.55
BR0067,"Udaipur Branch 67",3,128318.98
BR0330,"Delhi Branch 330",2,177063.13
BR0449,"Bengaluru Branch 449",2,39513.14
