Branch_ID,Branch_Name,City,State,IFSC_Code,Branch_Manager,Address
BR0001,"Jodhpur Branch 1",Jodhpur,Rajasthan,BANK000001,"Arjun Malhotra","285, MG Road"
BR0002,"Mumbai Branch 2",Mumbai,Maharashtra,BANK000002,"Suresh Choudhary","287, MG Road"
BR0003,"Pune Branch 3",Pune,Maharashtra,BANK000003,"Ankit Yadav","822, Station Road"
BR0004,"Pune Branch 4",Pune,Maharashtra,BANK000004,"Meena Tiwari","982, Station Road"
BR0005,"Chennai Branch 5",Chennai,"Tamil Nadu",BANK000005,"Rohit Saini","449, Market Road"
BR0006,"Jaipur Branch 6",Jaipur,Rajasthan,BANK000006,"Manish Gupta","353, MG Road"
BR0007,"Indore Branch 7",Indore,"Madhya Pradesh",BANK000007,"Vikas Bansal","542, Main Road"
BR0008,"Jodhpur Branch 8",Jodhpur,Rajasthan,BANK000008,"Neha Malhotra","54, Market Road"
BR0009,"Surat Branch 9",Surat,Gujarat,BANK000009,"Simran Verma","983, Station Road"
BR0010,"Pune Branch 10",Pune,Maharashtra,BANK000010,"Pooja Bansal","859, Main Road"
BR0011,"Bengaluru Branch 11",Bengaluru,Karnataka,BANK000011,"Neha Joshi","711, Market Road"
BR0012,"Indore Branch 12",Indore,"Madhya Pradesh",BANK000012,"Pooja Singh","862, Main Road"
BR0013,"Chennai Branch 13",Chennai,"Tamil Nadu",BANK000013,"Manish Bansal","288, Market Road"
BR0014,"Surat Branch 14",Surat,Gujarat,BANK000014,"Rohit Mishra","204, MG Road"
BR0015,"Surat Branch 15",Surat,Gujarat,BANK000015,"Karan Singh","572, Market Road"
BR0016,"Jodhpur Branch 16",Jodhpur,Rajasthan,BANK000016,"Sneha Gupta","920, Main Road"
BR0017,"Hyderabad Branch 17",Hyderabad,Telangana,BANK000017,"Meena Mishra","346, Station Road"
BR0018,"Kota Branch 18",Kota,Rajasthan,BANK000018,"Neha Mehta","69, MG Road"
BR0019,"Indore Branch 19",Indore,"Madhya Pradesh",BANK000019,"Nikhil Mishra","714, Main Road"
BR0020,"Kota Branch 20",Kota,Rajasthan,BANK000020,"Komal Mishra","553, Main Road"
BR0021,"Kolkata Branch 21",Kolkata,"West Bengal",BANK000021,"Manish Singh","354, Station Road"
BR0022,"Chandigarh Branch 22",Chandigarh,Chandigarh,BANK000022,"Rohit Jain","422, MG Road"
BR0023,"Mumbai Branch 23",Mumbai,Maharashtra,BANK000023,"Karan Patel","860, Main Road"
BR0024,"Jaipur Branch 24",Jaipur,Rajasthan,BANK000024,"Meena Joshi","592, Market Road"
BR0025,"Mumbai Branch 25",Mumbai,Maharashtra,BANK000025,"Priya Verma","372, Main Road"
BR0026,"Bengaluru Branch 26",Bengaluru,Karnataka,BANK000026,"Arjun Saini","300, Market Road"
BR0027,"Alwar Branch 27",Alwar,Rajasthan,BANK000027,"Arjun Tiwari","564, Station Road"
BR0028,"Indore Branch 28",Indore,"Madhya Pradesh",BANK000028,"Vivek Patel","933, Market Road"
BR0029,"Lucknow Branch 29",Lucknow,"Uttar Pradesh",BANK000029,"Priya Choudhary","202, MG Road"
BR0030,"Jodhpur Branch 30",Jodhpur,Rajasthan,BANK000030,"Riya Malhotra","915, Station Road"
BR0031,"Hyderabad Branch 31",Hyderabad,Telangana,BANK000031,"Vivek Choudhary","616, Market Road"
BR0032,"Kota Branch 32",Kota,Rajasthan,BANK000032,"Nikhil Malhotra","917, Main Road"
BR0033,"Pune Branch 33",Pune,Maharashtra,BANK000033,"Deepak Patel","747, Main Road"
BR0034,"Chennai Branch 34",Chennai,"Tamil Nadu",BANK000034,"Deepak Saini","82, Market Road"
BR0035,"Chandigarh Branch 35",Chandigarh,Chandigarh,BANK000035,"Neha Rathore","325, MG Road"
BR0036,"Chennai Branch 36",Chennai,"Tamil Nadu",BANK000036,"Suresh Choudhary","774, Main Road"
BR0037,"Lucknow Branch 37",Lucknow,"Uttar Pradesh",BANK000037,"Komal Saini","856, Station Road"
BR0038,"Alwar Branch 38",Alwar,Rajasthan,BANK000038,"Rahul Yadav","402, Main Road"
BR0039,"Jaipur Branch 39",Jaipur,Rajasthan,BANK000039,"Riya Singh","148, Main Road"
BR0040,"Ahmedabad Branch 40",Ahmedabad,Gujarat,BANK000040,"Shreya Malhotra","859, Station Road"
BR0041,"Bengaluru Branch 41",Bengaluru,Karnataka,BANK000041,"Rohit Gupta","564, MG Road"
BR0042,"Pune Branch 42",Pune,Maharashtra,BANK000042,"Kavita Saini","923, MG Road"
BR0043,"Chennai Branch 43",Chennai,"Tamil Nadu",BANK000043,"Shreya Patel","894, Market Road"
BR0044,"Udaipur Branch 44",Udaipur,Rajasthan,BANK000044,"Arjun Kumar","537, Main Road"
BR0045,"Kota Branch 45",Kota,Rajasthan,BANK000045,"Rahul Mehta","234, Market Road"
BR0046,"Bengaluru Branch 46",Bengaluru,Karnataka,BANK000046,"Riya Agarwal","815, Market Road"
BR0047,"Bengaluru Branch 47",Bengaluru,Karnataka,BANK000047,"Arjun Verma","415, MG Road"
BR0048,"Delhi Branch 48",Delhi,Delhi,BANK000048,"Manish Mishra","513, MG Road"
BR0049,"Surat Branch 49",Surat,Gujarat,BANK000049,"Pooja Gupta","244, Main Road"
BR0050,"Ahmedabad Branch 50",Ahmedabad,Gujarat,BANK000050,"Ankit Yadav","299, Market Road"
BR0051,"Chandigarh Branch 51",Chandigarh,Chandigarh,BANK000051,"Vivek Mehta","50, MG Road"
BR0052,"Surat Branch 52",Surat,Gujarat,BANK000052,"Rohit Yadav","660, Main Road"
BR0053,"Chennai Branch 53",Chennai,"Tamil Nadu",BANK000053,"Priya Singh","699, Main Road"
BR0054,"Hyderabad Branch 54",Hyderabad,Telangana,BANK000054,"Amit Singh","570, MG Road"
BR0055,"Kota Branch 55",Kota,Rajasthan,BANK000055,"Anjali Joshi","504, Main Road"
BR0056,"Alwar Branch 56",Alwar,Rajasthan,BANK000056,"Sneha Mishra","132, Station Road"
BR0057,"Surat Branch 57",Surat,Gujarat,BANK000057,"Riya Rathore","321, Station Road"
BR0058,"Kota Branch 58",Kota,Rajasthan,BANK000058,"Shreya Jain","815, Market Road"
BR0059,"Surat Branch 59",Surat,Gujarat,BANK000059,"Priya Choudhary","512, MG Road"
BR0060,"Chennai Branch 60",Chennai,"Tamil Nadu",BANK000060,"Sneha Patel","777, Main Road"
BR0061,"Hyderabad Branch 61",Hyderabad,Telangana,BANK000061,"Anjali Rathore","798, Market Road"
BR0062,"Chennai Branch 62",Chennai,"Tamil Nadu",BANK000062,"Simran Malhotra","638, Main Road"
BR0063,"Mumbai Branch 63",Mumbai,Maharashtra,BANK000063,"Nikhil Kumar","425, MG Road"
BR0064,"Udaipur Branch 64",Udaipur,Rajasthan,BANK000064,"Manish Sharma","746, Station Road"
BR0065,"Hyderabad Branch 65",Hyderabad,Telangana,BANK000065,"Priya Choudhary","893, Market Road"
BR0066,"Ahmedabad Branch 66",Ahmedabad,Gujarat,BANK000066,"Rahul Malhotra","763, Market Road"
BR0067,"Udaipur Branch 67",Udaipur,Rajasthan,BANK000067,"Karan Bansal","128, Main Road"
BR0068,"Chandigarh Branch 68",Chandigarh,Chandigarh,BANK000068,"Neha Gupta","327, Station Road"
BR0069,"Alwar Branch 69",Alwar,Rajasthan,BANK000069,"Shreya Joshi","170, Main Road"
BR0070,"Jodhpur Branch 70",Jodhpur,Rajasthan,BANK000070,"Rohit Patel","837, Main Road"
BR0071,"Lucknow Branch 71",Lucknow,"Uttar Pradesh",BANK000071,"Neha Agarwal","404, Main Road"
BR0072,"Jaipur Branch 72",Jaipur,Rajasthan,BANK000072,"Vikas Mishra","777, Main Road"
BR0073,"Hyderabad Branch 73",Hyderabad,Telangana,BANK000073,"Kavita Verma","101, Station Road"
BR0074,"Bhopal Branch 74",Bhopal,"Madhya Pradesh",BANK000074,"Riya Singh","23, Market Road"
BR0075,"Surat Branch 75",Surat,Gujarat,BANK000075,"Karan Choudhary","358, Main Road"
BR0076,"Kota Branch 76",Kota,Rajasthan,BANK000076,"Deepak Yadav","735, Main Road"
BR0077,"Kolkata Branch 77",Kolkata,"West Bengal",BANK000077,"Riya Bansal","93, Market Road"
BR0078,"Ahmedabad Branch 78",Ahmedabad,Gujarat,BANK000078,"Karan Joshi","829, Station Road"
BR0079,"Surat Branch 79",Surat,Gujarat,BANK000079,"Sneha Choudhary","202, Market Road"
BR0080,"Delhi Branch 80",Delhi,Delhi,BANK000080,"Komal Jain","514, Station Road"
BR0081,"Ahmedabad Branch 81",Ahmedabad,Gujarat,BANK000081,"Rohit Saini","387, Station Road"
BR0082,"Ahmedabad Branch 82",Ahmedabad,Gujarat,BANK000082,"Vikas Mishra","214, MG Road"
BR0083,"Surat Branch 83",Surat,Gujarat,BANK000083,"Pooja Bansal","455, Main Road"
BR0084,"Mumbai Branch 84",Mumbai,Maharashtra,BANK000084,"Simran Tiwari","654, Station Road"
BR0085,"Surat Branch 85",Surat,Gujarat,BANK000085,"Karan Jain","683, Main Road"
BR0086,"Ahmedabad Branch 86",Ahmedabad,Gujarat,BANK000086,"Nikhil Joshi","227, Main Road"
BR0087,"Bengaluru Branch 87",Bengaluru,Karnataka,BANK000087,"Manish Malhotra","367, MG Road"
BR0088,"Surat Branch 88",Surat,Gujarat,BANK000088,"Neha Saini","757, Main Road"
BR0089,"Alwar Branch 89",Alwar,Rajasthan,BANK000089,"Kavita Jain","115, MG Road"
BR0090,"Lucknow Branch 90",Lucknow,"Uttar Pradesh",BANK000090,"Anjali Gupta","56, MG Road"
BR0091,"Bhopal Branch 91",Bhopal,"Madhya Pradesh",BANK000091,"Suresh Singh","565, Station Road"
BR0092,"Mumbai Branch 92",Mumbai,Maharashtra,BANK000092,"Rohit Sharma","934, MG Road"
BR0093,"Chennai Branch 93",Chennai,"Tamil Nadu",BANK000093,"Simran Bansal","289, MG Road"
BR0094,"Hyderabad Branch 94",Hyderabad,Telangana,BANK000094,"Arjun Patel","798, Main Road"
BR0095,"Chandigarh Branch 95",Chandigarh,Chandigarh,BANK000095,"Vivek Kumar","501, Station Road"
BR0096,"Indore Branch 96",Indore,"Madhya Pradesh",BANK000096,"Meena Bansal","699, Station Road"
BR0097,"Kolkata Branch 97",Kolkata,"West Bengal",BANK000097,"Komal Gupta","452, MG Road"
BR0098,"Jodhpur Branch 98",Jodhpur,Rajasthan,BANK000098,"Suresh Yadav","500, Market Road"
BR0099,"Surat Branch 99",Surat,Gujarat,BANK000099,"Anjali Saini","725, MG Road"
BR0100,"Kolkata Branch 100",Kolkata,"West Bengal",BANK000100,"Priya Verma","662, Main Road"
BR0101,"Chandigarh Branch 101",Chandigarh,Chandigarh,BANK000101,"Suresh Singh","454, MG Road"
BR0102,"Surat Branch 102",Surat,Gujarat,BANK000102,"Rohit Mishra","819, Station Road"
BR0103,"Mumbai Branch 103",Mumbai,Maharashtra,BANK000103,"Neha Saini","37, Main Road"
BR0104,"Chandigarh Branch 104",Chandigarh,Chandigarh,BANK000104,"Manish Mehta","611, MG Road"
BR0105,"Chandigarh Branch 105",Chandigarh,Chandigarh,BANK000105,"Manish Kumar","817, Main Road"
BR0106,"Chandigarh Branch 106",Chandigarh,Chandigarh,BANK000106,"Kavita Gupta","915, MG Road"
BR0107,"Chandigarh Branch 107",Chandigarh,Chandigarh,BANK000107,"Karan Choudhary","567, Station Road"
BR0108,"Pune Branch 108",Pune,Maharashtra,BANK000108,"Pooja Bansal","290, Station Road"
BR0109,"Delhi Branch 109",Delhi,Delhi,BANK000109,"Karan Jain","377, Main Road"
BR0110,"Indore Branch 110",Indore,"Madhya Pradesh",BANK000110,"Riya Sharma","520, MG Road"
BR0111,"Surat Branch 111",Surat,Gujarat,BANK000111,"Shreya Choudhary","796, Station Road"
BR0112,"Bhopal Branch 112",Bhopal,"Madhya Pradesh",BANK000112,"Vikas Joshi","437, MG Road"
BR0113,"Chandigarh Branch 113",Chandigarh,Chandigarh,BANK000113,"Pooja Tiwari","598, MG Road"
BR0114,"Lucknow Branch 114",Lucknow,"Uttar Pradesh",BANK000114,"Vivek Bansal","754, Market Road"
BR0115,"Indore Branch 115",Indore,"Madhya Pradesh",BANK000115,"Rahul Mehta","160, Station Road"
BR0116,"Kota Branch 116",Kota,Rajasthan,BANK000116,"Riya Bansal","746, Market Road"
BR0117,"Surat Branch 117",Surat,Gujarat,BANK000117,"Sneha Verma","95, MG Road"
BR0118,"Indore Branch 118",Indore,"Madhya Pradesh",BANK000118,"Sneha Bansal","173, Main Road"
BR0119,"Jodhpur Branch 119",Jodhpur,Rajasthan,BANK000119,"Anjali Choudhary","784, Station Road"
BR0120,"Delhi Branch 120",Delhi,Delhi,BANK000120,"Rohit Sharma","765, MG Road"
BR0121,"Indore Branch 121",Indore,"Madhya Pradesh",BANK000121,"Karan Choudhary","554, MG Road"
BR0122,"Chennai Branch 122",Chennai,"Tamil Nadu",BANK000122,"Suresh Mishra","785, Main Road"
BR0123,"Kota Branch 123",Kota,Rajasthan,BANK000123,"Neha Malhotra","519, Market Road"
BR0124,"Surat Branch 124",Surat,Gujarat,BANK000124,"Amit Tiwari","117, Market Road"
BR0125,"Chandigarh Branch 125",Chandigarh,Chandigarh,BANK000125,"Vikas Agarwal","153, MG Road"
BR0126,"Delhi Branch 126",Delhi,Delhi,BANK000126,"Nikhil Singh","877, Station Road"
BR0127,"Mumbai Branch 127",Mumbai,Maharashtra,BANK000127,"Rohit Saini","347, Station Road"
BR0128,"Chandigarh Branch 128",Chandigarh,Chandigarh,BANK000128,"Kavita Verma","491, Station Road"
BR0129,"Delhi Branch 129",Delhi,Delhi,BANK000129,"Priya Kumar","745, Station Road"
BR0130,"Indore Branch 130",Indore,"Madhya Pradesh",BANK000130,"Simran Mishra","813, Market Road"
BR0131,"Udaipur Branch 131",Udaipur,Rajasthan,BANK000131,"Meena Verma","474, Station Road"
BR0132,"Udaipur Branch 132",Udaipur,Rajasthan,BANK000132,"Ankit Choudhary","63, Station Road"
BR0133,"Pune Branch 133",Pune,Maharashtra,BANK000133,"Komal Kumar","483, Main Road"
BR0134,"Chandigarh Branch 134",Chandigarh,Chandigarh,BANK000134,"Simran Rathore","598, Main Road"
BR0135,"Ahmedabad Branch 135",Ahmedabad,Gujarat,BANK000135,"Nikhil Singh","332, Main Road"
BR0136,"Bengaluru Branch 136",Bengaluru,Karnataka,BANK000136,"Pooja Rathore","39, Main Road"
BR0137,"Indore Branch 137",Indore,"Madhya Pradesh",BANK000137,"Vikas Agarwal","98, MG Road"
BR0138,"Mumbai Branch 138",Mumbai,Maharashtra,BANK000138,"Arjun Yadav","722, Station Road"
BR0139,"Bengaluru Branch 139",Bengaluru,Karnataka,BANK000139,"Karan Sharma","458, Main Road"
BR0140,"Pune Branch 140",Pune,Maharashtra,BANK000140,"Nikhil Rathore","884, Main Road"
BR0141,"Udaipur Branch 141",Udaipur,Rajasthan,BANK000141,"Kavita Yadav","602, Market Road"
BR0142,"Bhopal Branch 142",Bhopal,"Madhya Pradesh",BANK000142,"Vikas Mehta","488, Market Road"
BR0143,"Bhopal Branch 143",Bhopal,"Madhya Pradesh",BANK000143,"Suresh Mishra","957, MG Road"
BR0144,"Bengaluru Branch 144",Bengaluru,Karnataka,BANK000144,"Ankit Jain","910, Station Road"
BR0145,"Kota Branch 145",Kota,Rajasthan,BANK000145,"Pawan Choudhary","657, Market Road"
BR0146,"Indore Branch 146",Indore,"Madhya Pradesh",BANK000146,"Anjali Bansal","993, Market Road"
BR0147,"Alwar Branch 147",Alwar,Rajasthan,BANK000147,"Suresh Malhotra","731, Main Road"
BR0148,"Hyderabad Branch 148",Hyderabad,Telangana,BANK000148,"Kavita Rathore","344, MG Road"
BR0149,"Alwar Branch 149",Alwar,Rajasthan,BANK000149,"Kavita Sharma","599, Main Road"
BR0150,"Surat Branch 150",Surat,Gujarat,BANK000150,"Rahul Jain","425, Station Road"
BR0151,"Alwar Branch 151",Alwar,Rajasthan,BANK000151,"Ankit Mishra","709, MG Road"
BR0152,"Kota Branch 152",Kota,Rajasthan,BANK000152,"Kavita Kumar","410, MG Road"
BR0153,"Kolkata Branch 153",Kolkata,"West Bengal",BANK000153,"Meena Choudhary","834, Market Road"
BR0154,"Mumbai Branch 154",Mumbai,Maharashtra,BANK000154,"Shreya Mishra","440, Market Road"
BR0155,"Delhi Branch 155",Delhi,Delhi,BANK000155,"Nikhil Mishra","163, Market Road"
BR0156,"Kolkata Branch 156",Kolkata,"West Bengal",BANK000156,"Shreya Kumar","54, Station Road"
BR0157,"Bhopal Branch 157",Bhopal,"Madhya Pradesh",BANK000157,"Anjali Singh","488, MG Road"
BR0158,"Udaipur Branch 158",Udaipur,Rajasthan,BANK000158,"Pooja Singh","262, MG Road"
BR0159,"Kolkata Branch 159",Kolkata,"West Bengal",BANK000159,"Karan Jain","527, Main Road"
BR0160,"Mumbai Branch 160",Mumbai,Maharashtra,BANK000160,"Deepak Sharma","504, Main Road"
BR0161,"Surat Branch 161",Surat,Gujarat,BANK000161,"Amit Mehta","577, MG Road"
BR0162,"Mumbai Branch 162",Mumbai,Maharashtra,BANK000162,"Pooja Saini","60, MG Road"
BR0163,"Surat Branch 163",Surat,Gujarat,BANK000163,"Vivek Saini","482, MG Road"
BR0164,"Jodhpur Branch 164",Jodhpur,Rajasthan,BANK000164,"Shreya Saini","504, Market Road"
BR0165,"Ahmedabad Branch 165",Ahmedabad,Gujarat,BANK000165,"Vikas Joshi","353, Station Road"
BR0166,"Mumbai Branch 166",Mumbai,Maharashtra,BANK000166,"Arjun Bansal","430, Market Road"
BR0167,"Jaipur Branch 167",Jaipur,Rajasthan,BANK000167,"Deepak Yadav","229, Market Road"
BR0168,"Chandigarh Branch 168",Chandigarh,Chandigarh,BANK000168,"Priya Agarwal","116, Market Road"
BR0169,"Hyderabad Branch 169",Hyderabad,Telangana,BANK000169,"Meena Agarwal","287, Market Road"
BR0170,"Lucknow Branch 170",Lucknow,"Uttar Pradesh",BANK000170,"Rohit Agarwal","231, MG Road"
BR0171,"Bengaluru Branch 171",Bengaluru,Karnataka,BANK000171,"Anjali Bansal","819, Market Road"
BR0172,"Jaipur Branch 172",Jaipur,Rajasthan,BANK000172,"Priya Jain","250, Main Road"
BR0173,"Indore Branch 173",Indore,"Madhya Pradesh",BANK000173,"Pooja Singh","779, Station Road"
BR0174,"Jodhpur Branch 174",Jodhpur,Rajasthan,BANK000174,"Rohit Rathore","797, MG Road"
BR0175,"Kolkata Branch 175",Kolkata,"West Bengal",BANK000175,"Pooja Mishra","719, MG Road"
BR0176,"Alwar Branch 176",Alwar,Rajasthan,BANK000176,"Priya Yadav","616, Station Road"
BR0177,"Lucknow Branch 177",Lucknow,"Uttar Pradesh",BANK000177,"Pooja Yadav","382, MG Road"
BR0178,"Udaipur Branch 178",Udaipur,Rajasthan,BANK000178,"Komal Bansal","454, MG Road"
BR0179,"Bengaluru Branch 179",Bengaluru,Karnataka,BANK000179,"Rohit Singh","144, Station Road"
BR0180,"Udaipur Branch 180",Udaipur,Rajasthan,BANK000180,"Amit Mehta","899, Station Road"
BR0181,"Lucknow Branch 181",Lucknow,"Uttar Pradesh",BANK000181,"Rohit Verma","973, Main Road"
BR0182,"Udaipur Branch 182",Udaipur,Rajasthan,BANK000182,"Arjun Saini","800, Main Road"
BR0183,"Mumbai Branch 183",Mumbai,Maharashtra,BANK000183,"Vivek Gupta","77, Station Road"
BR0184,"Delhi Branch 184",Delhi,Delhi,BANK000184,"Suresh Gupta","570, MG Road"
BR0185,"Ahmedabad Branch 185",Ahmedabad,Gujarat,BANK000185,"Priya Gupta","700, Station Road"
BR0186,"Pune Branch 186",Pune,Maharashtra,BANK000186,"Neha Bansal","854, Market Road"
BR0187,"Udaipur Branch 187",Udaipur,Rajasthan,BANK000187,"Meena Mishra","376, MG Road"
BR0188,"Indore Branch 188",Indore,"Madhya Pradesh",BANK000188,"Neha Choudhary","347, MG Road"
BR0189,"Chandigarh Branch 189",Chandigarh,Chandigarh,BANK000189,"Rahul Mehta","693, Main Road"
BR0190,"Bhopal Branch 190",Bhopal,"Madhya Pradesh",BANK000190,"Anjali Mishra","639, Main Road"
BR0191,"Jodhpur Branch 191",Jodhpur,Rajasthan,BANK000191,"Neha Choudhary","398, Main Road"
BR0192,"Ahmedabad Branch 192",Ahmedabad,Gujarat,BANK000192,"Meena Verma","12, Station Road"
BR0193,"Udaipur Branch 193",Udaipur,Rajasthan,BANK000193,"Riya Saini","948, Station Road"
BR0194,"Surat Branch 194",Surat,Gujarat,BANK000194,"Suresh Choudhary","314, Main Road"
BR0195,"Hyderabad Branch 195",Hyderabad,Telangana,BANK000195,"Neha Kumar","683, MG Road"
BR0196,"Chandigarh Branch 196",Chandigarh,Chandigarh,BANK000196,"Rohit Gupta","68, MG Road"
BR0197,"Lucknow Branch 197",Lucknow,"Uttar Pradesh",BANK000197,"Suresh Sharma","480, Station Road"
BR0198,"Bhopal Branch 198",Bhopal,"Madhya Pradesh",BANK000198,"Komal Sharma","475, Market Road"
BR0199,"Udaipur Branch 199",Udaipur,Rajasthan,BANK000199,"Kavita Jain","674, MG Road"
BR0200,"Kolkata Branch 200",Kolkata,"West Bengal",BANK000200,"Manish Mehta","993, Main Road"
BR0201,"Pune Branch 201",Pune,Maharashtra,BANK000201,"Karan Singh","309, Station Road"
BR0202,"Ahmedabad Branch 202",Ahmedabad,Gujarat,BANK000202,"Simran Tiwari","340, MG Road"
BR0203,"Ahmedabad Branch 203",Ahmedabad,Gujarat,BANK000203,"Pawan Tiwari","147, Market Road"
BR0204,"Delhi Branch 204",Delhi,Delhi,BANK000204,"Riya Saini","382, Market Road"
BR0205,"Pune Branch 205",Pune,Maharashtra,BANK000205,"Deepak Sharma","114, Market Road"
BR0206,"Jodhpur Branch 206",Jodhpur,Rajasthan,BANK000206,"Riya Yadav","104, Station Road"
BR0207,"Bengaluru Branch 207",Bengaluru,Karnataka,BANK000207,"Manish Kumar","802, Main Road"
BR0208,"Hyderabad Branch 208",Hyderabad,Telangana,BANK000208,"Deepak Malhotra","285, Main Road"
BR0209,"Indore Branch 209",Indore,"Madhya Pradesh",BANK000209,"Amit Agarwal","455, Station Road"
BR0210,"Delhi Branch 210",Delhi,Delhi,BANK000210,"Shreya Agarwal","405, Market Road"
BR0211,"Ahmedabad Branch 211",Ahmedabad,Gujarat,BANK000211,"Ankit Verma","58, Market Road"
BR0212,"Kota Branch 212",Kota,Rajasthan,BANK000212,"Anjali Saini","164, Market Road"
BR0213,"Kota Branch 213",Kota,Rajasthan,BANK000213,"Riya Patel","325, Station Road"
BR0214,"Chandigarh Branch 214",Chandigarh,Chandigarh,BANK000214,"Amit Mehta","251, Station Road"
BR0215,"Chennai Branch 215",Chennai,"Tamil Nadu",BANK000215,"Anjali Saini","287, Main Road"
BR0216,"Bengaluru Branch 216",Bengaluru,Karnataka,BANK000216,"Vivek Malhotra","676, Main Road"
BR0217,"Bengaluru Branch 217",Bengaluru,Karnataka,BANK000217,"Suresh Joshi","949, Main Road"
BR0218,"Alwar Branch 218",Alwar,Rajasthan,BANK000218,"Karan Verma","676, Main Road"
BR0219,"Ahmedabad Branch 219",Ahmedabad,Gujarat,BANK000219,"Pawan Joshi","263, MG Road"
BR0220,"Jodhpur Branch 220",Jodhpur,Rajasthan,BANK000220,"Karan Yadav","95, Market Road"
BR0221,"Mumbai Branch 221",Mumbai,Maharashtra,BANK000221,"Rahul Saini","335, Market Road"
BR0222,"Chandigarh Branch 222",Chandigarh,Chandigarh,BANK000222,"Vikas Gupta","448, Market Road"
BR0223,"Lucknow Branch 223",Lucknow,"Uttar Pradesh",BANK000223,"Kavita Kumar","326, Market Road"
BR0224,"Delhi Branch 224",Delhi,Delhi,BANK000224,"Vivek Sharma","489, Market Road"
BR0225,"Pune Branch 225",Pune,Maharashtra,BANK000225,"Suresh Choudhary","790, MG Road"
BR0226,"Pune Branch 226",Pune,Maharashtra,BANK000226,"Rahul Verma","283, Station Road"
BR0227,"Lucknow Branch 227",Lucknow,"Uttar Pradesh",BANK000227,"Pawan Verma","337, MG Road"
BR0228,"Jodhpur Branch 228",Jodhpur,Rajasthan,BANK000228,"Vikas Tiwari","846, Station Road"
BR0229,"Mumbai Branch 229",Mumbai,Maharashtra,BANK000229,"Nikhil Gupta","191, Market Road"
BR0230,"Delhi Branch 230",Delhi,Delhi,BANK000230,"Arjun Gupta","161, MG Road"
BR0231,"Alwar Branch 231",Alwar,Rajasthan,BANK000231,"Neha Choudhary","495, MG Road"
BR0232,"Pune Branch 232",Pune,Maharashtra,BANK000232,"Manish Choudhary","301, Station Road"
BR0233,"Jodhpur Branch 233",Jodhpur,Rajasthan,BANK000233,"Ankit Rathore","457, Main Road"
BR0234,"Ahmedabad Branch 234",Ahmedabad,Gujarat,BANK000234,"Rahul Saini","682, MG Road"
BR0235,"Pune Branch 235",Pune,Maharashtra,BANK000235,"Amit Agarwal","95, Station Road"
BR0236,"Chandigarh Branch 236",Chandigarh,Chandigarh,BANK000236,"Shreya Yadav","715, Market Road"
BR0237,"Kolkata Branch 237",Kolkata,"West Bengal",BANK000237,"Anjali Sharma","183, MG Road"
BR0238,"Ahmedabad Branch 238",Ahmedabad,Gujarat,BANK000238,"Suresh Agarwal","55, Market Road"
BR0239,"Udaipur Branch 239",Udaipur,Rajasthan,BANK000239,"Pooja Choudhary","210, Market Road"
BR0240,"Ahmedabad Branch 240",Ahmedabad,Gujarat,BANK000240,"Anjali Bansal","312, Main Road"
BR0241,"Surat Branch 241",Surat,Gujarat,BANK000241,"Nikhil Yadav","372, Station Road"
BR0242,"Chandigarh Branch 242",Chandigarh,Chandigarh,BANK000242,"Vikas Saini","135, Main Road"
BR0243,"Bengaluru Branch 243",Bengaluru,Karnataka,BANK000243,"Komal Patel","440, Market Road"
BR0244,"Surat Branch 244",Surat,Gujarat,BANK000244,"Nikhil Kumar","664, Market Road"
BR0245,"Surat Branch 245",Surat,Gujarat,BANK000245,"Pooja Joshi","791, Market Road"
BR0246,"Lucknow Branch 246",Lucknow,"Uttar Pradesh",BANK000246,"Kavita Yadav","772, Market Road"
BR0247,"Bhopal Branch 247",Bhopal,"Madhya Pradesh",BANK000247,"Shreya Kumar","262, Main Road"
BR0248,"Surat Branch 248",Surat,Gujarat,BANK000248,"Pawan Saini","168, Station Road"
BR0249,"Chennai Branch 249",Chennai,"Tamil Nadu",BANK000249,"Manish Tiwari","70, Main Road"
BR0250,"Indore Branch 250",Indore,"Madhya Pradesh",BANK000250,"Shreya Jain","328, Station Road"
BR0251,"Jaipur Branch 251",Jaipur,Rajasthan,BANK000251,"Shreya Sharma","555, Station Road"
BR0252,"Chandigarh Branch 252",Chandigarh,Chandigarh,BANK000252,"Deepak Agarwal","483, Market Road"
BR0253,"Alwar Branch 253",Alwar,Rajasthan,BANK000253,"Priya Rathore","744, Market Road"
BR0254,"Kota Branch 254",Kota,Rajasthan,BANK000254,"Neha Singh","700, Station Road"
BR0255,"Alwar Branch 255",Alwar,Rajasthan,BANK000255,"Pawan Patel","986, MG Road"
BR0256,"Chandigarh Branch 256",Chandigarh,Chandigarh,BANK000256,"Sneha Joshi","814, Market Road"
BR0257,"Alwar Branch 257",Alwar,Rajasthan,BANK000257,"Priya Rathore","133, Market Road"
BR0258,"Alwar Branch 258",Alwar,Rajasthan,BANK000258,"Deepak Jain","580, Station Road"
BR0259,"Kolkata Branch 259",Kolkata,"West Bengal",BANK000259,"Rahul Patel","834, Market Road"
BR0260,"Indore Branch 260",Indore,"Madhya Pradesh",BANK000260,"Ankit Kumar","455, MG Road"
BR0261,"Bengaluru Branch 261",Bengaluru,Karnataka,BANK000261,"Rahul Jain","501, Station Road"
BR0262,"Delhi Branch 262",Delhi,Delhi,BANK000262,"Amit Kumar","573, Station Road"
BR0263,"Surat Branch 263",Surat,Gujarat,BANK000263,"Pawan Mishra","691, Market Road"
BR0264,"Mumbai Branch 264",Mumbai,Maharashtra,BANK000264,"Meena Patel","886, Station Road"
BR0265,"Kolkata Branch 265",Kolkata,"West Bengal",BANK000265,"Pooja Yadav","574, Market Road"
BR0266,"Mumbai Branch 266",Mumbai,Maharashtra,BANK000266,"Vivek Verma","93, MG Road"
BR0267,"Udaipur Branch 267",Udaipur,Rajasthan,BANK000267,"Meena Tiwari","70, Station Road"
BR0268,"Chennai Branch 268",Chennai,"Tamil Nadu",BANK000268,"Amit Rathore","746, Station Road"
BR0269,"Pune Branch 269",Pune,Maharashtra,BANK000269,"Sneha Singh","377, Station Road"
BR0270,"Chennai Branch 270",Chennai,"Tamil Nadu",BANK000270,"Suresh Singh","190, Main Road"
BR0271,"Kolkata Branch 271",Kolkata,"West Bengal",BANK000271,"Riya Mishra","758, MG Road"
BR0272,"Chandigarh Branch 272",Chandigarh,Chandigarh,BANK000272,"Pooja Agarwal","901, Main Road"
BR0273,"Udaipur Branch 273",Udaipur,Rajasthan,BANK000273,"Pooja Sharma","681, Station Road"
BR0274,"Ahmedabad Branch 274",Ahmedabad,Gujarat,BANK000274,"Arjun Agarwal","111, MG Road"
BR0275,"Ahmedabad Branch 275",Ahmedabad,Gujarat,BANK000275,"Anjali Gupta","222, Market Road"
BR0276,"Mumbai Branch 276",Mumbai,Maharashtra,BANK000276,"Karan Gupta","731, Main Road"
BR0277,"Lucknow Branch 277",Lucknow,"Uttar Pradesh",BANK000277,"Nikhil Agarwal","197, Market Road"
BR0278,"Mumbai Branch 278",Mumbai,Maharashtra,BANK000278,"Simran Choudhary","215, Station Road"
BR0279,"Kota Branch 279",Kota,Rajasthan,BANK000279,"Ankit Sharma","812, Station Road"
BR0280,"Jaipur Branch 280",Jaipur,Rajasthan,BANK000280,"Amit Gupta","795, Station Road"
BR0281,"Bhopal Branch 281",Bhopal,"Madhya Pradesh",BANK000281,"Riya Gupta","158, Market Road"
BR0282,"Delhi Branch 282",Delhi,Delhi,BANK000282,"Manish Patel","121, Main Road"
BR0283,"Alwar Branch 283",Alwar,Rajasthan,BANK000283,"Rohit Jain","543, Market Road"
BR0284,"Chandigarh Branch 284",Chandigarh,Chandigarh,BANK000284,"Deepak Yadav","357, Market Road"
BR0285,"Surat Branch 285",Surat,Gujarat,BANK000285,"Kavita Singh","210, Station Road"
BR0286,"Bengaluru Branch 286",Bengaluru,Karnataka,BANK000286,"Pooja Verma","372, Station Road"
BR0287,"Jaipur Branch 287",Jaipur,Rajasthan,BANK000287,"Pawan Verma","746, Station Road"
BR0288,"Delhi Branch 288",Delhi,Delhi,BANK000288,"Vikas Verma","20, Market Road"
BR0289,"Pune Branch 289",Pune,Maharashtra,BANK000289,"Pawan Bansal","33, Main Road"
BR0290,"Bengaluru Branch 290",Bengaluru,Karnataka,BANK000290,"Nikhil Gupta","529, Main Road"
BR0291,"Kolkata Branch 291",Kolkata,"West Bengal",BANK000291,"Komal Mehta","538, Station Road"
BR0292,"Ahmedabad Branch 292",Ahmedabad,Gujarat,BANK000292,"Pooja Verma","367, Station Road"
BR0293,"Jodhpur Branch 293",Jodhpur,Rajasthan,BANK000293,"Manish Saini","952, Main Road"
BR0294,"Kota Branch 294",Kota,Rajasthan,BANK000294,"Kavita Kumar","991, Station Road"
BR0295,"Delhi Branch 295",Delhi,Delhi,BANK000295,"Neha Malhotra","430, Station Road"
BR0296,"Jaipur Branch 296",Jaipur,Rajasthan,BANK000296,"Vikas Mishra","469, MG Road"
BR0297,"Kolkata Branch 297",Kolkata,"West Bengal",BANK000297,"Sneha Joshi","282, Market Road"
BR0298,"Hyderabad Branch 298",Hyderabad,Telangana,BANK000298,"Meena Tiwari","989, Station Road"
BR0299,"Lucknow Branch 299",Lucknow,"Uttar Pradesh",BANK000299,"Neha Mehta","754, Main Road"
BR0300,"Bhopal Branch 300",Bhopal,"Madhya Pradesh",BANK000300,"Komal Tiwari","99, Main Road"
BR0301,"Bhopal Branch 301",Bhopal,"Madhya Pradesh",BANK000301,"Rahul Saini","446, Main Road"
BR0302,"Chennai Branch 302",Chennai,"Tamil Nadu",BANK000302,"Simran Yadav","551, MG Road"
BR0303,"Indore Branch 303",Indore,"Madhya Pradesh",BANK000303,"Amit Joshi","896, MG Road"
BR0304,"Jodhpur Branch 304",Jodhpur,Rajasthan,BANK000304,"Vivek Rathore","366, MG Road"
BR0305,"Jodhpur Branch 305",Jodhpur,Rajasthan,BANK000305,"Sneha Saini","447, Station Road"
BR0306,"Jodhpur Branch 306",Jodhpur,Rajasthan,BANK000306,"Sneha Mehta","993, Main Road"
BR0307,"Surat Branch 307",Surat,Gujarat,BANK000307,"Sneha Malhotra","369, Station Road"
BR0308,"Pune Branch 308",Pune,Maharashtra,BANK000308,"Vivek Verma","443, Main Road"
BR0309,"Alwar Branch 309",Alwar,Rajasthan,BANK000309,"Shreya Bansal","225, Market Road"
BR0310,"Kolkata Branch 310",Kolkata,"West Bengal",BANK000310,"Vivek Kumar","148, Station Road"
BR0311,"Ahmedabad Branch 311",Ahmedabad,Gujarat,BANK000311,"Priya Mishra","798, MG Road"
BR0312,"Kolkata Branch 312",Kolkata,"West Bengal",BANK000312,"Kavita Singh","867, Station Road"
BR0313,"Udaipur Branch 313",Udaipur,Rajasthan,BANK000313,"Arjun Patel","810, Station Road"
BR0314,"Alwar Branch 314",Alwar,Rajasthan,BANK000314,"Suresh Agarwal","109, Main Road"
BR0315,"Chennai Branch 315",Chennai,"Tamil Nadu",BANK000315,"Rahul Jain","107, Main Road"
BR0316,"Bhopal Branch 316",Bhopal,"Madhya Pradesh",BANK000316,"Rahul Mehta","907, Station Road"
BR0317,"Bhopal Branch 317",Bhopal,"Madhya Pradesh",BANK000317,"Pawan Rathore","368, MG Road"
BR0318,"Udaipur Branch 318",Udaipur,Rajasthan,BANK000318,"Kavita Saini","77, Station Road"
BR0319,"Kota Branch 319",Kota,Rajasthan,BANK000319,"Komal Patel","332, Main Road"
BR0320,"Alwar Branch 320",Alwar,Rajasthan,BANK000320,"Vikas Sharma","92, Station Road"
BR0321,"Pune Branch 321",Pune,Maharashtra,BANK000321,"Kavita Singh","186, Main Road"
BR0322,"Chandigarh Branch 322",Chandigarh,Chandigarh,BANK000322,"Nikhil Bansal","755, Main Road"
BR0323,"Kota Branch 323",Kota,Rajasthan,BANK000323,"Shreya Kumar","354, MG Road"
BR0324,"Lucknow Branch 324",Lucknow,"Uttar Pradesh",BANK000324,"Vikas Verma","634, MG Road"
BR0325,"Udaipur Branch 325",Udaipur,Rajasthan,BANK000325,"Neha Agarwal","654, Market Road"
BR0326,"Chennai Branch 326",Chennai,"Tamil Nadu",BANK000326,"Anjali Rathore","691, Station Road"
BR0327,"Mumbai Branch 327",Mumbai,Maharashtra,BANK000327,"Vikas Mishra","901, Station Road"
BR0328,"Chennai Branch 328",Chennai,"Tamil Nadu",BANK000328,"Pawan Jain","368, MG Road"
BR0329,"Chandigarh Branch 329",Chandigarh,Chandigarh,BANK000329,"Amit Yadav","377, Main Road"
BR0330,"Delhi Branch 330",Delhi,Delhi,BANK000330,"Meena Sharma","858, Station Road"
BR0331,"Kolkata Branch 331",Kolkata,"West Bengal",BANK000331,"Amit Yadav","216, Main Road"
BR0332,"Bhopal Branch 332",Bhopal,"Madhya Pradesh",BANK000332,"Priya Verma","584, MG Road"
BR0333,"Indore Branch 333",Indore,"Madhya Pradesh",BANK000333,"Simran Saini","338, Main Road"
BR0334,"Pune Branch 334",Pune,Maharashtra,BANK000334,"Ankit Mishra","484, Station Road"
BR0335,"Kota Branch 335",Kota,Rajasthan,BANK000335,"Nikhil Malhotra","269, Market Road"
BR0336,"Bhopal Branch 336",Bhopal,"Madhya Pradesh",BANK000336,"Pawan Malhotra","49, Station Road"
BR0337,"Kolkata Branch 337",Kolkata,"West Bengal",BANK000337,"Priya Joshi","166, Station Road"
BR0338,"Bhopal Branch 338",Bhopal,"Madhya Pradesh",BANK000338,"Deepak Mishra","915, MG Road"
BR0339,"Jaipur Branch 339",Jaipur,Rajasthan,BANK000339,"Sneha Malhotra","935, MG Road"
BR0340,"Jaipur Branch 340",Jaipur,Rajasthan,BANK000340,"Rahul Singh","643, Station Road"
BR0341,"Kolkata Branch 341",Kolkata,"West Bengal",BANK000341,"Arjun Saini","268, Market Road"
BR0342,"Ahmedabad Branch 342",Ahmedabad,Gujarat,BANK000342,"Komal Saini","150, Station Road"
BR0343,"Indore Branch 343",Indore,"Madhya Pradesh",BANK000343,"Rohit Rathore","211, Main Road"
BR0344,"Kolkata Branch 344",Kolkata,"West Bengal",BANK000344,"Nikhil Rathore","800, Market Road"
BR0345,"Delhi Branch 345",Delhi,Delhi,BANK000345,"Komal Malhotra","305, Main Road"
BR0346,"Bengaluru Branch 346",Bengaluru,Karnataka,BANK000346,"Meena Joshi","631, MG Road"
BR0347,"Indore Branch 347",Indore,"Madhya Pradesh",BANK000347,"Pooja Gupta","136, MG Road"
BR0348,"Delhi Branch 348",Delhi,Delhi,BANK000348,"Pooja Agarwal","531, MG Road"
BR0349,"Surat Branch 349",Surat,Gujarat,BANK000349,"Sneha Choudhary","52, Station Road"
BR0350,"Jaipur Branch 350",Jaipur,Rajasthan,BANK000350,"Amit Saini","438, MG Road"
BR0351,"Lucknow Branch 351",Lucknow,"Uttar Pradesh",BANK000351,"Riya Gupta","57, Station Road"
BR0352,"Kolkata Branch 352",Kolkata,"West Bengal",BANK000352,"Deepak Rathore","56, Market Road"
BR0353,"Jodhpur Branch 353",Jodhpur,Rajasthan,BANK000353,"Manish Tiwari","791, Station Road"
BR0354,"Bhopal Branch 354",Bhopal,"Madhya Pradesh",BANK000354,"Arjun Patel","671, Station Road"
BR0355,"Udaipur Branch 355",Udaipur,Rajasthan,BANK000355,"Meena Jain","251, Station Road"
BR0356,"Pune Branch 356",Pune,Maharashtra,BANK000356,"Vikas Gupta","671, Market Road"
BR0357,"Hyderabad Branch 357",Hyderabad,Telangana,BANK000357,"Vivek Rathore","581, Market Road"
BR0358,"Lucknow Branch 358",Lucknow,"Uttar Pradesh",BANK000358,"Vivek Agarwal","724, Market Road"
BR0359,"Jaipur Branch 359",Jaipur,Rajasthan,BANK000359,"Pooja Verma","987, MG Road"
BR0360,"Delhi Branch 360",Delhi,Delhi,BANK000360,"Vikas Sharma","191, Main Road"
BR0361,"Delhi Branch 361",Delhi,Delhi,BANK000361,"Ankit Rathore","492, Main Road"
BR0362,"Delhi Branch 362",Delhi,Delhi,BANK000362,"Komal Rathore","992, Main Road"
BR0363,"Kota Branch 363",Kota,Rajasthan,BANK000363,"Arjun Yadav","760, MG Road"
BR0364,"Delhi Branch 364",Delhi,Delhi,BANK000364,"Riya Rathore","759, Main Road"
BR0365,"Surat Branch 365",Surat,Gujarat,BANK000365,"Vikas Gupta","786, Market Road"
BR0366,"Indore Branch 366",Indore,"Madhya Pradesh",BANK000366,"Neha Saini","224, Station Road"
BR0367,"Bengaluru Branch 367",Bengaluru,Karnataka,BANK000367,"Anjali Choudhary","207, Station Road"
BR0368,"Hyderabad Branch 368",Hyderabad,Telangana,BANK000368,"Kavita Mishra","876, Market Road"
BR0369,"Ahmedabad Branch 369",Ahmedabad,Gujarat,BANK000369,"Pawan Saini","632, Market Road"
BR0370,"Udaipur Branch 370",Udaipur,Rajasthan,BANK000370,"Suresh Choudhary","671, Station Road"
BR0371,"Kota Branch 371",Kota,Rajasthan,BANK000371,"Deepak Singh","212, Station Road"
BR0372,"Jodhpur Branch 372",Jodhpur,Rajasthan,BANK000372,"Manish Choudhary","915, Main Road"
BR0373,"Indore Branch 373",Indore,"Madhya Pradesh",BANK000373,"Manish Yadav","18, Station Road"
BR0374,"Udaipur Branch 374",Udaipur,Rajasthan,BANK000374,"Simran Rathore","144, MG Road"
BR0375,"Mumbai Branch 375",Mumbai,Maharashtra,BANK000375,"Neha Malhotra","889, Main Road"
BR0376,"Hyderabad Branch 376",Hyderabad,Telangana,BANK000376,"Rahul Rathore","840, Station Road"
BR0377,"Ahmedabad Branch 377",Ahmedabad,Gujarat,BANK000377,"Shreya Verma","560, Market Road"
BR0378,"Indore Branch 378",Indore,"Madhya Pradesh",BANK000378,"Komal Jain","520, Station Road"
BR0379,"Hyderabad Branch 379",Hyderabad,Telangana,BANK000379,"Arjun Singh","113, MG Road"
BR0380,"Lucknow Branch 380",Lucknow,"Uttar Pradesh",BANK000380,"Suresh Jain","202, Main Road"
BR0381,"Bengaluru Branch 381",Bengaluru,Karnataka,BANK000381,"Shreya Yadav","312, Main Road"
BR0382,"Chennai Branch 382",Chennai,"Tamil Nadu",BANK000382,"Rohit Malhotra","67, MG Road"
BR0383,"Chennai Branch 383",Chennai,"Tamil Nadu",BANK000383,"Vivek Singh","249, Main Road"
BR0384,"Hyderabad Branch 384",Hyderabad,Telangana,BANK000384,"Simran Jain","162, MG Road"
BR0385,"Kota Branch 385",Kota,Rajasthan,BANK000385,"Rohit Mishra","223, MG Road"
BR0386,"Chennai Branch 386",Chennai,"Tamil Nadu",BANK000386,"Simran Sharma","811, Market Road"
BR0387,"Jaipur Branch 387",Jaipur,Rajasthan,BANK000387,"Vikas Bansal","878, Main Road"
BR0388,"Chandigarh Branch 388",Chandigarh,Chandigarh,BANK000388,"Meena Patel","335, Main Road"
BR0389,"Ahmedabad Branch 389",Ahmedabad,Gujarat,BANK000389,"Anjali Mehta","609, Market Road"
BR0390,"Bhopal Branch 390",Bhopal,"Madhya Pradesh",BANK000390,"Sneha Bansal","259, Main Road"
BR0391,"Bengaluru Branch 391",Bengaluru,Karnataka,BANK000391,"Sneha Tiwari","430, Main Road"
BR0392,"Pune Branch 392",Pune,Maharashtra,BANK000392,"Arjun Kumar","756, MG Road"
BR0393,"Kota Branch 393",Kota,Rajasthan,BANK000393,"Karan Choudhary","421, Station Road"
BR0394,"Surat Branch 394",Surat,Gujarat,BANK000394,"Ankit Kumar","277, MG Road"
BR0395,"Lucknow Branch 395",Lucknow,"Uttar Pradesh",BANK000395,"Pooja Singh","578, Station Road"
BR0396,"Kota Branch 396",Kota,Rajasthan,BANK000396,"Kavita Jain","554, MG Road"
BR0397,"Chandigarh Branch 397",Chandigarh,Chandigarh,BANK000397,"Nikhil Agarwal","152, MG Road"
BR0398,"Bengaluru Branch 398",Bengaluru,Karnataka,BANK000398,"Anjali Gupta","608, MG Road"
BR0399,"Delhi Branch 399",Delhi,Delhi,BANK000399,"Simran Singh","809, MG Road"
BR0400,"Chandigarh Branch 400",Chandigarh,Chandigarh,BANK000400,"Vikas Malhotra","935, Station Road"
BR0401,"Chennai Branch 401",Chennai,"Tamil Nadu",BANK000401,"Amit Tiwari","279, Market Road"
BR0402,"Chandigarh Branch 402",Chandigarh,Chandigarh,BANK000402,"Nikhil Choudhary","473, MG Road"
BR0403,"Jaipur Branch 403",Jaipur,Rajasthan,BANK000403,"Pooja Sharma","567, MG Road"
BR0404,"Delhi Branch 404",Delhi,Delhi,BANK000404,"Vikas Mehta","783, Station Road"
BR0405,"Lucknow Branch 405",Lucknow,"Uttar Pradesh",BANK000405,"Nikhil Kumar","141, Station Road"
BR0406,"Bengaluru Branch 406",Bengaluru,Karnataka,BANK000406,"Anjali Gupta","601, Market Road"
BR0407,"Alwar Branch 407",Alwar,Rajasthan,BANK000407,"Deepak Bansal","654, Main Road"
BR0408,"Delhi Branch 408",Delhi,Delhi,BANK000408,"Rohit Singh","704, Market Road"
BR0409,"Hyderabad Branch 409",Hyderabad,Telangana,BANK000409,"Nikhil Sharma","650, Main Road"
BR0410,"Mumbai Branch 410",Mumbai,Maharashtra,BANK000410,"Pooja Mehta","897, Station Road"
BR0411,"Bhopal Branch 411",Bhopal,"Madhya Pradesh",BANK000411,"Arjun Rathore","586, Main Road"
BR0412,"Kolkata Branch 412",Kolkata,"West Bengal",BANK000412,"Pooja Kumar","315, Market Road"
BR0413,"Delhi Branch 413",Delhi,Delhi,BANK000413,"Deepak Agarwal","518, MG Road"
BR0414,"Ahmedabad Branch 414",Ahmedabad,Gujarat,BANK000414,"Rohit Verma","793, Market Road"
BR0415,"Mumbai Branch 415",Mumbai,Maharashtra,BANK000415,"Vivek Singh","111, Market Road"
BR0416,"Udaipur Branch 416",Udaipur,Rajasthan,BANK000416,"Sneha Bansal","331, Main Road"
BR0417,"Jodhpur Branch 417",Jodhpur,Rajasthan,BANK000417,"Pawan Yadav","6, Station Road"
BR0418,"Chennai Branch 418",Chennai,"Tamil Nadu",BANK000418,"Anjali Agarwal","950, Station Road"
BR0419,"Lucknow Branch 419",Lucknow,"Uttar Pradesh",BANK000419,"Vivek Choudhary","485, MG Road"
BR0420,"Surat Branch 420",Surat,Gujarat,BANK000420,"Neha Verma","909, MG Road"
BR0421,"Lucknow Branch 421",Lucknow,"Uttar Pradesh",BANK000421,"Deepak Kumar","917, MG Road"
BR0422,"Bhopal Branch 422",Bhopal,"Madhya Pradesh",BANK000422,"Vivek Rathore","67, Station Road"
BR0423,"Lucknow Branch 423",Lucknow,"Uttar Pradesh",BANK000423,"Karan Agarwal","283, Station Road"
BR0424,"Udaipur Branch 424",Udaipur,Rajasthan,BANK000424,"Riya Mehta","451, Market Road"
BR0425,"Kota Branch 425",Kota,Rajasthan,BANK000425,"Manish Singh","755, Market Road"
BR0426,"Chandigarh Branch 426",Chandigarh,Chandigarh,BANK000426,"Riya Tiwari","674, MG Road"
BR0427,"Bengaluru Branch 427",Bengaluru,Karnataka,BANK000427,"Rohit Gupta","849, MG Road"
BR0428,"Mumbai Branch 428",Mumbai,Maharashtra,BANK000428,"Arjun Patel","706, MG Road"
BR0429,"Alwar Branch 429",Alwar,Rajasthan,BANK000429,"Suresh Mishra","193, Station Road"
BR0430,"Kota Branch 430",Kota,Rajasthan,BANK000430,"Riya Sharma","504, MG Road"
BR0431,"Lucknow Branch 431",Lucknow,"Uttar Pradesh",BANK000431,"Komal Verma","39, MG Road"
BR0432,"Alwar Branch 432",Alwar,Rajasthan,BANK000432,"Vivek Joshi","27, Market Road"
BR0433,"Mumbai Branch 433",Mumbai,Maharashtra,BANK000433,"Priya Gupta","132, Market Road"
BR0434,"Hyderabad Branch 434",Hyderabad,Telangana,BANK000434,"Neha Gupta","591, Market Road"
BR0435,"Pune Branch 435",Pune,Maharashtra,BANK000435,"Deepak Sharma","735, MG Road"
BR0436,"Indore Branch 436",Indore,"Madhya Pradesh",BANK000436,"Pooja Rathore","851, Market Road"
BR0437,"Pune Branch 437",Pune,Maharashtra,BANK000437,"Deepak Mehta","525, Station Road"
BR0438,"Delhi Branch 438",Delhi,Delhi,BANK000438,"Nikhil Joshi","88, Station Road"
BR0439,"Lucknow Branch 439",Lucknow,"Uttar Pradesh",BANK000439,"Pawan Mishra","209, Station Road"
BR0440,"Lucknow Branch 440",Lucknow,"Uttar Pradesh",BANK000440,"Shreya Rathore","349, Station Road"
BR0441,"Udaipur Branch 441",Udaipur,Rajasthan,BANK000441,"Simran Malhotra","198, Main Road"
BR0442,"Jodhpur Branch 442",Jodhpur,Rajasthan,BANK000442,"Anjali Kumar","840, Main Road"
BR0443,"Lucknow Branch 443",Lucknow,"Uttar Pradesh",BANK000443,"Riya Gupta","786, Main Road"
BR0444,"Surat Branch 444",Surat,Gujarat,BANK000444,"Amit Agarwal","697, MG Road"
BR0445,"Udaipur Branch 445",Udaipur,Rajasthan,BANK000445,"Arjun Gupta","554, Main Road"
BR0446,"Udaipur Branch 446",Udaipur,Rajasthan,BANK000446,"Priya Malhotra","619, Station Road"
BR0447,"Ahmedabad Branch 447",Ahmedabad,Gujarat,BANK000447,"Shreya Mishra","326, MG Road"
BR0448,"Pune Branch 448",Pune,Maharashtra,BANK000448,"Manish Tiwari","961, Station Road"
BR0449,"Bengaluru Branch 449",Bengaluru,Karnataka,BANK000449,"Shreya Rathore","455, Main Road"
BR0450,"Alwar Branch 450",Alwar,Rajasthan,BANK000450,"Ankit Malhotra","968, MG Road"
BR0451,"Alwar Branch 451",Alwar,Rajasthan,BANK000451,"Karan Agarwal","13, Main Road"
BR0452,"Jodhpur Branch 452",Jodhpur,Rajasthan,BANK000452,"Amit Rathore","392, Station Road"
BR0453,"Jaipur Branch 453",Jaipur,Rajasthan,BANK000453,"Rahul Malhotra","472, Market Road"
BR0454,"Chandigarh Branch 454",Chandigarh,Chandigarh,BANK000454,"Priya Kumar","468, MG Road"
BR0455,"Ahmedabad Branch 455",Ahmedabad,Gujarat,BANK000455,"Amit Choudhary","103, MG Road"
BR0456,"Kolkata Branch 456",Kolkata,"West Bengal",BANK000456,"Pawan Sharma","433, MG Road"
BR0457,"Hyderabad Branch 457",Hyderabad,Telangana,BANK000457,"Komal Verma","190, Market Road"
BR0458,"Chennai Branch 458",Chennai,"Tamil Nadu",BANK000458,"Simran Choudhary","173, Station Road"
BR0459,"Indore Branch 459",Indore,"Madhya Pradesh",BANK000459,"Simran Choudhary","779, Market Road"
BR0460,"Pune Branch 460",Pune,Maharashtra,BANK000460,"Arjun Choudhary","634, MG Road"
BR0461,"Delhi Branch 461",Delhi,Delhi,BANK000461,"Arjun Singh","976, Market Road"
BR0462,"Indore Branch 462",Indore,"Madhya Pradesh",BANK000462,"Rohit Jain","604, Market Road"
BR0463,"Indore Branch 463",Indore,"Madhya Pradesh",BANK000463,"Rohit Malhotra","921, Market Road"
BR0464,"Bengaluru Branch 464",Bengaluru,Karnataka,BANK000464,"Shreya Tiwari","660, Market Road"
BR0465,"Bengaluru Branch 465",Bengaluru,Karnataka,BANK000465,"Rohit Singh","754, MG Road"
BR0466,"Alwar Branch 466",Alwar,Rajasthan,BANK000466,"Sneha Yadav","844, Market Road"
BR0467,"Kota Branch 467",Kota,Rajasthan,BANK000467,"Riya Malhotra","834, Main Road"
BR0468,"Chandigarh Branch 468",Chandigarh,Chandigarh,BANK000468,"Priya Jain","35, Main Road"
BR0469,"Lucknow Branch 469",Lucknow,"Uttar Pradesh",BANK000469,"Pooja Joshi","423, Market Road"
BR0470,"Kolkata Branch 470",Kolkata,"West Bengal",BANK000470,"Rohit Agarwal","167, Market Road"
BR0471,"Jaipur Branch 471",Jaipur,Rajasthan,BANK000471,"Anjali Joshi","645, Station Road"
BR0472,"Chennai Branch 472",Chennai,"Tamil Nadu",BANK000472,"Karan Patel","215, MG Road"
BR0473,"Bengaluru Branch 473",Bengaluru,Karnataka,BANK000473,"Sneha Rathore","450, Main Road"
BR0474,"Chandigarh Branch 474",Chandigarh,Chandigarh,BANK000474,"Ankit Mehta","819, MG Road"
BR0475,"Pune Branch 475",Pune,Maharashtra,BANK000475,"Manish Mehta","303, Station Road"
BR0476,"Delhi Branch 476",Delhi,Delhi,BANK000476,"Sneha Bansal","288, Market Road"
BR0477,"Kolkata Branch 477",Kolkata,"West Bengal",BANK000477,"Deepak Mehta","286, Station Road"
BR0478,"Alwar Branch 478",Alwar,Rajasthan,BANK000478,"Neha Singh","290, Main Road"
BR0479,"Jodhpur Branch 479",Jodhpur,Rajasthan,BANK000479,"Shreya Yadav","316, MG Road"
BR0480,"Bhopal Branch 480",Bhopal,"Madhya Pradesh",BANK000480,"Amit Malhotra","723, MG Road"
BR0481,"Chandigarh Branch 481",Chandigarh,Chandigarh,BANK000481,"Pooja Singh","489, Station Road"
BR0482,"Ahmedabad Branch 482",Ahmedabad,Gujarat,BANK000482,"Sneha Gupta","230, Market Road"
BR0483,"Chennai Branch 483",Chennai,"Tamil Nadu",BANK000483,"Rohit Choudhary","904, Main Road"
BR0484,"Bengaluru Branch 484",Bengaluru,Karnataka,BANK000484,"Pawan Kumar","976, Station Road"
BR0485,"Ahmedabad Branch 485",Ahmedabad,Gujarat,BANK000485,"Kavita Joshi","806, Market Road"
BR0486,"Kota Branch 486",Kota,Rajasthan,BANK000486,"Neha Gupta","282, MG Road"
BR0487,"Jodhpur Branch 487",Jodhpur,Rajasthan,BANK000487,"Neha Kumar","390, Main Road"
BR0488,"Alwar Branch 488",Alwar,Rajasthan,BANK000488,"Vikas Malhotra","908, Main Road"
BR0489,"Indore Branch 489",Indore,"Madhya Pradesh",BANK000489,"Shreya Sharma","296, MG Road"
BR0490,"Lucknow Branch 490",Lucknow,"Uttar Pradesh",BANK000490,"Pawan Joshi","913, Market Road"
BR0491,"Bhopal Branch 491",Bhopal,"Madhya Pradesh",BANK000491,"Amit Saini","190, MG Road"
BR0492,"Ahmedabad Branch 492",Ahmedabad,Gujarat,BANK000492,"Neha Mishra","586, Market Road"
BR0493,"Jodhpur Branch 493",Jodhpur,Rajasthan,BANK000493,"Simran Bansal","12, Market Road"
BR0494,"Alwar Branch 494",Alwar,Rajasthan,BANK000494,"Ankit Singh","147, Station Road"
BR0495,"Alwar Branch 495",Alwar,Rajasthan,BANK000495,"Karan Kumar","474, MG Road"
BR0496,"Udaipur Branch 496",Udaipur,Rajasthan,BANK000496,"Suresh Bansal","632, MG Road"
BR0497,"Mumbai Branch 497",Mumbai,Maharashtra,BANK000497,"Komal Patel","344, Station Road"
BR0498,"Kota Branch 498",Kota,Rajasthan,BANK000498,"Ankit Rathore","670, Market Road"
BR0499,"Surat Branch 499",Surat,Gujarat,BANK000499,"Manish Rathore","779, Station Road"
BR0500,"Surat Branch 500",Surat,Gujarat,BANK000500,"Simran Singh","295, MG Road"
BR0501,"Pune Branch 501",Pune,Maharashtra,BANK000501,"Shreya Bansal","624, Main Road"
BR0502,"Delhi Branch 502",Delhi,Delhi,BANK000502,"Arjun Joshi","420, Market Road"
BR0503,"Bengaluru Branch 503",Bengaluru,Karnataka,BANK000503,"Anjali Yadav","912, Market Road"
BR0504,"Jodhpur Branch 504",Jodhpur,Rajasthan,BANK000504,"Riya Tiwari","216, Market Road"
BR0505,"Udaipur Branch 505",Udaipur,Rajasthan,BANK000505,"Shreya Malhotra","456, MG Road"
BR0506,"Lucknow Branch 506",Lucknow,"Uttar Pradesh",BANK000506,"Vikas Mishra","318, Main Road"
BR0507,"Surat Branch 507",Surat,Gujarat,BANK000507,"Vivek Gupta","716, Main Road"
BR0508,"Udaipur Branch 508",Udaipur,Rajasthan,BANK000508,"Amit Choudhary","455, Main Road"
BR0509,"Indore Branch 509",Indore,"Madhya Pradesh",BANK000509,"Pooja Gupta","450, Market Road"
BR0510,"Delhi Branch 510",Delhi,Delhi,BANK000510,"Rahul Tiwari","861, Market Road"
BR0511,"Delhi Branch 511",Delhi,Delhi,BANK000511,"Anjali Saini","95, MG Road"
BR0512,"Jaipur Branch 512",Jaipur,Rajasthan,BANK000512,"Nikhil Singh","397, Station Road"
BR0513,"Indore Branch 513",Indore,"Madhya Pradesh",BANK000513,"Riya Jain","121, Main Road"
BR0514,"Alwar Branch 514",Alwar,Rajasthan,BANK000514,"Nikhil Singh","982, Station Road"
BR0515,"Udaipur Branch 515",Udaipur,Rajasthan,BANK000515,"Simran Verma","996, MG Road"
BR0516,"Ahmedabad Branch 516",Ahmedabad,Gujarat,BANK000516,"Arjun Yadav","338, Station Road"
BR0517,"Kolkata Branch 517",Kolkata,"West Bengal",BANK000517,"Kavita Tiwari","234, Station Road"
BR0518,"Indore Branch 518",Indore,"Madhya Pradesh",BANK000518,"Ankit Jain","556, Station Road"
BR0519,"Chandigarh Branch 519",Chandigarh,Chandigarh,BANK000519,"Rahul Agarwal","640, Main Road"
BR0520,"Alwar Branch 520",Alwar,Rajasthan,BANK000520,"Pawan Singh","761, MG Road"
BR0521,"Mumbai Branch 521",Mumbai,Maharashtra,BANK000521,"Amit Sharma","820, Market Road"
BR0522,"Lucknow Branch 522",Lucknow,"Uttar Pradesh",BANK000522,"Karan Choudhary","201, Station Road"
BR0523,"Alwar Branch 523",Alwar,Rajasthan,BANK000523,"Shreya Malhotra","355, Station Road"
BR0524,"Lucknow Branch 524",Lucknow,"Uttar Pradesh",BANK000524,"Vikas Saini","461, MG Road"
BR0525,"Bengaluru Branch 525",Bengaluru,Karnataka,BANK000525,"Manish Yadav","746, MG Road"
BR0526,"Kolkata Branch 526",Kolkata,"West Bengal",BANK000526,"Shreya Yadav","437, Main Road"
BR0527,"Alwar Branch 527",Alwar,Rajasthan,BANK000527,"Meena Mishra","470, Market Road"
BR0528,"Hyderabad Branch 528",Hyderabad,Telangana,BANK000528,"Priya Patel","350, Station Road"
BR0529,"Udaipur Branch 529",Udaipur,Rajasthan,BANK000529,"Karan Agarwal","628, Main Road"
BR0530,"Jodhpur Branch 530",Jodhpur,Rajasthan,BANK000530,"Nikhil Yadav","461, Station Road"
BR0531,"Jodhpur Branch 531",Jodhpur,Rajasthan,BANK000531,"Suresh Singh","227, Station Road"
BR0532,"Alwar Branch 532",Alwar,Rajasthan,BANK000532,"Nikhil Kumar","199, Market Road"
BR0533,"Lucknow Branch 533",Lucknow,"Uttar Pradesh",BANK000533,"Deepak Jain","604, Station Road"
BR0534,"Bengaluru Branch 534",Bengaluru,Karnataka,BANK000534,"Vivek Joshi","338, Station Road"
BR0535,"Lucknow Branch 535",Lucknow,"Uttar Pradesh",BANK000535,"Manish Agarwal","814, Main Road"
BR0536,"Kolkata Branch 536",Kolkata,"West Bengal",BANK000536,"Manish Kumar","301, MG Road"
BR0537,"Bengaluru Branch 537",Bengaluru,Karnataka,BANK000537,"Vivek Choudhary","484, Market Road"
BR0538,"Indore Branch 538",Indore,"Madhya Pradesh",BANK000538,"Karan Patel","941, MG Road"
BR0539,"Indore Branch 539",Indore,"Madhya Pradesh",BANK000539,"Arjun Mishra","257, Station Road"
BR0540,"Indore Branch 540",Indore,"Madhya Pradesh",BANK000540,"Rahul Singh","24, Market Road"
BR0541,"Jodhpur Branch 541",Jodhpur,Rajasthan,BANK000541,"Manish Saini","164, Station Road"
BR0542,"Alwar Branch 542",Alwar,Rajasthan,BANK000542,"Anjali Sharma","495, Market Road"
BR0543,"Surat Branch 543",Surat,Gujarat,BANK000543,"Amit Tiwari","686, Station Road"
BR0544,"Hyderabad Branch 544",Hyderabad,Telangana,BANK000544,"Vikas Tiwari","479, Market Road"
BR0545,"Bhopal Branch 545",Bhopal,"Madhya Pradesh",BANK000545,"Sneha Agarwal","706, Main Road"
BR0546,"Udaipur Branch 546",Udaipur,Rajasthan,BANK000546,"Pooja Mehta","842, Market Road"
BR0547,"Lucknow Branch 547",Lucknow,"Uttar Pradesh",BANK000547,"Priya Joshi","990, MG Road"
BR0548,"Chennai Branch 548",Chennai,"Tamil Nadu",BANK000548,"Vikas Saini","69, Station Road"
BR0549,"Indore Branch 549",Indore,"Madhya Pradesh",BANK000549,"Pawan Verma","533, Station Road"
BR0550,"Kota Branch 550",Kota,Rajasthan,BANK000550,"Ankit Kumar","477, MG Road"
BR0551,"Hyderabad Branch 551",Hyderabad,Telangana,BANK000551,"Komal Singh","230, Main Road"
BR0552,"Mumbai Branch 552",Mumbai,Maharashtra,BANK000552,"Deepak Yadav","676, Market Road"
BR0553,"Jodhpur Branch 553",Jodhpur,Rajasthan,BANK000553,"Amit Patel","539, Main Road"
BR0554,"Chennai Branch 554",Chennai,"Tamil Nadu",BANK000554,"Komal Tiwari","317, Station Road"
BR0555,"Udaipur Branch 555",Udaipur,Rajasthan,BANK000555,"Riya Kumar","579, Market Road"
BR0556,"Kota Branch 556",Kota,Rajasthan,BANK000556,"Priya Verma","35, Market Road"
BR0557,"Udaipur Branch 557",Udaipur,Rajasthan,BANK000557,"Manish Gupta","972, MG Road"
BR0558,"Lucknow Branch 558",Lucknow,"Uttar Pradesh",BANK000558,"Riya Bansal","586, Market Road"
BR0559,"Pune Branch 559",Pune,Maharashtra,BANK000559,"Vivek Malhotra","451, Market Road"
BR0560,"Alwar Branch 560",Alwar,Rajasthan,BANK000560,"Anjali Malhotra","553, Main Road"
BR0561,"Bengaluru Branch 561",Bengaluru,Karnataka,BANK000561,"Shreya Tiwari","153, Station Road"
BR0562,"Kolkata Branch 562",Kolkata,"West Bengal",BANK000562,"Anjali Joshi","259, Main Road"
BR0563,"Pune Branch 563",Pune,Maharashtra,BANK000563,"Rahul Joshi","134, MG Road"
BR0564,"Hyderabad Branch 564",Hyderabad,Telangana,BANK000564,"Priya Mehta","83, Market Road"
BR0565,"Bhopal Branch 565",Bhopal,"Madhya Pradesh",BANK000565,"Nikhil Kumar","455, Main Road"
BR0566,"Ahmedabad Branch 566",Ahmedabad,Gujarat,BANK000566,"Deepak Jain","36, MG Road"
BR0567,"Jodhpur Branch 567",Jodhpur,Rajasthan,BANK000567,"Nikhil Malhotra","36, Main Road"
BR0568,"Chandigarh Branch 568",Chandigarh,Chandigarh,BANK000568,"Arjun Verma","632, Market Road"
BR0569,"Mumbai Branch 569",Mumbai,Maharashtra,BANK000569,"Kavita Malhotra","415, MG Road"
BR0570,"Lucknow Branch 570",Lucknow,"Uttar Pradesh",BANK000570,"Pawan Singh","914, Main Road"
BR0571,"Surat Branch 571",Surat,Gujarat,BANK000571,"Manish Rathore","642, Market Road"
BR0572,"Kota Branch 572",Kota,Rajasthan,BANK000572,"Deepak Patel","500, Station Road"
BR0573,"Bhopal Branch 573",Bhopal,"Madhya Pradesh",BANK000573,"Manish Patel","61, Market Road"
BR0574,"Kolkata Branch 574",Kolkata,"West Bengal",BANK000574,"Amit Kumar","431, Market Road"
BR0575,"Bengaluru Branch 575",Bengaluru,Karnataka,BANK000575,"Suresh Kumar","946, Market Road"
BR0576,"Jaipur Branch 576",Jaipur,Rajasthan,BANK000576,"Amit Mishra","806, Market Road"
BR0577,"Indore Branch 577",Indore,"Madhya Pradesh",BANK000577,"Sneha Mishra","684, Main Road"
BR0578,"Bengaluru Branch 578",Bengaluru,Karnataka,BANK000578,"Deepak Singh","623, MG Road"
BR0579,"Delhi Branch 579",Delhi,Delhi,BANK000579,"Kavita Jain","379, MG Road"
BR0580,"Delhi Branch 580",Delhi,Delhi,BANK000580,"Priya Patel","152, MG Road"
BR0581,"Chennai Branch 581",Chennai,"Tamil Nadu",BANK000581,"Karan Saini","198, Main Road"
BR0582,"Jodhpur Branch 582",Jodhpur,Rajasthan,BANK000582,"Suresh Joshi","812, Main Road"
BR0583,"Udaipur Branch 583",Udaipur,Rajasthan,BANK000583,"Riya Patel","274, Market Road"
BR0584,"Mumbai Branch 584",Mumbai,Maharashtra,BANK000584,"Neha Patel","356, Station Road"
BR0585,"Jaipur Branch 585",Jaipur,Rajasthan,BANK000585,"Arjun Yadav","719, MG Road"
BR0586,"Pune Branch 586",Pune,Maharashtra,BANK000586,"Arjun Agarwal","803, Station Road"
BR0587,"Indore Branch 587",Indore,"Madhya Pradesh",BANK000587,"Pooja Malhotra","119, Market Road"
BR0588,"Udaipur Branch 588",Udaipur,Rajasthan,BANK000588,"Simran Saini","112, MG Road"
BR0589,"Mumbai Branch 589",Mumbai,Maharashtra,BANK000589,"Sneha Mehta","859, MG Road"
BR0590,"Chandigarh Branch 590",Chandigarh,Chandigarh,BANK000590,"Arjun Mishra","2, Main Road"
BR0591,"Lucknow Branch 591",Lucknow,"Uttar Pradesh",BANK000591,"Meena Kumar","910, Market Road"
BR0592,"Pune Branch 592",Pune,Maharashtra,BANK000592,"Pooja Yadav","667, Market Road"
BR0593,"Delhi Branch 593",Delhi,Delhi,BANK000593,"Sneha Agarwal","529, MG Road"
BR0594,"Jodhpur Branch 594",Jodhpur,Rajasthan,BANK000594,"Pooja Yadav","703, MG Road"
BR0595,"Lucknow Branch 595",Lucknow,"Uttar Pradesh",BANK000595,"Arjun Tiwari","232, Station Road"
BR0596,"Chennai Branch 596",Chennai,"Tamil Nadu",BANK000596,"Neha Bansal","3, Market Road"
BR0597,"Alwar Branch 597",Alwar,Rajasthan,BANK000597,"Anjali Yadav","732, MG Road"
BR0598,"Surat Branch 598",Surat,Gujarat,BANK000598,"Karan Gupta","103, Market Road"
BR0599,"Ahmedabad Branch 599",Ahmedabad,Gujarat,BANK000599,"Priya Yadav","540, Main Road"
BR0600,"Kolkata Branch 600",Kolkata,"West Bengal",BANK000600,"Karan Mishra","829, Market Road"
BR0601,"Lucknow Branch 601",Lucknow,"Uttar Pradesh",BANK000601,"Nikhil Tiwari","134, Main Road"
BR0602,"Jodhpur Branch 602",Jodhpur,Rajasthan,BANK000602,"Simran Verma","250, Station Road"
BR0603,"Delhi Branch 603",Delhi,Delhi,BANK000603,"Kavita Agarwal","935, Station Road"
BR0604,"Mumbai Branch 604",Mumbai,Maharashtra,BANK000604,"Priya Saini","319, Station Road"
BR0605,"Pune Branch 605",Pune,Maharashtra,BANK000605,"Simran Jain","818, Main Road"
BR0606,"Surat Branch 606",Surat,Gujarat,BANK000606,"Neha Gupta","422, Main Road"
BR0607,"Jodhpur Branch 607",Jodhpur,Rajasthan,BANK000607,"Neha Yadav","751, Market Road"
BR0608,"Alwar Branch 608",Alwar,Rajasthan,BANK000608,"Pooja Malhotra","133, Main Road"
BR0609,"Hyderabad Branch 609",Hyderabad,Telangana,BANK000609,"Pooja Yadav","810, Station Road"
BR0610,"Delhi Branch 610",Delhi,Delhi,BANK000610,"Simran Kumar","180, Station Road"
BR0611,"Kota Branch 611",Kota,Rajasthan,BANK000611,"Rahul Bansal","674, Market Road"
BR0612,"Delhi Branch 612",Delhi,Delhi,BANK000612,"Amit Tiwari","918, MG Road"
BR0613,"Alwar Branch 613",Alwar,Rajasthan,BANK000613,"Deepak Tiwari","853, MG Road"
BR0614,"Bhopal Branch 614",Bhopal,"Madhya Pradesh",BANK000614,"Suresh Choudhary","547, Market Road"
BR0615,"Lucknow Branch 615",Lucknow,"Uttar Pradesh",BANK000615,"Rahul Mehta","229, Main Road"
BR0616,"Ahmedabad Branch 616",Ahmedabad,Gujarat,BANK000616,"Rohit Rathore","926, MG Road"
BR0617,"Indore Branch 617",Indore,"Madhya Pradesh",BANK000617,"Komal Patel","562, Station Road"
BR0618,"Surat Branch 618",Surat,Gujarat,BANK000618,"Komal Mehta","442, Main Road"
BR0619,"Mumbai Branch 619",Mumbai,Maharashtra,BANK000619,"Komal Malhotra","526, Station Road"
BR0620,"Bengaluru Branch 620",Bengaluru,Karnataka,BANK000620,"Vivek Rathore","671, Station Road"
BR0621,"Lucknow Branch 621",Lucknow,"Uttar Pradesh",BANK000621,"Manish Rathore","161, Station Road"
BR0622,"Lucknow Branch 622",Lucknow,"Uttar Pradesh",BANK000622,"Priya Jain","199, MG Road"
BR0623,"Jodhpur Branch 623",Jodhpur,Rajasthan,BANK000623,"Pooja Verma","604, MG Road"
BR0624,"Lucknow Branch 624",Lucknow,"Uttar Pradesh",BANK000624,"Vikas Joshi","868, Main Road"
BR0625,"Bengaluru Branch 625",Bengaluru,Karnataka,BANK000625,"Rohit Mehta","985, Station Road"
BR0626,"Lucknow Branch 626",Lucknow,"Uttar Pradesh",BANK000626,"Shreya Malhotra","596, Station Road"
BR0627,"Bhopal Branch 627",Bhopal,"Madhya Pradesh",BANK000627,"Vivek Jain","987, Market Road"
BR0628,"Bhopal Branch 628",Bhopal,"Madhya Pradesh",BANK000628,"Pawan Mishra","851, Market Road"
BR0629,"Lucknow Branch 629",Lucknow,"Uttar Pradesh",BANK000629,"Simran Saini","70, Main Road"
BR0630,"Delhi Branch 630",Delhi,Delhi,BANK000630,"Nikhil Kumar","381, Main Road"
BR0631,"Indore Branch 631",Indore,"Madhya Pradesh",BANK000631,"Manish Patel","210, Market Road"
BR0632,"Mumbai Branch 632",Mumbai,Maharashtra,BANK000632,"Ankit Sharma","695, MG Road"
BR0633,"Kota Branch 633",Kota,Rajasthan,BANK000633,"Vivek Malhotra","314, Market Road"
BR0634,"Bhopal Branch 634",Bhopal,"Madhya Pradesh",BANK000634,"Suresh Saini","440, Market Road"
BR0635,"Surat Branch 635",Surat,Gujarat,BANK000635,"Sneha Agarwal","377, Market Road"
BR0636,"Hyderabad Branch 636",Hyderabad,Telangana,BANK000636,"Vivek Sharma","343, MG Road"
BR0637,"Delhi Branch 637",Delhi,Delhi,BANK000637,"Amit Gupta","354, MG Road"
BR0638,"Bengaluru Branch 638",Bengaluru,Karnataka,BANK000638,"Komal Yadav","984, Main Road"
BR0639,"Ahmedabad Branch 639",Ahmedabad,Gujarat,BANK000639,"Sneha Kumar","46, MG Road"
BR0640,"Alwar Branch 640",Alwar,Rajasthan,BANK000640,"Deepak Patel","325, MG Road"
BR0641,"Surat Branch 641",Surat,Gujarat,BANK000641,"Deepak Jain","925, Main Road"
BR0642,"Kolkata Branch 642",Kolkata,"West Bengal",BANK000642,"Amit Singh","174, Market Road"
BR0643,"Mumbai Branch 643",Mumbai,Maharashtra,BANK000643,"Vikas Gupta","735, Main Road"
BR0644,"Kota Branch 644",Kota,Rajasthan,BANK000644,"Sneha Tiwari","65, Market Road"
BR0645,"Jaipur Branch 645",Jaipur,Rajasthan,BANK000645,"Amit Yadav","399, MG Road"
BR0646,"Udaipur Branch 646",Udaipur,Rajasthan,BANK000646,"Deepak Gupta","247, Station Road"
BR0647,"Chandigarh Branch 647",Chandigarh,Chandigarh,BANK000647,"Simran Jain","766, MG Road"
BR0648,"Ahmedabad Branch 648",Ahmedabad,Gujarat,BANK000648,"Rohit Kumar","447, Station Road"
BR0649,"Kolkata Branch 649",Kolkata,"West Bengal",BANK000649,"Riya Mehta","778, Station Road"
BR0650,"Ahmedabad Branch 650",Ahmedabad,Gujarat,BANK000650,"Priya Verma","956, Station Road"
BR0651,"Kota Branch 651",Kota,Rajasthan,BANK000651,"Meena Kumar","124, Station Road"
BR0652,"Kolkata Branch 652",Kolkata,"West Bengal",BANK000652,"Amit Sharma","428, MG Road"
BR0653,"Jodhpur Branch 653",Jodhpur,Rajasthan,BANK000653,"Rohit Yadav","521, Station Road"
BR0654,"Alwar Branch 654",Alwar,Rajasthan,BANK000654,"Amit Bansal","154, Station Road"
BR0655,"Surat Branch 655",Surat,Gujarat,BANK000655,"Neha Rathore","664, MG Road"
BR0656,"Mumbai Branch 656",Mumbai,Maharashtra,BANK000656,"Riya Choudhary","59, Station Road"
BR0657,"Jodhpur Branch 657",Jodhpur,Rajasthan,BANK000657,"Vikas Tiwari","722, Station Road"
BR0658,"Bhopal Branch 658",Bhopal,"Madhya Pradesh",BANK000658,"Meena Patel","415, MG Road"
BR0659,"Bhopal Branch 659",Bhopal,"Madhya Pradesh",BANK000659,"Meena Mehta","799, MG Road"
BR0660,"Bhopal Branch 660",Bhopal,"Madhya Pradesh",BANK000660,"Ankit Kumar","115, Market Road"
BR0661,"Hyderabad Branch 661",Hyderabad,Telangana,BANK000661,"Rahul Agarwal","65, Station Road"
BR0662,"Indore Branch 662",Indore,"Madhya Pradesh",BANK000662,"Nikhil Saini","924, Station Road"
BR0663,"Lucknow Branch 663",Lucknow,"Uttar Pradesh",BANK000663,"Rohit Rathore","172, Market Road"
BR0664,"Surat Branch 664",Surat,Gujarat,BANK000664,"Kavita Saini","884, MG Road"
BR0665,"Chandigarh Branch 665",Chandigarh,Chandigarh,BANK000665,"Pooja Mishra","559, Station Road"
BR0666,"Kota Branch 666",Kota,Rajasthan,BANK000666,"Vikas Malhotra","796, Market Road"
BR0667,"Jodhpur Branch 667",Jodhpur,Rajasthan,BANK000667,"Manish Gupta","721, MG Road"
BR0668,"Jodhpur Branch 668",Jodhpur,Rajasthan,BANK000668,"Rahul Bansal","96, Main Road"
BR0669,"Kota Branch 669",Kota,Rajasthan,BANK000669,"Vivek Patel","112, Main Road"
BR0670,"Hyderabad Branch 670",Hyderabad,Telangana,BANK000670,"Vikas Tiwari","240, MG Road"
BR0671,"Alwar Branch 671",Alwar,Rajasthan,BANK000671,"Simran Patel","492, MG Road"
BR0672,"Bengaluru Branch 672",Bengaluru,Karnataka,BANK000672,"Neha Kumar","88, Station Road"
BR0673,"Bhopal Branch 673",Bhopal,"Madhya Pradesh",BANK000673,"Arjun Patel","831, MG Road"
BR0674,"Surat Branch 674",Surat,Gujarat,BANK000674,"Meena Sharma","757, Station Road"
BR0675,"Surat Branch 675",Surat,Gujarat,BANK000675,"Sneha Saini","415, Market Road"
BR0676,"Mumbai Branch 676",Mumbai,Maharashtra,BANK000676,"Arjun Agarwal","136, Main Road"
BR0677,"Jodhpur Branch 677",Jodhpur,Rajasthan,BANK000677,"Ankit Mehta","760, Main Road"
BR0678,"Udaipur Branch 678",Udaipur,Rajasthan,BANK000678,"Rohit Kumar","625, Market Road"
BR0679,"Delhi Branch 679",Delhi,Delhi,BANK000679,"Deepak Verma","496, Main Road"
BR0680,"Indore Branch 680",Indore,"Madhya Pradesh",BANK000680,"Vikas Sharma","387, Market Road"
BR0681,"Mumbai Branch 681",Mumbai,Maharashtra,BANK000681,"Suresh Yadav","78, Market Road"
BR0682,"Chandigarh Branch 682",Chandigarh,Chandigarh,BANK000682,"Pooja Agarwal","103, Market Road"
BR0683,"Kolkata Branch 683",Kolkata,"West Bengal",BANK000683,"Simran Yadav","922, Station Road"
BR0684,"Hyderabad Branch 684",Hyderabad,Telangana,BANK000684,"Kavita Bansal","867, MG Road"
BR0685,"Hyderabad Branch 685",Hyderabad,Telangana,BANK000685,"Manish Malhotra","676, Main Road"
BR0686,"Ahmedabad Branch 686",Ahmedabad,Gujarat,BANK000686,"Priya Saini","556, MG Road"
BR0687,"Indore Branch 687",Indore,"Madhya Pradesh",BANK000687,"Arjun Gupta","931, Station Road"
BR0688,"Alwar Branch 688",Alwar,Rajasthan,BANK000688,"Komal Gupta","533, MG Road"
BR0689,"Udaipur Branch 689",Udaipur,Rajasthan,BANK000689,"Neha Verma","413, Market Road"
BR0690,"Bhopal Branch 690",Bhopal,"Madhya Pradesh",BANK000690,"Simran Jain","781, Main Road"
BR0691,"Pune Branch 691",Pune,Maharashtra,BANK000691,"Nikhil Verma","13, Station Road"
BR0692,"Bengaluru Branch 692",Bengaluru,Karnataka,BANK000692,"Rohit Kumar","533, MG Road"
BR0693,"Delhi Branch 693",Delhi,Delhi,BANK000693,"Pawan Jain","862, Station Road"
BR0694,"Chennai Branch 694",Chennai,"Tamil Nadu",BANK000694,"Simran Joshi","712, Market Road"
BR0695,"Delhi Branch 695",Delhi,Delhi,BANK000695,"Nikhil Mishra","325, Station Road"
BR0696,"Kolkata Branch 696",Kolkata,"West Bengal",BANK000696,"Amit Malhotra","143, Market Road"
BR0697,"Jaipur Branch 697",Jaipur,Rajasthan,BANK000697,"Shreya Joshi","393, Station Road"
BR0698,"Hyderabad Branch 698",Hyderabad,Telangana,BANK000698,"Pooja Rathore","176, Station Road"
BR0699,"Pune Branch 699",Pune,Maharashtra,BANK000699,"Manish Rathore","358, MG Road"
BR0700,"Bengaluru Branch 700",Bengaluru,Karnataka,BANK000700,"Sneha Bansal","275, Station Road"
BR0701,"Bengaluru Branch 701",Bengaluru,Karnataka,BANK000701,"Ankit Choudhary","885, Station Road"
BR0702,"Jodhpur Branch 702",Jodhpur,Rajasthan,BANK000702,"Vikas Patel","899, Market Road"
BR0703,"Udaipur Branch 703",Udaipur,Rajasthan,BANK000703,"Ankit Saini","101, Main Road"
BR0704,"Alwar Branch 704",Alwar,Rajasthan,BANK000704,"Shreya Yadav","868, Market Road"
BR0705,"Lucknow Branch 705",Lucknow,"Uttar Pradesh",BANK000705,"Nikhil Rathore","536, Market Road"
BR0706,"Kota Branch 706",Kota,Rajasthan,BANK000706,"Nikhil Kumar","404, Station Road"
BR0707,"Chandigarh Branch 707",Chandigarh,Chandigarh,BANK000707,"Meena Gupta","611, Station Road"
BR0708,"Indore Branch 708",Indore,"Madhya Pradesh",BANK000708,"Simran Bansal","202, Main Road"
BR0709,"Kota Branch 709",Kota,Rajasthan,BANK000709,"Shreya Agarwal","451, MG Road"
BR0710,"Bengaluru Branch 710",Bengaluru,Karnataka,BANK000710,"Manish Sharma","807, Market Road"
BR0711,"Udaipur Branch 711",Udaipur,Rajasthan,BANK000711,"Vivek Tiwari","437, MG Road"
BR0712,"Ahmedabad Branch 712",Ahmedabad,Gujarat,BANK000712,"Kavita Singh","996, Station Road"
BR0713,"Jaipur Branch 713",Jaipur,Rajasthan,BANK000713,"Komal Mishra","922, MG Road"
BR0714,"Jaipur Branch 714",Jaipur,Rajasthan,BANK000714,"Arjun Rathore","318, MG Road"
BR0715,"Chennai Branch 715",Chennai,"Tamil Nadu",BANK000715,"Shreya Verma","640, Station Road"
BR0716,"Surat Branch 716",Surat,Gujarat,BANK000716,"Nikhil Yadav","785, MG Road"
BR0717,"Bengaluru Branch 717",Bengaluru,Karnataka,BANK000717,"Amit Tiwari","846, Station Road"
BR0718,"Lucknow Branch 718",Lucknow,"Uttar Pradesh",BANK000718,"Rohit Jain","422, Main Road"
BR0719,"Indore Branch 719",Indore,"Madhya Pradesh",BANK000719,"Ankit Singh","548, Main Road"
BR0720,"Surat Branch 720",Surat,Gujarat,BANK000720,"Vivek Yadav","644, Station Road"
BR0721,"Jaipur Branch 721",Jaipur,Rajasthan,BANK000721,"Arjun Verma","748, Station Road"
BR0722,"Kolkata Branch 722",Kolkata,"West Bengal",BANK000722,"Amit Verma","809, Market Road"
BR0723,"Ahmedabad Branch 723",Ahmedabad,Gujarat,BANK000723,"Kavita Tiwari","840, Station Road"
BR0724,"Delhi Branch 724",Delhi,Delhi,BANK000724,"Pooja Yadav","996, Market Road"
BR0725,"Pune Branch 725",Pune,Maharashtra,BANK000725,"Manish Choudhary","885, MG Road"
BR0726,"Alwar Branch 726",Alwar,Rajasthan,BANK000726,"Riya Jain","146, MG Road"
BR0727,"Chandigarh Branch 727",Chandigarh,Chandigarh,BANK000727,"Meena Mishra","761, Station Road"
BR0728,"Bhopal Branch 728",Bhopal,"Madhya Pradesh",BANK000728,"Karan Singh","737, Market Road"
BR0729,"Hyderabad Branch 729",Hyderabad,Telangana,BANK000729,"Kavita Jain","259, Main Road"
BR0730,"Pune Branch 730",Pune,Maharashtra,BANK000730,"Sneha Rathore","127, Main Road"
BR0731,"Jaipur Branch 731",Jaipur,Rajasthan,BANK000731,"Priya Verma","127, Market Road"
BR0732,"Alwar Branch 732",Alwar,Rajasthan,BANK000732,"Anjali Bansal","289, Station Road"
BR0733,"Kolkata Branch 733",Kolkata,"West Bengal",BANK000733,"Kavita Gupta","410, MG Road"
BR0734,"Chennai Branch 734",Chennai,"Tamil Nadu",BANK000734,"Simran Sharma","62, MG Road"
BR0735,"Delhi Branch 735",Delhi,Delhi,BANK000735,"Shreya Rathore","879, MG Road"
BR0736,"Udaipur Branch 736",Udaipur,Rajasthan,BANK000736,"Vivek Verma","205, MG Road"
BR0737,"Surat Branch 737",Surat,Gujarat,BANK000737,"Vivek Saini","729, MG Road"
BR0738,"Bhopal Branch 738",Bhopal,"Madhya Pradesh",BANK000738,"Kavita Joshi","159, Station Road"
BR0739,"Jodhpur Branch 739",Jodhpur,Rajasthan,BANK000739,"Pawan Agarwal","357, Station Road"
BR0740,"Chennai Branch 740",Chennai,"Tamil Nadu",BANK000740,"Riya Bansal","473, Market Road"
BR0741,"Bhopal Branch 741",Bhopal,"Madhya Pradesh",BANK000741,"Anjali Rathore","900, Main Road"
BR0742,"Kota Branch 742",Kota,Rajasthan,BANK000742,"Neha Gupta","637, Station Road"
BR0743,"Jaipur Branch 743",Jaipur,Rajasthan,BANK000743,"Nikhil Saini","295, Station Road"
BR0744,"Chandigarh Branch 744",Chandigarh,Chandigarh,BANK000744,"Komal Joshi","563, Market Road"
BR0745,"Surat Branch 745",Surat,Gujarat,BANK000745,"Neha Malhotra","14, Station Road"
BR0746,"Mumbai Branch 746",Mumbai,Maharashtra,BANK000746,"Arjun Joshi","368, Market Road"
BR0747,"Kolkata Branch 747",Kolkata,"West Bengal",BANK000747,"Arjun Tiwari","150, Station Road"
BR0748,"Kolkata Branch 748",Kolkata,"West Bengal",BANK000748,"Ankit Verma","616, Main Road"
BR0749,"Lucknow Branch 749",Lucknow,"Uttar Pradesh",BANK000749,"Rahul Yadav","709, Station Road"
BR0750,"Kota Branch 750",Kota,Rajasthan,BANK000750,"Amit Rathore","15, Market Road"
BR0751,"Pune Branch 751",Pune,Maharashtra,BANK000751,"Nikhil Gupta","293, Market Road"
BR0752,"Jaipur Branch 752",Jaipur,Rajasthan,BANK000752,"Vikas Joshi","774, Market Road"
BR0753,"Bengaluru Branch 753",Bengaluru,Karnataka,BANK000753,"Riya Rathore","977, MG Road"
BR0754,"Chandigarh Branch 754",Chandigarh,Chandigarh,BANK000754,"Sneha Singh","515, MG Road"
BR0755,"Udaipur Branch 755",Udaipur,Rajasthan,BANK000755,"Kavita Mehta","316, Market Road"
BR0756,"Chennai Branch 756",Chennai,"Tamil Nadu",BANK000756,"Vikas Bansal","520, Station Road"
BR0757,"Chandigarh Branch 757",Chandigarh,Chandigarh,BANK000757,"Ankit Kumar","513, Station Road"
BR0758,"Pune Branch 758",Pune,Maharashtra,BANK000758,"Deepak Mehta","575, Market Road"
BR0759,"Alwar Branch 759",Alwar,Rajasthan,BANK000759,"Rahul Sharma","306, MG Road"
BR0760,"Chennai Branch 760",Chennai,"Tamil Nadu",BANK000760,"Vikas Choudhary","443, MG Road"
BR0761,"Indore Branch 761",Indore,"Madhya Pradesh",BANK000761,"Pooja Saini","883, MG Road"
BR0762,"Chennai Branch 762",Chennai,"Tamil Nadu",BANK000762,"Pooja Jain","299, Main Road"
BR0763,"Bhopal Branch 763",Bhopal,"Madhya Pradesh",BANK000763,"Shreya Agarwal","776, Station Road"
BR0764,"Alwar Branch 764",Alwar,Rajasthan,BANK000764,"Pooja Jain","800, Station Road"
BR0765,"Chandigarh Branch 765",Chandigarh,Chandigarh,BANK000765,"Sneha Joshi","672, Market Road"
BR0766,"Udaipur Branch 766",Udaipur,Rajasthan,BANK000766,"Rahul Tiwari","710, Main Road"
BR0767,"Ahmedabad Branch 767",Ahmedabad,Gujarat,BANK000767,"Meena Rathore","570, Market Road"
BR0768,"Mumbai Branch 768",Mumbai,Maharashtra,BANK000768,"Manish Choudhary","254, Station Road"
BR0769,"Jodhpur Branch 769",Jodhpur,Rajasthan,BANK000769,"Sneha Patel","320, Market Road"
BR0770,"Mumbai Branch 770",Mumbai,Maharashtra,BANK000770,"Shreya Tiwari","44, Market Road"
BR0771,"Surat Branch 771",Surat,Gujarat,BANK000771,"Vikas Jain","957, Station Road"
BR0772,"Surat Branch 772",Surat,Gujarat,BANK000772,"Karan Bansal","271, Market Road"
BR0773,"Chennai Branch 773",Chennai,"Tamil Nadu",BANK000773,"Suresh Saini","953, Station Road"
BR0774,"Kota Branch 774",Kota,Rajasthan,BANK000774,"Arjun Yadav","647, Main Road"
BR0775,"Udaipur Branch 775",Udaipur,Rajasthan,BANK000775,"Shreya Choudhary","122, Station Road"
BR0776,"Lucknow Branch 776",Lucknow,"Uttar Pradesh",BANK000776,"Nikhil Tiwari","747, MG Road"
BR0777,"Bhopal Branch 777",Bhopal,"Madhya Pradesh",BANK000777,"Komal Choudhary","741, Market Road"
BR0778,"Ahmedabad Branch 778",Ahmedabad,Gujarat,BANK000778,"Pawan Sharma","307, Station Road"
BR0779,"Alwar Branch 779",Alwar,Rajasthan,BANK000779,"Simran Singh","503, Main Road"
BR0780,"Pune Branch 780",Pune,Maharashtra,BANK000780,"Riya Rathore","180, MG Road"
BR0781,"Kota Branch 781",Kota,Rajasthan,BANK000781,"Ankit Mishra","406, MG Road"
BR0782,"Indore Branch 782",Indore,"Madhya Pradesh",BANK000782,"Neha Tiwari","497, Station Road"
BR0783,"Jaipur Branch 783",Jaipur,Rajasthan,BANK000783,"Arjun Malhotra","966, MG Road"
BR0784,"Delhi Branch 784",Delhi,Delhi,BANK000784,"Amit Joshi","690, Market Road"
BR0785,"Kota Branch 785",Kota,Rajasthan,BANK000785,"Deepak Mishra","480, MG Road"
BR0786,"Delhi Branch 786",Delhi,Delhi,BANK000786,"Ankit Yadav","443, Station Road"
BR0787,"Kolkata Branch 787",Kolkata,"West Bengal",BANK000787,"Ankit Jain","233, Main Road"
BR0788,"Ahmedabad Branch 788",Ahmedabad,Gujarat,BANK000788,"Rahul Sharma","126, Main Road"
BR0789,"Indore Branch 789",Indore,"Madhya Pradesh",BANK000789,"Pooja Mehta","52, Main Road"
BR0790,"Lucknow Branch 790",Lucknow,"Uttar Pradesh",BANK000790,"Riya Joshi","406, Market Road"
BR0791,"Chennai Branch 791",Chennai,"Tamil Nadu",BANK000791,"Manish Rathore","948, Station Road"
BR0792,"Chennai Branch 792",Chennai,"Tamil Nadu",BANK000792,"Sneha Malhotra","264, MG Road"
BR0793,"Udaipur Branch 793",Udaipur,Rajasthan,BANK000793,"Ankit Sharma","620, Station Road"
BR0794,"Jaipur Branch 794",Jaipur,Rajasthan,BANK000794,"Anjali Singh","449, Main Road"
BR0795,"Jaipur Branch 795",Jaipur,Rajasthan,BANK000795,"Simran Gupta","260, Station Road"
BR0796,"Surat Branch 796",Surat,Gujarat,BANK000796,"Suresh Sharma","937, Main Road"
BR0797,"Bengaluru Branch 797",Bengaluru,Karnataka,BANK000797,"Meena Sharma","524, Market Road"
BR0798,"Bengaluru Branch 798",Bengaluru,Karnataka,BANK000798,"Vikas Choudhary","395, Market Road"
BR0799,"Lucknow Branch 799",Lucknow,"Uttar Pradesh",BANK000799,"Nikhil Bansal","997, Station Road"
BR0800,"Ahmedabad Branch 800",Ahmedabad,Gujarat,BANK000800,"Karan Rathore","582, Market Road"
BR0801,"Pune Branch 801",Pune,Maharashtra,BANK000801,"Komal Mehta","438, Market Road"
BR0802,"Lucknow Branch 802",Lucknow,"Uttar Pradesh",BANK000802,"Meena Malhotra","61, MG Road"
BR0803,"Kota Branch 803",Kota,Rajasthan,BANK000803,"Arjun Rathore","915, Station Road"
BR0804,"Chandigarh Branch 804",Chandigarh,Chandigarh,BANK000804,"Arjun Malhotra","203, Main Road"
BR0805,"Jaipur Branch 805",Jaipur,Rajasthan,BANK000805,"Karan Rathore","758, Market Road"
BR0806,"Hyderabad Branch 806",Hyderabad,Telangana,BANK000806,"Priya Rathore","894, Main Road"
BR0807,"Jaipur Branch 807",Jaipur,Rajasthan,BANK000807,"Riya Malhotra","203, Market Road"
BR0808,"Jaipur Branch 808",Jaipur,Rajasthan,BANK000808,"Priya Saini","817, Market Road"
BR0809,"Kolkata Branch 809",Kolkata,"West Bengal",BANK000809,"Anjali Singh","620, Market Road"
BR0810,"Mumbai Branch 810",Mumbai,Maharashtra,BANK000810,"Pooja Saini","442, Market Road"
BR0811,"Jodhpur Branch 811",Jodhpur,Rajasthan,BANK000811,"Manish Gupta","139, MG Road"
BR0812,"Mumbai Branch 812",Mumbai,Maharashtra,BANK000812,"Meena Bansal","707, Main Road"
BR0813,"Mumbai Branch 813",Mumbai,Maharashtra,BANK000813,"Amit Bansal","790, Market Road"
BR0814,"Alwar Branch 814",Alwar,Rajasthan,BANK000814,"Anjali Saini","30, MG Road"
BR0815,"Kolkata Branch 815",Kolkata,"West Bengal",BANK000815,"Suresh Tiwari","280, Station Road"
BR0816,"Mumbai Branch 816",Mumbai,Maharashtra,BANK000816,"Vivek Mehta","48, MG Road"
BR0817,"Indore Branch 817",Indore,"Madhya Pradesh",BANK000817,"Riya Choudhary","509, Station Road"
BR0818,"Indore Branch 818",Indore,"Madhya Pradesh",BANK000818,"Nikhil Agarwal","495, Main Road"
BR0819,"Pune Branch 819",Pune,Maharashtra,BANK000819,"Simran Mishra","436, MG Road"
BR0820,"Alwar Branch 820",Alwar,Rajasthan,BANK000820,"Rohit Mehta","921, Main Road"
BR0821,"Indore Branch 821",Indore,"Madhya Pradesh",BANK000821,"Simran Agarwal","355, Market Road"
BR0822,"Ahmedabad Branch 822",Ahmedabad,Gujarat,BANK000822,"Meena Jain","826, Station Road"
BR0823,"Chennai Branch 823",Chennai,"Tamil Nadu",BANK000823,"Priya Agarwal","799, Station Road"
BR0824,"Pune Branch 824",Pune,Maharashtra,BANK000824,"Neha Choudhary","27, Market Road"
BR0825,"Chandigarh Branch 825",Chandigarh,Chandigarh,BANK000825,"Sneha Patel","645, Main Road"
BR0826,"Chandigarh Branch 826",Chandigarh,Chandigarh,BANK000826,"Kavita Verma","596, MG Road"
BR0827,"Alwar Branch 827",Alwar,Rajasthan,BANK000827,"Nikhil Kumar","163, MG Road"
BR0828,"Jodhpur Branch 828",Jodhpur,Rajasthan,BANK000828,"Arjun Yadav","505, Station Road"
BR0829,"Mumbai Branch 829",Mumbai,Maharashtra,BANK000829,"Neha Sharma","569, Market Road"
BR0830,"Pune Branch 830",Pune,Maharashtra,BANK000830,"Neha Patel","806, Market Road"
BR0831,"Chandigarh Branch 831",Chandigarh,Chandigarh,BANK000831,"Ankit Kumar","431, Main Road"
BR0832,"Bhopal Branch 832",Bhopal,"Madhya Pradesh",BANK000832,"Priya Patel","619, Main Road"
BR0833,"Alwar Branch 833",Alwar,Rajasthan,BANK000833,"Priya Mishra","542, Station Road"
BR0834,"Indore Branch 834",Indore,"Madhya Pradesh",BANK000834,"Pawan Patel","276, Main Road"
BR0835,"Chennai Branch 835",Chennai,"Tamil Nadu",BANK000835,"Kavita Yadav","11, MG Road"
BR0836,"Hyderabad Branch 836",Hyderabad,Telangana,BANK000836,"Amit Mishra","976, Main Road"
BR0837,"Bhopal Branch 837",Bhopal,"Madhya Pradesh",BANK000837,"Meena Tiwari","770, Main Road"
BR0838,"Pune Branch 838",Pune,Maharashtra,BANK000838,"Shreya Jain","2, MG Road"
BR0839,"Mumbai Branch 839",Mumbai,Maharashtra,BANK000839,"Rahul Kumar","562, MG Road"
BR0840,"Jaipur Branch 840",Jaipur,Rajasthan,BANK000840,"Karan Mehta","771, Main Road"
BR0841,"Kota Branch 841",Kota,Rajasthan,BANK000841,"Arjun Mishra","618, MG Road"
BR0842,"Indore Branch 842",Indore,"Madhya Pradesh",BANK000842,"Priya Mishra","157, Market Road"
BR0843,"Delhi Branch 843",Delhi,Delhi,BANK000843,"Meena Verma","392, MG Road"
BR0844,"Udaipur Branch 844",Udaipur,Rajasthan,BANK000844,"Pawan Jain","529, Market Road"
BR0845,"Hyderabad Branch 845",Hyderabad,Telangana,BANK000845,"Pawan Yadav","847, MG Road"
BR0846,"Kota Branch 846",Kota,Rajasthan,BANK000846,"Kavita Patel","862, Market Road"
BR0847,"Lucknow Branch 847",Lucknow,"Uttar Pradesh",BANK000847,"Sneha Patel","629, Market Road"
BR0848,"Ahmedabad Branch 848",Ahmedabad,Gujarat,BANK000848,"Rahul Malhotra","128, Market Road"
BR0849,"Jaipur Branch 849",Jaipur,Rajasthan,BANK000849,"Kavita Agarwal","750, Station Road"
BR0850,"Pune Branch 850",Pune,Maharashtra,BANK000850,"Deepak Singh","166, Station Road"
BR0851,"Surat Branch 851",Surat,Gujarat,BANK000851,"Anjali Mishra","572, Main Road"
BR0852,"Jaipur Branch 852",Jaipur,Rajasthan,BANK000852,"Pawan Yadav","399, Market Road"
BR0853,"Jodhpur Branch 853",Jodhpur,Rajasthan,BANK000853,"Amit Verma","466, Station Road"
BR0854,"Pune Branch 854",Pune,Maharashtra,BANK000854,"Vikas Agarwal","967, Main Road"
BR0855,"Kolkata Branch 855",Kolkata,"West Bengal",BANK000855,"Neha Mishra","16, Market Road"
BR0856,"Ahmedabad Branch 856",Ahmedabad,Gujarat,BANK000856,"Arjun Kumar","944, Market Road"
BR0857,"Alwar Branch 857",Alwar,Rajasthan,BANK000857,"Vikas Mehta","127, MG Road"
BR0858,"Bengaluru Branch 858",Bengaluru,Karnataka,BANK000858,"Rahul Malhotra","460, Market Road"
BR0859,"Kolkata Branch 859",Kolkata,"West Bengal",BANK000859,"Neha Bansal","119, Main Road"
BR0860,"Udaipur Branch 860",Udaipur,Rajasthan,BANK000860,"Nikhil Patel","28, Main Road"
BR0861,"Kolkata Branch 861",Kolkata,"West Bengal",BANK000861,"Rahul Saini","624, Main Road"
BR0862,"Bhopal Branch 862",Bhopal,"Madhya Pradesh",BANK000862,"Rahul Malhotra","527, Market Road"
BR0863,"Pune Branch 863",Pune,Maharashtra,BANK000863,"Pawan Mehta","134, Station Road"
BR0864,"Alwar Branch 864",Alwar,Rajasthan,BANK000864,"Meena Yadav","950, Main Road"
BR0865,"Lucknow Branch 865",Lucknow,"Uttar Pradesh",BANK000865,"Pooja Jain","482, Main Road"
BR0866,"Chandigarh Branch 866",Chandigarh,Chandigarh,BANK000866,"Anjali Jain","261, Market Road"
BR0867,"Jaipur Branch 867",Jaipur,Rajasthan,BANK000867,"Karan Gupta","308, Market Road"
BR0868,"Hyderabad Branch 868",Hyderabad,Telangana,BANK000868,"Pawan Rathore","801, Market Road"
BR0869,"Lucknow Branch 869",Lucknow,"Uttar Pradesh",BANK000869,"Vivek Mishra","434, Market Road"
BR0870,"Udaipur Branch 870",Udaipur,Rajasthan,BANK000870,"Ankit Gupta","818, Station Road"
BR0871,"Kolkata Branch 871",Kolkata,"West Bengal",BANK000871,"Vikas Sharma","449, Main Road"
BR0872,"Pune Branch 872",Pune,Maharashtra,BANK000872,"Nikhil Mehta","715, Station Road"
BR0873,"Delhi Branch 873",Delhi,Delhi,BANK000873,"Rohit Yadav","957, Main Road"
BR0874,"Jaipur Branch 874",Jaipur,Rajasthan,BANK000874,"Simran Kumar","655, MG Road"
BR0875,"Bengaluru Branch 875",Bengaluru,Karnataka,BANK000875,"Vivek Joshi","751, Station Road"
BR0876,"Lucknow Branch 876",Lucknow,"Uttar Pradesh",BANK000876,"Arjun Saini","647, MG Road"
BR0877,"Chandigarh Branch 877",Chandigarh,Chandigarh,BANK000877,"Ankit Rathore","503, Main Road"
BR0878,"Kolkata Branch 878",Kolkata,"West Bengal",BANK000878,"Shreya Verma","345, Main Road"
BR0879,"Lucknow Branch 879",Lucknow,"Uttar Pradesh",BANK000879,"Deepak Rathore","139, Station Road"
BR0880,"Hyderabad Branch 880",Hyderabad,Telangana,BANK000880,"Sneha Gupta","948, MG Road"
BR0881,"Udaipur Branch 881",Udaipur,Rajasthan,BANK000881,"Deepak Mehta","483, Station Road"
BR0882,"Lucknow Branch 882",Lucknow,"Uttar Pradesh",BANK000882,"Nikhil Jain","497, Main Road"
BR0883,"Lucknow Branch 883",Lucknow,"Uttar Pradesh",BANK000883,"Shreya Mishra","867, Main Road"
BR0884,"Chennai Branch 884",Chennai,"Tamil Nadu",BANK000884,"Suresh Singh","212, MG Road"
BR0885,"Chennai Branch 885",Chennai,"Tamil Nadu",BANK000885,"Amit Patel","170, MG Road"
BR0886,"Pune Branch 886",Pune,Maharashtra,BANK000886,"Neha Joshi","821, MG Road"
BR0887,"Mumbai Branch 887",Mumbai,Maharashtra,BANK000887,"Suresh Kumar","384, Main Road"
BR0888,"Udaipur Branch 888",Udaipur,Rajasthan,BANK000888,"Vikas Joshi","495, Main Road"
BR0889,"Hyderabad Branch 889",Hyderabad,Telangana,BANK000889,"Amit Malhotra","599, Main Road"
BR0890,"Indore Branch 890",Indore,"Madhya Pradesh",BANK000890,"Suresh Malhotra","682, Market Road"
BR0891,"Lucknow Branch 891",Lucknow,"Uttar Pradesh",BANK000891,"Kavita Patel","777, Market Road"
BR0892,"Bengaluru Branch 892",Bengaluru,Karnataka,BANK000892,"Meena Sharma","122, Station Road"
BR0893,"Delhi Branch 893",Delhi,Delhi,BANK000893,"Manish Tiwari","77, Market Road"
BR0894,"Udaipur Branch 894",Udaipur,Rajasthan,BANK000894,"Pooja Patel","39, MG Road"
BR0895,"Hyderabad Branch 895",Hyderabad,Telangana,BANK000895,"Amit Malhotra","100, Market Road"
BR0896,"Kolkata Branch 896",Kolkata,"West Bengal",BANK000896,"Priya Verma","846, Market Road"
BR0897,"Alwar Branch 897",Alwar,Rajasthan,BANK000897,"Komal Mishra","542, Station Road"
BR0898,"Chandigarh Branch 898",Chandigarh,Chandigarh,BANK000898,"Riya Sharma","570, Market Road"
BR0899,"Indore Branch 899",Indore,"Madhya Pradesh",BANK000899,"Manish Agarwal","354, Main Road"
BR0900,"Chandigarh Branch 900",Chandigarh,Chandigarh,BANK000900,"Rohit Jain","164, Market Road"
BR0901,"Kota Branch 901",Kota,Rajasthan,BANK000901,"Meena Joshi","857, Market Road"
BR0902,"Chandigarh Branch 902",Chandigarh,Chandigarh,BANK000902,"Vikas Bansal","887, Main Road"
BR0903,"Pune Branch 903",Pune,Maharashtra,BANK000903,"Pooja Joshi","953, Station Road"
BR0904,"Hyderabad Branch 904",Hyderabad,Telangana,BANK000904,"Manish Patel","478, Station Road"
BR0905,"Ahmedabad Branch 905",Ahmedabad,Gujarat,BANK000905,"Nikhil Choudhary","347, Main Road"
BR0906,"Jodhpur Branch 906",Jodhpur,Rajasthan,BANK000906,"Meena Patel","760, Station Road"
BR0907,"Alwar Branch 907",Alwar,Rajasthan,BANK000907,"Rahul Yadav","347, MG Road"
BR0908,"Jaipur Branch 908",Jaipur,Rajasthan,BANK000908,"Manish Rathore","897, Main Road"
BR0909,"Chennai Branch 909",Chennai,"Tamil Nadu",BANK000909,"Amit Sharma","806, Main Road"
BR0910,"Hyderabad Branch 910",Hyderabad,Telangana,BANK000910,"Arjun Mehta","703, MG Road"
BR0911,"Delhi Branch 911",Delhi,Delhi,BANK000911,"Kavita Yadav","743, Main Road"
BR0912,"Jaipur Branch 912",Jaipur,Rajasthan,BANK000912,"Vivek Jain","118, Market Road"
BR0913,"Lucknow Branch 913",Lucknow,"Uttar Pradesh",BANK000913,"Rahul Agarwal","922, Station Road"
BR0914,"Indore Branch 914",Indore,"Madhya Pradesh",BANK000914,"Riya Singh","243, Market Road"
BR0915,"Bhopal Branch 915",Bhopal,"Madhya Pradesh",BANK000915,"Manish Singh","84, Station Road"
BR0916,"Bengaluru Branch 916",Bengaluru,Karnataka,BANK000916,"Karan Tiwari","881, Station Road"
BR0917,"Delhi Branch 917",Delhi,Delhi,BANK000917,"Manish Gupta","757, Main Road"
BR0918,"Lucknow Branch 918",Lucknow,"Uttar Pradesh",BANK000918,"Vikas Choudhary","937, Station Road"
BR0919,"Mumbai Branch 919",Mumbai,Maharashtra,BANK000919,"Nikhil Yadav","469, Market Road"
BR0920,"Hyderabad Branch 920",Hyderabad,Telangana,BANK000920,"Rahul Verma","950, Main Road"
BR0921,"Surat Branch 921",Surat,Gujarat,BANK000921,"Riya Kumar","754, MG Road"
BR0922,"Bengaluru Branch 922",Bengaluru,Karnataka,BANK000922,"Ankit Saini","865, MG Road"
BR0923,"Ahmedabad Branch 923",Ahmedabad,Gujarat,BANK000923,"Simran Gupta","770, MG Road"
BR0924,"Udaipur Branch 924",Udaipur,Rajasthan,BANK000924,"Vivek Kumar","696, Market Road"
BR0925,"Hyderabad Branch 925",Hyderabad,Telangana,BANK000925,"Rahul Jain","561, Market Road"
BR0926,"Ahmedabad Branch 926",Ahmedabad,Gujarat,BANK000926,"Nikhil Kumar","437, Main Road"
BR0927,"Jaipur Branch 927",Jaipur,Rajasthan,BANK000927,"Komal Rathore","117, MG Road"
BR0928,"Kolkata Branch 928",Kolkata,"West Bengal",BANK000928,"Nikhil Patel","411, MG Road"
BR0929,"Udaipur Branch 929",Udaipur,Rajasthan,BANK000929,"Vikas Jain","45, Station Road"
BR0930,"Delhi Branch 930",Delhi,Delhi,BANK000930,"Arjun Yadav","24, MG Road"
BR0931,"Chandigarh Branch 931",Chandigarh,Chandigarh,BANK000931,"Amit Verma","782, Market Road"
BR0932,"Kota Branch 932",Kota,Rajasthan,BANK000932,"Rohit Mehta","906, MG Road"
BR0933,"Surat Branch 933",Surat,Gujarat,BANK000933,"Rohit Patel","407, Market Road"
BR0934,"Hyderabad Branch 934",Hyderabad,Telangana,BANK000934,"Vikas Singh","320, MG Road"
BR0935,"Chandigarh Branch 935",Chandigarh,Chandigarh,BANK000935,"Arjun Verma","33, MG Road"
BR0936,"Jodhpur Branch 936",Jodhpur,Rajasthan,BANK000936,"Kavita Singh","803, Station Road"
BR0937,"Jodhpur Branch 937",Jodhpur,Rajasthan,BANK000937,"Komal Jain","279, MG Road"
BR0938,"Ahmedabad Branch 938",Ahmedabad,Gujarat,BANK000938,"Pooja Gupta","783, Main Road"
BR0939,"Delhi Branch 939",Delhi,Delhi,BANK000939,"Deepak Mehta","411, Market Road"
BR0940,"Bhopal Branch 940",Bhopal,"Madhya Pradesh",BANK000940,"Nikhil Verma","483, Station Road"
BR0941,"Ahmedabad Branch 941",Ahmedabad,Gujarat,BANK000941,"Pawan Gupta","335, Market Road"
BR0942,"Mumbai Branch 942",Mumbai,Maharashtra,BANK000942,"Komal Tiwari","573, MG Road"
BR0943,"Ahmedabad Branch 943",Ahmedabad,Gujarat,BANK000943,"Simran Joshi","179, MG Road"
BR0944,"Surat Branch 944",Surat,Gujarat,BANK000944,"Manish Singh","624, Station Road"
BR0945,"Bhopal Branch 945",Bhopal,"Madhya Pradesh",BANK000945,"Rohit Agarwal","775, Main Road"
BR0946,"Bengaluru Branch 946",Bengaluru,Karnataka,BANK000946,"Vivek Yadav","726, Main Road"
BR0947,"Pune Branch 947",Pune,Maharashtra,BANK000947,"Suresh Tiwari","816, MG Road"
BR0948,"Kota Branch 948",Kota,Rajasthan,BANK000948,"Shreya Malhotra","302, MG Road"
BR0949,"Lucknow Branch 949",Lucknow,"Uttar Pradesh",BANK000949,"Neha Verma","938, MG Road"
BR0950,"Ahmedabad Branch 950",Ahmedabad,Gujarat,BANK000950,"Vikas Gupta","821, Station Road"
BR0951,"Alwar Branch 951",Alwar,Rajasthan,BANK000951,"Manish Singh","135, Main Road"
BR0952,"Chandigarh Branch 952",Chandigarh,Chandigarh,BANK000952,"Vikas Agarwal","625, MG Road"
BR0953,"Kolkata Branch 953",Kolkata,"West Bengal",BANK000953,"Arjun Gupta","378, Station Road"
BR0954,"Kolkata Branch 954",Kolkata,"West Bengal",BANK000954,"Komal Gupta","9, Station Road"
BR0955,"Kolkata Branch 955",Kolkata,"West Bengal",BANK000955,"Vivek Mishra","852, Main Road"
BR0956,"Mumbai Branch 956",Mumbai,Maharashtra,BANK000956,"Vivek Sharma","581, Main Road"
BR0957,"Pune Branch 957",Pune,Maharashtra,BANK000957,"Deepak Bansal","532, MG Road"
BR0958,"Hyderabad Branch 958",Hyderabad,Telangana,BANK000958,"Ankit Mehta","872, Market Road"
BR0959,"Hyderabad Branch 959",Hyderabad,Telangana,BANK000959,"Simran Patel","681, Main Road"
BR0960,"Lucknow Branch 960",Lucknow,"Uttar Pradesh",BANK000960,"Rahul Jain","115, Market Road"
BR0961,"Lucknow Branch 961",Lucknow,"Uttar Pradesh",BANK000961,"Anjali Choudhary","840, Main Road"
BR0962,"Chennai Branch 962",Chennai,"Tamil Nadu",BANK000962,"Suresh Tiwari","416, Main Road"
BR0963,"Lucknow Branch 963",Lucknow,"Uttar Pradesh",BANK000963,"Sneha Yadav","244, MG Road"
BR0964,"Chennai Branch 964",Chennai,"Tamil Nadu",BANK000964,"Simran Yadav","420, MG Road"
BR0965,"Bhopal Branch 965",Bhopal,"Madhya Pradesh",BANK000965,"Neha Kumar","317, Market Road"
BR0966,"Delhi Branch 966",Delhi,Delhi,BANK000966,"Meena Kumar","891, Station Road"
BR0967,"Ahmedabad Branch 967",Ahmedabad,Gujarat,BANK000967,"Suresh Rathore","154, MG Road"
BR0968,"Kolkata Branch 968",Kolkata,"West Bengal",BANK000968,"Rohit Bansal","242, Market Road"
BR0969,"Hyderabad Branch 969",Hyderabad,Telangana,BANK000969,"Pooja Mishra","780, Station Road"
BR0970,"Indore Branch 970",Indore,"Madhya Pradesh",BANK000970,"Riya Malhotra","85, Main Road"
BR0971,"Chennai Branch 971",Chennai,"Tamil Nadu",BANK000971,"Pawan Sharma","461, Main Road"
BR0972,"Jaipur Branch 972",Jaipur,Rajasthan,BANK000972,"Kavita Verma","875, Main Road"
BR0973,"Mumbai Branch 973",Mumbai,Maharashtra,BANK000973,"Pooja Tiwari","765, MG Road"
BR0974,"Chennai Branch 974",Chennai,"Tamil Nadu",BANK000974,"Suresh Jain","162, Station Road"
BR0975,"Delhi Branch 975",Delhi,Delhi,BANK000975,"Deepak Patel","484, Main Road"
BR0976,"Mumbai Branch 976",Mumbai,Maharashtra,BANK000976,"Vivek Malhotra","211, Station Road"
BR0977,"Mumbai Branch 977",Mumbai,Maharashtra,BANK000977,"Vivek Verma","587, Main Road"
BR0978,"Chandigarh Branch 978",Chandigarh,Chandigarh,BANK000978,"Shreya Malhotra","932, Main Road"
BR0979,"Delhi Branch 979",Delhi,Delhi,BANK000979,"Pooja Mishra","288, MG Road"
BR0980,"Bengaluru Branch 980",Bengaluru,Karnataka,BANK000980,"Suresh Singh","724, Station Road"
BR0981,"Mumbai Branch 981",Mumbai,Maharashtra,BANK000981,"Arjun Mishra","740, MG Road"
BR0982,"Udaipur Branch 982",Udaipur,Rajasthan,BANK000982,"Simran Rathore","417, Station Road"
BR0983,"Kolkata Branch 983",Kolkata,"West Bengal",BANK000983,"Arjun Sharma","453, Market Road"
BR0984,"Alwar Branch 984",Alwar,Rajasthan,BANK000984,"Nikhil Gupta","712, MG Road"
BR0985,"Jodhpur Branch 985",Jodhpur,Rajasthan,BANK000985,"Arjun Rathore","156, Station Road"
BR0986,"Indore Branch 986",Indore,"Madhya Pradesh",BANK000986,"Meena Verma","810, Station Road"
BR0987,"Chennai Branch 987",Chennai,"Tamil Nadu",BANK000987,"Ankit Yadav","575, Station Road"
BR0988,"Kolkata Branch 988",Kolkata,"West Bengal",BANK000988,"Suresh Tiwari","52, Main Road"
BR0989,"Indore Branch 989",Indore,"Madhya Pradesh",BANK000989,"Rohit Choudhary","823, Main Road"
BR0990,"Jodhpur Branch 990",Jodhpur,Rajasthan,BANK000990,"Manish Sharma","999, Station Road"
BR0991,"Pune Branch 991",Pune,Maharashtra,BANK000991,"Pooja Mehta","534, Station Road"
BR0992,"Hyderabad Branch 992",Hyderabad,Telangana,BANK000992,"Priya Singh","665, Market Road"
BR0993,"Chandigarh Branch 993",Chandigarh,Chandigarh,BANK000993,"Neha Mishra","5, Main Road"
BR0994,"Jodhpur Branch 994",Jodhpur,Rajasthan,BANK000994,"Manish Rathore","663, Station Road"
BR0995,"Kolkata Branch 995",Kolkata,"West Bengal",BANK000995,"Riya Jain","986, MG Road"
BR0996,"Indore Branch 996",Indore,"Madhya Pradesh",BANK000996,"Pawan Malhotra","794, Station Road"
BR0997,"Indore Branch 997",Indore,"Madhya Pradesh",BANK000997,"Deepak Choudhary","790, MG Road"
BR0998,"Lucknow Branch 998",Lucknow,"Uttar Pradesh",BANK000998,"Rahul Gupta","853, Market Road"
BR0999,"Jaipur Branch 999",Jaipur,Rajasthan,BANK000999,"Kavita Patel","793, Market Road"
BR1000,"Delhi Branch 1000",Delhi,Delhi,BANK001000,"Meena Jain","269, Market Road"
